true_A (Shape),true_w (Loss Aversion),true_a (Learning Rate),true_c (Consistency),contraction_A (Shape),post_std_A (Shape),ess_A (Shape),contraction_w (Loss Aversion),post_std_w (Loss Aversion),ess_w (Loss Aversion),contraction_a (Learning Rate),post_std_a (Learning Rate),ess_a (Learning Rate),contraction_c (Consistency),post_std_c (Consistency),ess_c (Consistency),post_corr_A (Shape)_w (Loss Aversion),post_corr_A (Shape)_a (Learning Rate),post_corr_A (Shape)_c (Consistency),post_corr_w (Loss Aversion)_a (Learning Rate),post_corr_w (Loss Aversion)_c (Consistency),post_corr_a (Learning Rate)_c (Consistency),max_post_corr,mean_contraction,min_ess
0.019371518866990962,2.031519656136959,0.38356788738155073,2.794945379181694,0.9607954022944336,0.056586531238468185,448.14275114588355,0.8416637200572578,0.5731920274656565,414.66255917104553,0.9522083637449555,0.062477050915762285,419.2419339998326,0.8029775660611632,0.6393928309550417,483.220673021634,-0.2955453878587562,-0.40980569542355655,-0.6186408628990352,-0.33876158206927537,-0.36765668503788346,0.33099799897630483,0.6186408628990352,0.8894112630394525,414.66255917104553
0.17247624580030474,1.8721158572332017,0.13852341583862784,3.2606549472237907,0.9821814138603598,0.03814882728151822,395.5706969006117,0.7948586087643814,0.6524339785185183,445.3986125041151,0.9893572336025337,0.029483011133754025,394.9690585981848,0.8393715748830604,0.5773260090173136,407.48930475199177,-0.48072143403215034,-0.2912363399788893,-0.47348900569336067,-0.20678614994119207,-0.1289030272496353,-0.07708479246833395,0.48072143403215034,0.9014422077775839,394.9690585981848
0.3552316750365121,2.967786790149256,0.7488290995600974,2.8391328901066752,0.4441368068707663,0.21307305390130907,301.83410835351054,0.5037948565306083,1.0147067594836698,306.2505506473641,0.5964162750842937,0.18155632936499436,308.74147287157837,0.16413959807660738,1.3169727785700012,312.7231699192001,-0.009070046376793664,-0.9012056011629094,-0.25153400518168956,-0.2672152975691115,-0.006964461834695673,0.19037829061126654,0.9012056011629094,0.42712188414056895,301.83410835351054
0.24496201315674163,3.6457255562933977,0.8940188627515993,2.3439607877829394,0.8774202567559314,0.10005848554450196,248.8240964631071,0.5105490539864741,1.0077771538073037,243.18140552905908,0.8872001881543176,0.09598398112443615,315.37332252375194,0.2843866448550403,1.218566237580222,259.0070832123558,-0.5056005934402992,-0.6304448785436116,-0.7358619485269954,0.0840262345371872,0.038197793702198855,0.4484884608491888,0.7358619485269954,0.6398890359379408,243.18140552905908
0.2809341154702506,3.4520447139848116,0.8387812711848543,4.219979946483809,0.6992103310344298,0.15673862387032414,298.32030391133515,0.4543473003201939,1.0640648001608872,263.53586851333444,0.8225543969033406,0.12038633490940594,308.3570239794554,0.13023970264416418,1.3434135122946462,261.60870438294995,-0.33689412551339804,-0.7058636122519518,-0.6467311308223953,-0.18318930345980675,-0.0888845184914336,0.4921501046249222,0.7058636122519518,0.5265879327255321,261.60870438294995
0.5436676442559122,2.0838999658563724,0.2577900895584904,1.7307986492513376,0.8838173103813574,0.09741263354720804,349.5866071493576,0.87428261677967,0.5107490752091922,367.8526361783021,0.9010638358963484,0.08989221992567402,353.44072689371325,0.4940265586141406,1.0246458448268863,346.3708259813552,0.5874419996634944,-0.9802443017748296,-0.5795641126754578,-0.6009224411317174,-0.6390318834858335,0.5880036534984859,0.9802443017748296,0.7882975804178791,346.3708259813552
0.6178661103639437,2.9079520593773296,0.6079292391423466,2.3032141920872173,0.5464511642948946,0.19246714305619667,264.7097921315048,0.5065136831663348,1.0119230305788227,226.95641674992208,0.7258004153390297,0.14965042959238287,286.8111170515212,0.12543964025148313,1.3471154495740782,246.98037134153174,-0.15464865982477435,-0.8595446167474465,-0.18608118890105269,-0.25057541104979125,0.01874597480629133,0.10245969045496293,0.8595446167474465,0.47605122576293557,226.95641674992208
0.6446811543403026,2.5561164446533255,0.06789211018313963,4.39402079054474,0.8694692637389206,0.1032525926266438,345.19393327022595,0.9848062587913573,0.17755883425626498,432.5825393257144,0.9455158871481759,0.06670824474660335,330.9249762607571,0.7177865901418155,0.7652419076567544,296.46975111160407,0.42321333271423195,-0.9469361494745714,0.003558252833113846,-0.5659154469491191,-0.04792421140674269,0.010605958286248062,0.9469361494745714,0.8793944999550674,296.46975111160407
0.7789743289544323,3.9011215572139717,0.7139723950640764,4.937456170643425,0.576262083998869,0.1860343900718154,247.9960743729635,0.468671951000343,1.0500048235165542,320.23760567264327,0.7537360895029055,0.14182244141831077,259.01396235962756,0.16280924292126775,1.3180204086158955,270.3797788230456,-0.12617257411135885,-0.35042399515677414,-0.16454574822829637,-0.12077949215324904,-0.1114954241624626,-0.0030868581707179403,0.35042399515677414,0.4903698418558463,247.9960743729635
0.8807880196787673,3.3084715092866595,0.3008999595697612,1.1262488986033676,0.44645325201257424,0.21262862140801503,300.43760536999764,0.5279490227553634,0.9897018296137302,279.0755896472257,0.6071670436694473,0.17912183481724914,304.1377437599162,0.17570277604008278,1.307831643928362,303.1554497764566,0.05284385415632156,-0.9230974406434683,-0.20314805583813317,-0.2924882795619677,-0.047564748468703205,0.16046711915846892,0.9230974406434683,0.4393180236193669,279.0755896472257
0.8155236463943574,1.5025066117472956,0.4324343739979054,1.0197265570149403,0.671797636718668,0.16372516001214593,295.21179462282896,0.9734328930463032,0.2347913293149447,353.2185722890446,0.596775406013941,0.18147553199759842,321.72006577681464,0.08378971644881072,1.3788197755524159,301.31069125076414,0.5490259323415524,-0.6848278187083351,-0.7922452175818067,-0.9237003871475105,-0.3201585841351366,0.4302468012176677,0.9237003871475105,0.5814489130569307,295.21179462282896
0.3749115340189138,0.7682422585609096,0.8136064513972735,4.835912427613881,0.8752271183073717,0.10094961670182519,345.1131781723383,0.9925509723203013,0.12432535747226062,366.3778210736411,0.7032667808829838,0.15567814770025462,408.4396695358099,0.24965297338046044,1.2477885770944666,334.81413242556744,-0.29286948062424983,-0.31143828629946935,-0.8610874466231675,-0.7598375030976146,0.4010877427366226,0.14126787680145073,0.8610874466231675,0.7051744612227793,334.81413242556744
0.6432949034377774,4.620957476593605,0.20602090879549645,0.9056071028633914,0.6426096113994743,0.17085040236694773,231.39493228801874,0.7142835386900728,0.7699766478203154,277.96157951120847,0.63977910411417,0.1715256297801444,228.0871012449472,0.7115620575431094,0.7736350135868778,284.4322883059474,0.3101992693040255,-0.9704729812792905,-0.5166536005229061,-0.3026303368653559,-0.3416194545775368,0.4976484339050002,0.9704729812792905,0.6770585779367067,228.0871012449472
0.566088656712661,3.0308063116568835,0.8689968566545323,1.704358960092323,0.5855799695032791,0.1839775964372284,278.9502744660961,0.45490635536400337,1.0635195602652223,274.7095682784469,0.7183947372710031,0.15165787099056485,283.98353517914484,0.138957899776181,1.3366635826995736,247.42235583855856,-0.14489543795186016,-0.46415188750700886,-0.04135870532072187,-0.1685082179552891,-0.11847857333921775,0.0032348929371166847,0.46415188750700886,0.4744597404786166,247.42235583855856
0.8469567338221704,3.1752198143219506,0.5674268018871355,0.033317158424319565,0.8413682311950628,0.11382552313582066,253.18582894842345,0.6946981993154733,0.7959295073070639,330.54523625149596,0.7170527336331203,0.15201880798281148,348.1523925732008,0.9993410285965231,0.036977982011501244,254.85806789379362,-0.05247365406811424,-0.3067240056785252,-0.8019041764263573,-0.2650864501010184,-0.15064846705069332,0.009837374949590466,0.8019041764263573,0.8131150481850449,253.18582894842345
0.20516418235386766,0.6044262690261266,0.8261041625458362,0.9375126786932434,0.8862877455064851,0.09637140854920521,300.1058054054838,0.7856990578827687,0.6668404912229305,316.89057220060243,0.796796873386582,0.12882785167094463,379.9236322770909,0.9365846247513074,0.36274982026528624,284.01302224704847,-0.11134018745120021,-0.3676163484469808,-0.6823014885481683,-0.06807212711152463,-0.41054544886456945,0.17078270312399718,0.6823014885481683,0.8513420753817857,284.01302224704847
0.5903433056107035,3.5630388272925746,0.12749218191071474,3.096588242975584,0.9653695152447815,0.05318312554168345,385.57065422908255,0.7138225669800102,0.7705975333002442,327.99750309007425,0.9758871055976223,0.0443781551026426,409.6988327898903,0.5591188380207068,0.956468548942785,381.6797286504939,-0.18687254413577503,-0.910026457201112,0.13297462932572632,-0.10105215071240711,-0.12025494592735753,-0.13030085797768745,0.910026457201112,0.8035495064607803,327.99750309007425
0.7366004433750699,3.089421034852295,0.7653673754901777,3.739000306448582,0.5750534407446586,0.18629951751730334,280.38209241534264,0.4791680203415628,1.0395819823649093,323.3146595514697,0.745128448102675,0.14427970751707953,276.1151933651568,0.1357763592815283,1.339130783887258,339.77901196380867,-0.11531525400580767,-0.37149248224754,-0.17981306732438995,-0.10103219298503813,-0.04488608300085838,0.005770338244517275,0.37149248224754,0.4837815671176061,276.1151933651568
0.7072447967477465,4.346015719552837,0.5935228028572782,4.1915000108030265,0.5613753534937571,0.18927405528333088,247.10171938047097,0.4964936373049331,1.0221447541706703,247.7829503326754,0.7301318142608029,0.1484637466530093,256.8128914590064,0.12360853584867071,1.3485249687626144,279.8880793305384,-0.04727210961884276,-0.40599258141978734,-0.1174389096117822,-0.19310968073626247,-0.027709758396087372,-0.0966203243881148,0.40599258141978734,0.47790233522704095,247.10171938047097
0.9772934217981097,4.809244195497786,0.7973513974683695,2.8707762816653424,0.5619070823750103,0.18915929542853832,266.7922641496948,0.46780137754617457,1.0508646804323611,274.1177111295936,0.735913579391658,0.1468647622923427,325.5624018418846,0.07752440523044901,1.3835261278499376,285.2301086418543,-0.13671780483195523,-0.39846280063249345,-0.18142395051175603,-0.2274745137800744,-0.03525727485406831,-0.004005479757683079,0.39846280063249345,0.460786611135823,266.7922641496948
0.6325566483697129,0.5155998262065771,0.32596351713364713,0.2540537145613898,0.8841271893646753,0.09728263878329034,347.60384611484324,0.955188275099656,0.3049339315314955,442.3249861274192,0.8529956821900443,0.10957453014787759,342.0381767379884,0.9921060644126395,0.12798430421957868,373.6580264687107,-0.41590134511507915,-0.4568892290464963,-0.7152714612306011,0.03685565265663537,-0.11721208597487823,0.15523390016830446,0.7152714612306011,0.9211043027667537,342.0381767379884
0.059275150475974786,1.2606866146567608,0.9487499494489015,0.4330206744018952,0.4874391431035734,0.20460549354065652,271.10246186384734,0.4233528104322103,1.0938682387501752,217.62139053156275,0.3741464592616568,0.22608977849474793,293.0547332804684,0.9414941691909113,0.34842515190130746,247.15455674979026,-0.26750866190609907,-0.3161464464114559,-0.47771763464321415,-0.006552315080275807,-0.35199706360255045,-0.013926601047165362,0.47771763464321415,0.5566081454970879,217.62139053156275
0.5319157855399939,2.476435717349711,0.21259292644411842,2.5700536132836214,0.9210737093286623,0.08028888335617523,482.22090078990016,0.9538248339475567,0.30953813069130964,435.1400051018541,0.9326376930416742,0.07417423016669106,465.199473838601,0.5970790823182929,0.9143654968686519,443.06716796737254,0.3319326095949335,-0.9530778349680703,-0.22966242037424744,-0.4008210816897946,-0.3706794676841491,0.2655057637778313,0.9530778349680703,0.8511538296590465,435.1400051018541
0.3644222210485654,1.7639583694083802,0.096115030317436,0.5620966028472388,0.7635737052031315,0.13896084926170477,300.1302541582559,0.6185315317413731,0.8896910983822156,329.01791933738275,0.8760596807793242,0.10061225358945447,293.46480124489176,0.9765574303111219,0.22055277703799064,289.31442245373654,-0.4723815554370693,-0.6965280348644528,-0.6469030427427099,0.1967126957096199,-0.1932443727841829,0.40216187447151464,0.6965280348644528,0.8086805870087377,289.31442245373654
0.7470253686539963,0.01987890857434768,0.6479853816918213,1.8519233203056527,0.38754769676174317,0.2236560794322046,275.38585347957184,0.9073004690755081,0.4385798663463838,305.7871060381472,0.07988576760779742,0.27413560500349665,237.06529287158006,0.34319471511978195,1.1674229908237317,284.1039823394459,-0.10212902659897767,-0.16142888834127042,-0.32109424565176875,-0.5457312589922045,0.18582124243904044,-0.0376083854268725,0.5457312589922045,0.4294821621412077,237.06529287158006
0.19225824863595273,4.665684614022844,0.35885093174400057,4.303835386465808,0.9597465395988383,0.05733848078092833,373.01728797415535,0.7627745080257186,0.701601648177749,375.9791099783106,0.9442576685304247,0.06747410557226798,387.54955271510875,0.7373817418113342,0.7381971784198084,332.3977526596733,-0.24748293583857314,-0.8936230316464314,-0.33341290756606035,0.1865711254205022,-0.11378701251053472,0.3543950935389569,0.8936230316464314,0.8510401144915789,332.3977526596733
0.7962474947169661,4.423453596437401,0.0451513211287765,1.5768802872680219,0.9960706757878836,0.01791445101097477,453.43663192459246,0.9230361845696416,0.39962552268733065,398.681354124475,0.9987874632419638,0.009951579759646839,437.6488674437798,0.9012034961924742,0.4527731978649074,383.5215325842973,-0.6003258589762559,-0.8549486463366056,0.4539724598366769,0.5370186469832325,-0.415202877271732,-0.5964365342187835,0.8549486463366056,0.9547744549479908,383.5215325842973
0.07190678284764464,1.114750118490538,0.4780027533185599,4.141602068096717,0.9651589485007448,0.053344567494747454,440.73300440303467,0.9927194146455204,0.12291165641260345,480.1578701417934,0.9241157156210202,0.07872641822573394,543.1184920575635,0.7450014877414541,0.7274091269183286,454.96287481631936,-0.21131105825729313,-0.5117900834025731,-0.8082018416175765,-0.37632583824478494,-0.0355285585444538,0.3465247346939741,0.8082018416175765,0.9067488916271849,440.73300440303467
0.17996062796618753,0.4730987984980483,0.9015343320781084,3.1643753911666797,0.8992857681914955,0.09069638847804032,329.24616103477615,0.9889165520311357,0.15165172896297532,328.70541996222977,0.6879928594608093,0.15963453011030662,306.55908174468317,0.4740262356640256,1.0447008873892325,325.4936077517151,-0.33384296990388507,-0.36893141363136905,-0.8700624569534391,-0.6288845062349611,0.33554194930007125,0.24683679953933854,0.8700624569534391,0.7625553538368666,306.55908174468317
0.4874036921014124,0.6244814070617484,0.03296092618468489,4.519597288848948,0.3504498577559946,0.23033021483899835,280.7563534212566,0.9632586993791885,0.27611321041501996,317.98515450002293,0.16270858233386598,0.2615067428153268,252.04046912824506,0.2926443161995671,1.2115151416786325,307.5101437952702,-0.28940606636953853,-0.23394214316515113,-0.31560160793545045,-0.4150388855361797,0.22266401950162146,0.029912207599723798,0.4150388855361797,0.442265363917154,252.04046912824506
0.08998239232237423,2.3727726545824144,0.6838255498097155,2.4715055524759015,0.9793011341917524,0.04111666164572005,507.22204707375624,0.6944080243272164,0.7963076642358928,392.05381218816007,0.857534797732257,0.10786957585537224,443.69703225077086,0.7528415828415638,0.7161394942727511,395.48111095040355,-0.12118695823070377,-0.7343520042684105,-0.43834297235382774,0.052503937366748944,-0.42804456061245805,0.15462126987348832,0.7343520042684105,0.8210213847731973,392.05381218816007
0.9591137770971788,3.7306485885437826,0.47042768316580325,3.113562390310913,0.5567356108736446,0.19027248613999626,293.2628903746271,0.4223673510774065,1.094802521060209,287.9401260968505,0.767846271944048,0.13769951248631884,322.5573783618902,0.14829906639860013,1.329393295729554,299.6665755669467,-0.10368806667546163,-0.3701272774555538,-0.1555015342401917,-0.16212610308986547,-0.020488790046863933,0.02660216009373871,0.3701272774555538,0.4738120750734248,287.9401260968505
0.9395763106195467,2.675276535848332,0.7112111296114849,0.06363650609299783,0.5853366461429081,0.18403159898853777,205.2047657816093,0.8208765328632283,0.6096578442080123,325.0627071356393,0.8196931334471859,0.12135305239548405,334.892255573393,0.9405707164476094,0.3511641476791734,224.8618660171735,-0.19899467078485056,-0.6176128161410118,-0.8132880234001109,-0.003455974073706281,0.1516327787853918,0.38713163965451697,0.8132880234001109,0.7916192572252329,205.2047657816093
0.8947162886319941,0.9906911967537116,0.8476639640476012,3.4519620868356182,0.6116721669367006,0.17809176220545683,292.25273803059804,0.4392669132796023,1.0786685439561812,291.00430853444254,0.7279556976823298,0.14906112300595256,262.7287433964828,0.13703755702083587,1.3381533023295415,297.70958523339186,-0.11234924997389108,-0.3873532398407939,-0.13854508678742367,-0.1768179409880977,-0.09681841642203425,0.037223422370948875,0.3873532398407939,0.4789830837298672,262.7287433964828
0.4013124549295362,2.629697865722342,0.9724509212502221,1.2700444598290983,0.5785754542927236,0.1855258735881381,280.12638147193627,0.4318758776031255,1.0857542485945895,237.57659105248914,0.7503818170035246,0.14278503106501442,310.0473762520681,0.14420909771811785,1.332581424838932,261.6076943584946,-0.1290551731768836,-0.3558888032358158,-0.17426707880483075,-0.13895100354818915,-0.06299498632652954,0.053203499783115796,0.3558888032358158,0.4762605616543729,237.57659105248914
0.9071955779702688,3.6902328058087273,0.4021876139886065,2.0612332560460223,0.5323267050088698,0.19544108157805654,344.2233605714836,0.5212101609010341,0.9967411429481982,234.86436382322051,0.7223306459921428,0.15059430430328943,302.9338101780499,0.17017922164980004,1.3122061691098006,318.5418011843437,-0.09700723716713622,-0.886389597464442,-0.19135361849112353,-0.273345700633538,0.035004063252502125,0.1366825058357497,0.886389597464442,0.4865116833879617,234.86436382322051
0.33744406549672123,4.0043503201860196,0.05621746692630873,1.611657608118012,0.9430316115124651,0.06821211864265331,351.5496704445189,0.7495610331641589,0.7208765103509481,252.49431813668244,0.995400296122024,0.01938248730771394,202.25831332449064,0.5844343192562984,0.9286023102440142,199.67940369166237,-0.5960516369780132,-0.1367133984500247,-0.4311759639839156,-0.4741797737191633,0.7162931503391309,-0.671999963523924,0.7162931503391309,0.8181068150137365,199.67940369166237
0.44601026378890973,4.165827179560965,0.981919709950476,4.406381577485196,0.5522936197458204,0.19122347818000834,292.7082893072897,0.4777796533481037,1.0409666522703345,271.45401939698036,0.728948155484628,0.14878897607280253,283.26363118545305,0.18521401006258664,1.3002644804051915,291.995011411853,0.010717992653216758,-0.405594043027568,-0.10302825080317263,-0.23512765572167535,-0.06976561638375241,-0.028815947818938537,0.405594043027568,0.4860588596602847,271.45401939698036
0.028584696469126293,3.1138176886460482,0.4489376442936406,1.4235552193573133,0.9852765617107806,0.03467761269568582,393.00765800329435,0.5473836085054591,0.9691144329512563,300.9485233091005,0.9045797103039918,0.08828053104122942,352.06649019041043,0.811163462572377,0.6259691596238026,314.6038918762804,-0.12864101012282286,-0.23117082631565727,-0.22316083492648883,0.01420949480656259,-0.7856015502314003,-0.2200016746537842,0.7856015502314003,0.8121008357731521,300.9485233091005
0.29943715843893476,3.229013720981709,0.31216901498716493,4.8654013353499375,0.9447726347065879,0.0671617082893179,407.1132019130581,0.7678683329959661,0.6940282007699173,434.2837165499803,0.9419585234051727,0.06885156208019189,402.3184300423148,0.6493324683717532,0.8530170281758991,359.0110101151291,-0.14054489019822308,-0.9486134873341268,-0.3048959940448377,0.11753754176543858,-0.18351942578593,0.3472265693351752,0.9486134873341268,0.82598298986987,359.0110101151291
0.9197333646350366,4.854491008927634,0.25461991340241286,4.798533113446808,0.43300591104472486,0.2151958229506839,257.32790642236955,0.342786631860173,1.167785603468466,201.42803032744763,0.57180551247702,0.18701011942790527,277.4815025922972,0.17038331496212045,1.3120447915090308,286.0390109834206,-0.22834697759260708,-0.7808261907997368,-0.19580861935978952,-0.25976627143458003,0.043053820796648684,0.13894986932634765,0.7808261907997368,0.3794953425860096,201.42803032744763
0.6596740412125398,1.1786969435097996,0.7820782034097029,2.0155682515439914,0.7446911065173031,0.14440344135511202,349.1827605921839,0.98764350613174,0.1601244133398203,368.27694964198236,0.7740229503977683,0.13585534780148434,366.4437460245385,0.247029083022141,1.249968370594512,285.84480789633255,0.5586601233800677,-0.7209906882167768,-0.19470671369170492,-0.890488950944771,-0.12057475721144911,0.2218445729250946,0.890488950944771,0.6883466615172381,285.84480789633255
0.3929603249610551,4.489540164103057,0.4631208814901407,2.446385390600301,0.6243999830059419,0.1751488834905598,211.48113939302294,0.6644045624529089,0.8344838701490044,302.2556784422221,0.6442025363275068,0.17046922844153098,212.2962964777517,0.31720834821292077,1.190293395507436,247.78435595064263,0.13131711475167843,-0.9618682177015389,-0.3637448009339069,-0.14895334266996904,-0.15333813055279652,0.28590529364805,0.9618682177015389,0.5625538574998196,211.48113939302294
0.05970225026219274,0.8614914258545568,0.275670382605938,1.7856512106316869,0.912876048081531,0.08435549047300332,301.46716442395996,0.8502265251769359,0.5574775406867513,326.0020814116367,0.9195590610663934,0.08105562094884178,347.14629012193626,0.7526475599803353,0.716420528957077,294.21955384364855,0.006860355159212537,-0.4410010091895891,-0.6873077548097195,-0.2631464679078127,-0.547881569090013,0.3701840029368765,0.6873077548097195,0.8588272985762988,294.21955384364855
0.47095477654298,1.5238831029679287,0.7343487603174933,1.5527717730038704,0.5192785072626038,0.19814875200042725,264.2104894364718,0.5993627814111651,0.9117705672017061,277.62848284971017,0.6132314146253635,0.17773385780563433,287.99369499827816,0.2750261526174298,1.2265099978261742,285.41522287776087,0.13346655444536895,-0.9353638779005362,-0.14743193158913684,-0.2551002779518788,-0.12879488297117914,0.09923756881781504,0.9353638779005362,0.5017247139791405,264.2104894364718
0.4242725340285313,1.584325741699011,0.28206330223217413,3.8203857927652685,0.9044651547281374,0.08833350716222796,390.2964498117351,0.988453221189345,0.15478908958730275,417.2067083742436,0.948769393202424,0.06468585479215694,418.9623238094624,0.6393348861254409,0.8650913921848523,407.0583153332003,0.5634813871173247,-0.8894735518201967,-0.5159710696657746,-0.715717606544771,-0.2541068089067852,0.5165772009153006,0.8894735518201967,0.8702556638113368,390.2964498117351
0.23005707692210123,1.657080459353614,0.39114266225659683,1.3496346915799162,0.9336072857194404,0.0736384745826847,434.3133421911954,0.7973344855038715,0.6484848737316502,411.52770325245297,0.8331915760117483,0.11672222594364988,435.5468931179606,0.9004941564727763,0.45439570259230205,382.9771143389629,-0.18255619076099328,-0.7112687810436997,-0.6031760058235476,-0.06779566844056865,-0.48002338433690656,0.33408823443586066,0.7112687810436997,0.8661568759269591,382.9771143389629
0.13218715347809878,4.776892299313458,0.023345882846758256,2.6972256097101446,0.9377437921457474,0.07130761373441179,284.79266716327317,0.6471413557263926,0.855677875930211,336.2307766910056,0.9290967050611714,0.07609879508986216,287.4826668547244,0.8675761745013568,0.5241951367969412,299.31313732406153,-0.16606229975215345,-0.3186651454039967,-0.41957828534460684,-0.1414078099030637,-0.22870100907184404,-0.41947924005937604,0.41957828534460684,0.8453895068586672,284.79266716327317
0.2094992511611411,3.7609274776609674,0.5452155180957476,0.5528161082510779,0.9676362276956694,0.05141314134495384,398.5829143946971,0.6403029209600096,0.8639296478785984,326.74236414214295,0.9093651330680212,0.08603837955627343,484.1302365335483,0.9478572291869163,0.32893264350051793,313.00027162358987,-0.03988335007744032,-0.47402304399999984,-0.556365951113593,-0.04897044663239822,-0.662054255386876,0.08702542599071447,0.662054255386876,0.866290377727654,313.00027162358987
0.7691518881401747,4.108059354162211,0.6628515854492738,0.3438148487222853,0.5702676942548957,0.18734563264653753,279.8686371362283,0.4976881481557085,1.020931573862325,282.08497717729813,0.7277770435744207,0.1491100599089786,304.0568194215834,0.13248578041132508,1.34167776866566,266.3516961485625,-0.15864784889784742,-0.4364236849452453,-0.16486749544084725,-0.15344040957997507,-0.026310460428427725,0.0311598847758258,0.4364236849452453,0.4820546665990875,266.3516961485625
0.5104064208674447,1.0422094449878074,0.5140640012207152,0.11170130653897922,0.6897550337377885,0.15918309464093894,257.2647984545766,0.46433006274250177,1.0542862911588355,295.7127003851458,0.7918660394866965,0.1303815217924843,327.45387438013574,0.9238743240523435,0.3974435959630249,233.26200379306982,-0.0540967592633204,-0.5035029919999066,-0.668625972236305,-0.009595371859325613,-0.46850201373118594,0.28036197081025993,0.668625972236305,0.7174563650048326,233.26200379306982
0.16745855209252367,2.8358140606688598,0.24629496004391344,1.0739848321867185,0.9683207718167671,0.05086650137237226,290.4579424307888,0.6488542584574764,0.8535984652723139,249.15538524528964,0.8219789649036616,0.12058137518494902,248.44774252294428,0.8025320711499576,0.6401153004966463,245.66437604907324,0.11470145179415438,-0.4770193700529116,-0.47793251552865557,-0.3598535980490528,-0.7529890525177009,0.230678650641634,0.7529890525177009,0.8104215165819657,245.66437604907324
0.5509180551555214,4.97473413641213,0.4937160097185362,0.8579326227394248,0.40654142929213033,0.22016068850402257,283.2217106560691,0.36184312906813887,1.150730561494539,213.6925933860286,0.5318777657478659,0.19553486513290422,267.65620196250734,0.17406255029090412,1.3091321900245427,254.09865786909003,-0.08590684566416978,-0.7745856481566353,-0.22456230093349033,-0.3920931194171156,-0.022242692175705524,0.1406233043769254,0.7745856481566353,0.3685812185997598,213.6925933860286
0.555180761266668,1.9614170126790769,0.627849936634334,3.3663246982046138,0.4230282727551914,0.2170810121192541,274.9188740107924,0.5242366678143476,0.9935858689512768,300.379249628621,0.569038226937123,0.18761343985682494,283.1320378803329,0.17444826749289355,1.3088264684632631,280.183981849362,0.00848878628257132,-0.9344550771020333,-0.2337718359676752,-0.2188324634653373,-0.04416712946304883,0.20563228463938457,0.9344550771020333,0.4226878587498889,274.9188740107924
0.1140820825247022,1.4509246851978477,0.6146171307450355,4.481160848128136,0.9798554337973151,0.04056238953272215,445.59915926901766,0.9719888775425545,0.24108776933975706,387.78523571540757,0.9252273257725339,0.07814766898333113,433.5820695477237,0.825239142721647,0.6021878736682265,417.1334558179704,-0.17906015843021683,-0.6567712893310873,-0.3209477849609208,-0.1576510198267661,-0.29549315558098344,0.1620093321754224,0.6567712893310873,0.9255776949585126,387.78523571540757
0.8085969861925505,0.7100058613395577,0.08685704260632393,4.004214399473357,0.48977580372886986,0.20413858339482163,303.32983917453805,0.9482847602705112,0.32758136912684815,285.3544789265606,0.10230840659346374,0.2707747419747249,275.8970246555676,0.25375590311257934,1.2443724200343744,272.5578975543685,0.1702032905764143,-0.093770836173496,-0.21099574066966173,-0.4161157524017526,0.12269099135702614,-0.039924561174991394,0.4161157524017526,0.448531218426356,272.5578975543685
0.2619069605530243,0.6988875284781869,0.18795389103527607,2.1816794587501853,0.8136742132156718,0.12336190107002246,366.3587351840619,0.9978933690795435,0.06611563139836749,458.30053477766796,0.976496857441874,0.04381345875909528,370.8726344921359,0.7379445123567874,0.7374058045983884,377.4178270254578,0.23250249996334113,-0.750401327875531,-0.9139400960248847,-0.48595629179155786,-0.33862587571410596,0.7032263783226349,0.9139400960248847,0.8815022380234692,366.3587351840619
0.6655903660507385,4.517870365915128,0.4972831723463638,3.5942525639257696,0.5268133898360895,0.19658971586819435,321.47005779778175,0.5635519261594748,0.9516477238381712,282.7170607099148,0.7329184692891145,0.14769524034582687,352.1682343760286,0.13301078059594762,1.341271730550365,240.83915039851348,-0.15801442296240373,-0.9049285859826364,-0.16445557003471284,-0.17563625656656384,-0.13897307836770934,0.17516439676090345,0.9049285859826364,0.48907364147015653,240.83915039851348
0.7261232959507589,0.9329241407725908,0.4177411981918062,2.957754427056454,0.7587626217222786,0.14036759907768206,302.84367521859207,0.9757166447330979,0.22447308199451388,294.59833470822275,0.36819620611606696,0.22716200136790093,254.29934637681694,0.23228454354313188,1.2621473645247632,296.8535605533581,-0.018243695918983782,-0.2860716556185346,-0.17104045526909303,-0.7767431037394148,0.13351628515849995,-0.01417997626582087,0.7767431037394148,0.5837400040286438,254.29934637681694
0.3221729221446026,0.11854925689622858,0.14024860797918226,0.4008680512966056,0.7860940531024174,0.1321770336059183,266.9109275004247,0.5509558197613802,0.9652825576120039,278.4775242343301,0.46448662121516837,0.20913645118020704,289.51617621992347,0.8638321917776303,0.5315537007614117,259.89568011807967,-0.0837672327584221,-0.12335474467750418,-0.48828850235865184,-0.2909539461016087,-0.40888551653927774,0.09987116243758244,0.48828850235865184,0.6663421714641491,259.89568011807967
0.8262096106085433,4.0965466238152795,0.8740486424290952,2.134897220507115,0.5537169708086309,0.19091926673126805,271.2228770980108,0.45020647637789224,1.0680946321036215,273.5368991594437,0.7352549208591241,0.1470477961032774,293.77897441710314,0.10689887425478706,1.361320049962792,246.47728390119653,-0.1770990349093645,-0.37649819378420946,-0.22205310619680182,-0.16824472456524203,-0.03959815056064854,0.09915678079084979,0.37649819378420946,0.46151931057510864,246.47728390119653
0.8598034093875674,0.3889212956141405,0.6795007884841503,0.779402281199877,0.6741179268582553,0.16314539013975235,235.3176259363151,0.9541268340164188,0.30852423193699724,264.9244881056519,0.10617809719762694,0.27019049559779823,260.10057779043353,0.25998847100508604,1.2391650775531033,285.0179568362649,-0.042242530965491874,-0.21501983007930234,-0.13939980458511977,-0.6984430396917914,0.16819984923636064,-0.0904240786657105,0.6984430396917914,0.49860283226934676,235.3176259363151
0.9437432945106478,0.8370484838899619,0.5363850815429891,1.375140084527822,0.7003005785169079,0.1564543072262044,282.4080786094007,0.959356739892256,0.2904050678232096,330.5390471519467,0.33290490607864975,0.2334202043440676,265.3717592618,0.13005254124110122,1.3435580473082924,279.51081187768256,-0.08654576887562661,-0.25343047044144446,-0.17281264145832395,-0.7908797002595706,0.02662971515520139,0.03461403810004687,0.7908797002595706,0.5306536914322287,265.3717592618
0.42798793608967656,4.23982641965532,0.2951552968094257,0.671373887415852,0.8791117925903617,0.0993657100824133,373.05159117179767,0.8159151757715056,0.6180433191244186,403.2851111822363,0.8775717526834684,0.09999663544128728,376.50548239808734,0.877437666631987,0.5042993784364651,331.6292470091047,-0.06224957577334393,-0.943191041701479,-0.6822439598677064,0.042366739742412014,-0.20820103913012936,0.6461212092078144,0.943191041701479,0.8625090969193306,331.6292470091047
0.1504159692421033,4.2767498581196985,0.22714106731614372,3.323637760178553,0.9842886636524246,0.035822107645813055,404.2452868700299,0.8735404930733973,0.5122543613303112,372.7204773588412,0.9561693538583598,0.059831998325465194,341.8594547568814,0.7549460717659321,0.7130841066815048,385.6276373475645,-0.11666958648963907,-0.46913145135870365,-0.4224576979347281,-0.20524680049957436,-0.13564702778976218,-0.18430442719648796,0.46913145135870365,0.8922361455875285,341.8594547568814
0.22635288488249228,0.19126116067525514,0.4425276867281517,4.744784949330555,0.4195776542977835,0.217729178304674,306.18313065004793,0.9456012903063947,0.33597287976384604,329.44951868097587,0.1269978215365366,0.2670251915569079,295.7538497706839,0.2372796257218459,1.2580346309344148,269.3885652948957,0.1578919101570334,-0.10167051097206836,-0.3190834211025693,-0.42255025381829137,0.09292807673430416,-0.07464528278575899,0.42255025381829137,0.4323640979656402,269.3885652948957
0.08153783511929596,4.592539967035509,0.7909406746975889,1.2439151460639266,0.9843802369826906,0.035717560729125165,407.1502087944859,0.7895803205513888,0.6607742340264162,384.1528691902603,0.882578072996176,0.09793077089473627,413.42683690555947,0.8814887858328984,0.4958949051867616,381.84242768063444,-0.08771925386683413,-0.6761923262707823,-0.49941918726711776,-0.01938757428746519,-0.36257018777040173,0.20396554370366507,0.6761923262707823,0.8845068540907884,381.84242768063444
0.6945513095746451,1.7474432293611337,0.5336251001627591,4.961644490153309,0.4391918032833929,0.2140187128893847,253.2351258929335,0.501220606314003,1.0173354404489168,283.90362262312055,0.5428951408974823,0.19322018364342305,246.54062085611793,0.15178430665606646,1.3266705062496769,287.74797324234896,0.0625540340282766,-0.9062469974954868,-0.2494251166400204,-0.33397435975742445,-0.06394454761950805,0.19881981829338677,0.9062469974954868,0.40877296428773613,246.54062085611793
0.0483025282595826,2.8012155189204013,0.15112685465651263,4.631057840204082,0.9823864640369234,0.0379286903251915,395.85907044863256,0.9212206547481605,0.40431151095672613,439.9033189549446,0.9698628714525703,0.04961300206711263,369.39817209706814,0.8424433294203897,0.5717791570396269,384.01841260796664,-0.31827874859514244,-0.2862189728011769,-0.6656959940152353,-0.47176445537792916,0.04951894848376141,0.02902362300087955,0.6656959940152353,0.9289783299145111,369.39817209706814
0.4641938582041775,0.4540265720451046,0.5622756117390867,2.6157416213520035,0.4169767209369678,0.21821646665060168,266.97690829915587,0.983083039285177,0.18735750440783067,291.83219896587104,0.015198248848486529,0.2836083267911925,299.49804539956295,0.20079086357725406,1.2877754533121584,312.5743484083987,-0.04991065626754276,-0.16878842159090623,-0.34811684035223267,-0.3390881033287103,0.21358378412170914,-0.0356034937002231,0.34811684035223267,0.4040122181619714,266.97690829915587
0.7619695968860735,1.823735891706051,0.8867101994316094,3.2410555599659725,0.5590325364342732,0.18977886496322693,316.1284274818278,0.4582674450510076,1.0602356181326478,274.2960226031162,0.7541608946124221,0.14170006680496106,282.1857828723048,0.10539924212554985,1.3624624866746975,264.7168054992785,-0.16281677422999266,-0.3965281419743688,-0.22843250838876727,-0.18542641089392334,-0.019751007013555647,-0.010355601921539469,0.3965281419743688,0.4692150295558132,264.7168054992785
0.9634214985246968,1.3157493580167139,0.19761238421271682,4.253121264351533,0.8089719688703434,0.12490882451818487,313.99032178706625,0.978042286419164,0.21345359837955702,303.0691799421677,0.26788417342636683,0.24453130706599,309.5396511397138,0.22026745548726367,1.2719872356415896,279.4877631651073,-0.0019476714331289047,-0.2641422984520014,-0.24710000700264123,-0.8513684091823861,0.00654737824235155,0.11953793279752016,0.8513684091823861,0.5687914710507844,279.4877631651073
0.6087148458076954,0.09129097803526431,0.9533174694168036,4.086212904595036,0.466826524309888,0.20867904453248268,274.90878552137815,0.9460491890580064,0.33458688302850115,301.4826881031208,0.12931265910309853,0.26667093686368304,216.4170545002181,0.29073598928699285,1.213148273197845,262.48807282461183,0.22782469151904003,-0.17186115198617918,-0.2101266195033225,-0.4273255416047588,0.10662695498106867,-0.011164439304158924,0.4273255416047588,0.4582310904394965,216.4170545002181
0.44129253910596994,3.370294810528874,0.11462227890622646,3.7764184471166704,0.920732731893209,0.08046212849920235,354.1710869488826,0.782922677915554,0.6711462227435312,417.0622841161633,0.9397914483383324,0.07012512714403232,373.90323828026413,0.6878052153513381,0.8048644480713377,387.8010094856527,-0.15035689649631856,-0.8626575258218381,0.12191968173639346,-0.20607898725928675,-0.015677023332785478,-0.23534833504498778,0.8626575258218381,0.8328130183746084,354.1710869488826
0.14606594560338074,0.2702403038823159,0.6687878147306473,1.9340285250593123,0.9358633141301675,0.07237654190701959,400.6683070912965,0.9956280154062729,0.09524654568638506,426.43985418213316,0.835020475745895,0.11608058685005873,368.7583884186367,0.7107515126688477,0.7747212541399663,369.5497538607501,0.10006699177543155,-0.18862563460663045,-0.7831284129581433,-0.33930352995494006,-0.3463968594465985,0.06773209616527741,0.7831284129581433,0.8693158294877958,368.7583884186367
0.5764094486627289,0.35258584480018396,0.34783745107187736,3.6954195146226927,0.3654633259913993,0.22765276815723645,269.8538886714333,0.9207399930184522,0.40554306181559796,310.8484499836344,0.12010486268714649,0.26807729359277577,271.4406677361966,0.31703254757509924,1.1904466200452275,319.1422134772805,-0.14957327584926797,-0.09135332464199794,-0.3373344340047143,-0.5381340331596971,0.11827280890126468,0.055258383836835324,0.5381340331596971,0.4308351823180243,269.8538886714333
0.2688100357731867,2.183807802277305,0.5232824852654175,3.6369351403136436,0.9452652993934386,0.06686147375014179,503.6597327811739,0.599233342471844,0.9119178439382958,332.43346712356663,0.8831253005292529,0.0977023084644026,465.7660830194717,0.5454661043229718,0.971165084479615,428.61334436232994,-0.4919443348582783,-0.9595156202226838,-0.5355364913343001,0.49600898863371834,-0.07734057459716534,0.5426953142506181,0.9595156202226838,0.7432725116793768,332.43346712356663
0.2511257353112014,3.2796623241813263,0.5826396446786125,1.862912217475559,0.9414960547667856,0.06912531900051377,302.25345456631857,0.6391441877423627,0.8653200665455334,404.63659641994485,0.8547811986840053,0.10890705026527837,330.80669691547774,0.7626521120314185,0.7017826197861224,339.9279233385928,-0.3537232128163953,-0.8719668520122353,-0.6992609191826185,0.1973222818332084,-0.1291054292267106,0.5620000449863787,0.8719668520122353,0.799518388306143,302.25345456631857
0.2947975575887642,4.388103220255449,0.8082727147467201,0.2863523262104558,0.9576723284564934,0.05879721569356751,326.0745146567306,0.6326879965191546,0.8730266136585509,332.09313292572125,0.9314363313690883,0.07483273104350603,429.5908533708268,0.9864252445614378,0.1678324481677445,273.02383521279626,-0.19056651221058568,-0.21462197267740163,-0.6660021139218303,-0.05141562766963554,-0.44200734872071423,0.01785593868301868,0.6660021139218303,0.8770554752265436,273.02383521279626
0.6754940033789698,2.2863870408177855,0.9283562257760665,0.7111519894569045,0.5838678056980904,0.18435725363979705,282.29003404602327,0.4486941894986102,1.0695625979836205,295.7690252365404,0.7605807744954957,0.13983763886407832,275.1174803763334,0.12478636246945496,1.3476184887878546,279.3117041438635,-0.0957140538034325,-0.39208690782487554,-0.15550973118423447,-0.2065791586295473,0.015404345880525114,0.017682331931681373,0.39208690782487554,0.4794822830404128,275.1174803763334
0.8711620307516887,0.2355025696278261,0.07604922407045357,2.7277818039874826,0.40255873450799495,0.22089820134862914,300.49099576831,0.911084866367967,0.42953421661832175,308.151754130068,0.10442848099081614,0.27045480919198883,324.033714337109,0.31860302604880897,1.1890771208196877,293.2934863335324,-0.13675997233625403,-0.14420339623818657,-0.288949567394474,-0.5477713760282114,0.19060645296895554,-0.031931369257454864,0.5477713760282114,0.4341687769788968,293.2934863335324
0.3138710294209085,1.4002263510678956,0.3287365209033239,2.2277956176878915,0.9691317686471373,0.050211181979167296,437.68248471930195,0.9915065822113152,0.13275508536399927,504.74349227168096,0.9728695859000465,0.047073098173093526,432.6489461848985,0.8513441240441493,0.5553937174719898,471.1074661899151,-0.16751333194251433,-0.6478938957538797,-0.7082203015064397,-0.16017920064933988,-0.15928119731326262,0.330469612681101,0.7082203015064397,0.946213015200662,432.6489461848985
0.5172906566546315,3.547954254235164,0.6957245576931282,4.686558943788103,0.5861138620139352,0.18385905014442946,279.44076411130607,0.4337113125477636,1.0839989601174838,285.5038176844531,0.7355658626436905,0.14696141727874218,250.08095885288083,0.11789135219987368,1.3529164035854768,281.9958004417758,-0.16411429830652607,-0.4133624137618039,-0.15404791093757572,-0.19119199114351543,-0.011571753358664968,0.03443787087160712,0.4133624137618039,0.46832059735131576,250.08095885288083
0.7132343040697825,1.0627601404124623,0.15916307010615793,1.165128531821572,0.36017991135773597,0.22859856898033484,264.96292021380145,0.8974494220719085,0.4612952457905235,266.2787630670043,0.12214334289791018,0.2677665820613416,337.6890747534678,0.29923588696098224,1.205857111873917,260.9423960853799,-0.08209119752968018,-0.217662848198964,-0.3678486976681961,-0.42430904190603186,0.1812679794888996,-0.0039011232423930165,0.42430904190603186,0.4197521408221342,260.9423960853799
0.921628154606572,2.714374186143505,0.3419794620631024,2.3865566544908674,0.4502227802757641,0.2119034082335085,264.62291413094727,0.34255693445953894,1.1679896573551796,210.36003976752107,0.5574138274434854,0.19012686723225974,256.075164183649,0.2118492461733381,1.2788351661231687,264.4504339792438,-0.058594909097356374,-0.7700272924455509,-0.20024448259674538,-0.4079233565207508,-0.03591470177781439,0.2241454489593501,0.7700272924455509,0.39051069708803166,210.36003976752107
0.3353396614926258,4.902251875729136,0.6356712466567574,3.8538380987703484,0.5142923699647379,0.19917371986065335,256.77386745605276,0.49254251405776783,1.0261474124815182,264.43919843713513,0.6543370432617857,0.16802387327875065,285.5943278227634,0.21743542443037522,1.2742951054125708,272.4717893030002,-0.10713932981248757,-0.9168666012275218,-0.17573904212021468,-0.08189653841070808,-0.021942332517379905,0.141644836460687,0.9168666012275218,0.4696518379286667,256.77386745605276
0.8833520213641675,2.2062670859082765,0.913075015210297,4.578129533704097,0.5697592555395969,0.18745642908100918,291.6386759048591,0.457504882863361,1.060981568572786,250.04839782236692,0.7257402015737673,0.14966686018107866,306.8372847255378,0.11186319350676888,1.3575313162551754,254.64680625163103,-0.0666687564728464,-0.4521173302933606,-0.14813218685261814,-0.13732641704889764,-0.022301647962565296,0.010350819541898886,0.4521173302933606,0.4662168833708735,250.04839782236692
0.49600505116199467,3.997257045041536,0.4073998805928773,3.025370770186434,0.5794094819948652,0.18534219853576084,314.9173839502619,0.6019229012169811,0.9088527368523027,325.6168086470079,0.6870842123379222,0.15986681005543396,308.25438810179554,0.21655523601323612,1.2750115348415096,349.5847434445855,0.10250839955537071,-0.926305739271333,-0.22785409355157663,-0.23599419352957693,-0.05160888963603932,0.165949226806117,0.926305739271333,0.5212429578907511,308.25438810179554
0.47960698894642284,1.9320330584965495,0.8567867469854858,0.5000545114229288,0.7495598690996303,0.1430199206099895,245.7484380767947,0.722769483345908,0.7584560846295233,319.09826639476603,0.776545084136676,0.13509507856741854,328.5931226939245,0.985511313236737,0.17339015477479383,249.41960876138822,-0.4922156074487946,-0.16677091185605758,-0.8368356588010265,-0.3154954235535499,0.21985115243798942,0.1388301667319725,0.8368356588010265,0.8085964374547379,245.7484380767947
0.6864828106782743,3.924476387907166,0.17276384910862042,2.0012861132637303,0.8926482006529333,0.09363737614687669,276.7096828496624,0.7871814758218025,0.6645300679107464,320.1572514295573,0.9352036642080304,0.072747788459919,274.36975181896275,0.6873712446143077,0.8054236603582863,293.80367069225764,-0.0836772369307055,-0.9820614105030423,0.1236925026380364,0.054423669295598685,-0.4547117171789157,-0.11965341840663583,0.9820614105030423,0.8256011463242684,274.36975181896275
0.3817830528718171,2.548925293933794,0.6028317415690069,0.9773424509469583,0.7500247970133364,0.1428871047503439,194.6030718739813,0.5699258966956537,0.944673143636136,203.9493833271951,0.5809307926182965,0.18500669585963808,223.5546090075101,0.2345820263813737,1.2602573839266975,210.80815844451834,-0.36675445837762904,-0.7823016666806184,-0.778850481697594,0.048084271082251225,0.05627453753194481,0.5349152732384858,0.7823016666806184,0.5338658781771651,194.6030718739813
0.09973233811258013,3.473501923576063,0.10133421798019575,0.18394027877749833,0.6319472917536266,0.1733802322816028,233.71025579766447,0.23217326778971614,1.2622388315578164,278.63199882498776,0.590543195284738,0.18287259096190173,258.2578329447902,0.9380014985348201,0.35867451428060404,241.7988275389705,0.19746478869640338,-0.37268014944775785,-0.4939362888851606,-0.22903442073819363,-0.511839826607585,-0.029638510128737104,0.511839826607585,0.5981663133407252,233.71025579766447
0.8386206079513686,2.88331144579056,0.37405359744439626,3.9317144206781407,0.4120269708351908,0.21914081581721784,258.70295288738777,0.4938349702270275,1.0248398191038601,263.9470356361275,0.5297659599896236,0.195975419932826,247.74649726347832,0.1740641478175845,1.309130923963406,281.9296797218742,0.0926678035027796,-0.8983472609513081,-0.2825377413721146,-0.36630584762412527,0.0035858298248110263,0.20203207957808336,0.8983472609513081,0.40242301221735655,247.74649726347832
0.4122944990240567,1.2398091541903196,0.7610106379890673,2.9176886831369986,0.6942034450001396,0.1580377601385618,315.12550381313287,0.9749722702381022,0.22788757715231583,365.9557931494584,0.6689384700500485,0.16443676735652005,354.3190606210907,0.09375755772416361,1.371298880529957,333.2515754247194,0.5541819165302826,-0.7007687475459938,-0.6727856102516335,-0.8887680930485801,-0.3490378198782283,0.4495442256864221,0.8887680930485801,0.6079679357531136,315.12550381313287
0.033917430107763914,3.8389779144117147,0.9368051337545036,3.490975568307216,0.9879565989858548,0.0313631117370441,339.7402281854832,0.6144040820811412,0.8944913319764191,364.20026250320956,0.9151308378776514,0.08325676438790318,367.09108739880793,0.6004611437193271,0.9105198824149122,357.24181562238795,-0.4714684104213229,-0.6891521929173493,-0.38390109107392756,0.2523406301405315,-0.29228802631018846,0.24602495754729473,0.6891521929173493,0.7794881656659937,339.7402281854832
0.9924949313731549,1.6359285049574106,0.9970609229017442,2.5339861954661163,0.5541789729634181,0.1908204191988185,309.5310808201908,0.5076786804686694,1.0107278766835186,329.30313181703923,0.7403016995037995,0.14563948191691417,274.27650870181134,0.0940090060827552,1.3711086252749025,270.0431043346832,-0.11963426151463144,-0.39638520877023414,-0.15613596082305434,-0.19756321622332626,0.03135003421267845,0.035508879709957385,0.39638520877023414,0.4740420897546605,270.0431043346832
0.12784572947468037,2.4154237695347436,0.7255941736635639,3.9723752679771285,0.9797690788660025,0.040649237183731354,350.97896662853805,0.6261590018712602,0.8807514896148553,362.19602194891564,0.9052124942879926,0.08798732595680023,388.58700864352295,0.5964365913448573,0.9150942224644557,337.3859002375557,-0.4774040410107363,-0.8707658128326677,-0.5136086480152025,0.4234374439435281,-0.14452526169078803,0.4076387805153194,0.8707658128326677,0.7768942915925281,337.3859002375557
0.9889270620855511,2.1225239422560573,0.013592968548487044,0.642357971335814,0.9764715619958322,0.04383702971222398,240.52722497228905,0.9456902937131524,0.3356979194545217,323.2687397435535,0.9844060116857966,0.03568807918006462,209.0717024520886,0.9839813537361758,0.18231517897902574,196.32317621575564,-0.22704241489032356,-0.6976483693785307,0.4507450683840573,-0.10325793980467254,0.08582806564790633,-0.7225077706078413,0.7225077706078413,0.9726373052827393,196.32317621575564
0.787772196003164,2.321063791381238,0.2301647169502955,3.51378347936559,0.6619486271797856,0.16616361176590683,315.3718408618163,0.9209453454879167,0.4050173661725636,259.9314488195938,0.6184774845635302,0.1765243650272496,293.42185098085764,0.1463327913501249,1.3309269596194588,263.44873791320344,0.7240576126260235,-0.8512413411458113,-0.2960869157240024,-0.8297207375513694,-0.2786393874347708,0.11213033325185308,0.8512413411458113,0.5869260621453394,259.9314488195938
0.5958285448391564,4.7357615846353305,0.9657603739901943,1.4805145974291074,0.5859357992616059,0.18389859595795813,281.36184024814577,0.48087012550679975,1.0378818890681532,302.18626247149217,0.732168802042988,0.14790237690158653,290.7535233317976,0.1370208021177265,1.3381662927674698,306.9441407090222,-0.1127185985400104,-0.4168294092970754,-0.12457293780989416,-0.15179631359509801,-0.12137309145315871,0.10716892476856986,0.4168294092970754,0.48399888223228005,281.36184024814577
