true_Loss Aversion,true_Perception Shape,true_Learning Rate,true_Forgetting Fact,true_Exploration Weight,rmsse_median,rmsse_p90,n_successful,convergence_rate,bias_Loss Aversion,std_Loss Aversion,shapiro_p_Loss Aversion,bias_Perception Shape,std_Perception Shape,shapiro_p_Perception Shape,bias_Learning Rate,std_Learning Rate,shapiro_p_Learning Rate,bias_Forgetting Fact,std_Forgetting Fact,shapiro_p_Forgetting Fact,bias_Exploration Weight,std_Exploration Weight,shapiro_p_Exploration Weight,pct_normal,corr_Loss Aversion_Perception Shape,corr_Loss Aversion_Learning Rate,corr_Loss Aversion_Forgetting Fact,corr_Loss Aversion_Exploration Weight,corr_Perception Shape_Learning Rate,corr_Perception Shape_Forgetting Fact,corr_Perception Shape_Exploration Weight,corr_Learning Rate_Forgetting Fact,corr_Learning Rate_Exploration Weight,corr_Forgetting Fact_Exploration Weight,max_error_corr,nll_median
1.7664060576381153,0.17229899129042991,0.25195872019554405,0.24668289665760915,19.89750342500311,0.2832509742113569,0.4237677832591297,30,1.0,-1.0471796239119822,1.4681801121758482,7.307400346394976e-09,0.14683702126532702,0.3409366581783023,0.000122369347494807,-0.027739058329078598,0.3398737084686054,3.7681048502148235e-07,0.09500746137221322,0.10147700410257857,0.0005060439202118392,-0.07679015365889276,0.572731836208314,1.7580500123344196e-10,0.0,-0.04254307316137391,-0.06783350273342097,-0.24022528675771349,0.048024691107446796,0.10291393260489007,0.09520923700344493,-0.02403640862415364,0.3042221423683842,-0.4025618534940601,-0.48835602244426346,0.48835602244426346,7.043964953763903
4.003216444653326,0.9002789126740772,0.7862965698082859,0.11227224319988982,3.9133494687287143,0.1652081570567347,0.24251028096945135,30,1.0,0.5186557510922019,0.8279402202488024,1.541391364545942e-07,0.08971137960347467,5.227768528504214e-05,7.76637667465555e-12,0.07612758612037133,0.16477103920510386,1.8024451674432687e-05,-0.02157755246580647,0.14430361848534676,5.837115578898464e-08,0.7621720785002571,2.504034170137242,0.004868570965899339,0.0,-0.10723733686497873,-0.04458373684927216,-0.10812819959011195,-0.32156912838295626,-0.1437767196367662,0.10384097115679625,0.005275097246859939,-0.39663813019532207,-0.15886885651275878,0.03832016801611739,0.39663813019532207,4.227872895144312
3.007431311839064,0.7618097431930881,0.9849151880682129,0.23136846809497297,10.173393431439862,0.11852478492224079,0.24583150857356054,30,1.0,0.11062778669094324,0.41092115826974,0.9516739010698813,0.06670108429589658,0.08016526191351143,0.055260425706201675,-0.03135592621392021,0.056071104027860016,1.1996295784966695e-06,0.018903053028562267,0.036576875717051115,0.40065374949801624,4.28247014688516,4.917034551332207,0.0010836007615356847,60.0,0.19016034104785656,-0.3014763478060564,0.43032567784410003,0.2448408083143725,0.0067463667230625085,0.365206141126286,0.97273656162244,0.06750604396704815,0.06254650539859885,0.46881662586519646,0.97273656162244,7.9698880486694215
1.9447607877829398,0.8072287748475238,0.6953745908901791,0.20993747013799857,18.80119277189827,0.03511707972927622,0.05696977833109439,30,1.0,0.0032681036260497455,0.16814263368989452,0.6210296808715496,0.002771281470034966,0.025706977913253,0.06192901637330236,0.004082907998087955,0.02933195270722847,0.6978810895212131,0.0005465377738900203,0.012591145978185416,0.2150977777500368,0.45309265637552004,1.2962306653782893,2.0794529276402181e-07,80.0,-0.7675406455536984,-0.18633208491425676,-0.38728632888691783,-0.23465862381891767,-0.1471264760419662,0.1851013309054637,0.7291828602360942,0.5637195503108181,-0.003509911795212028,0.01941339664381158,0.7675406455536984,11.488677073046885
2.5454453791816936,0.7815487575790803,0.07632012072872894,0.025223706505521234,3.2527011389349547,0.04422594345908504,0.10047977753694717,30,1.0,-0.14461104239285644,0.39351185543441825,0.07017701238674336,0.035172062816485695,0.06268938700137777,0.9326768380252046,-0.0009267436079169411,0.01574279254102262,0.3710071685296629,-0.0013385225759179242,0.006164219109501732,0.9681799090663065,0.5422743042393023,0.8838545304025659,0.38662772776309207,100.0,-0.8628974116303371,0.560138768884757,0.38085732190588256,-0.4041772546580078,-0.4714962270745103,-0.2914077392585019,0.7347501575273248,0.4674108661995151,0.08029246632758469,-0.24770774393442727,0.8628974116303371,55.18549926532319
2.145987528478187,0.03482613416347506,0.2639410307907022,0.28854398148886906,10.27636759312849,0.3488465256996722,0.47467547204531924,30,1.0,-0.496164621921551,1.858840136727451,4.541387998978599e-05,0.3508247500826987,0.32337366317696814,0.005347201322121653,-0.06677453241430428,0.3053966520740216,3.9972267160872397e-07,-0.04369123985863354,0.16014060680758307,0.0002841850455695106,5.0907368371510975,4.306970646669546,0.0011818775806320824,0.0,-0.45596700363668263,-0.011714602148329424,-0.19024701597633203,0.4565838978691108,-0.30908084135600544,0.22896047940508193,-0.04760044043296345,0.3270534362986217,-0.30566588866092603,-0.6478787257062139,0.6478787257062139,25.39374048721119
4.613536368420199,0.33371840462214475,0.20339447437769673,0.35500862811274425,7.424163418396534,0.0780016638537549,0.16656509327198465,30,1.0,-0.2562675275557964,0.9349795705547869,4.541883770383954e-06,0.02313967125419536,0.05093135957717877,0.016544645383822134,0.010625563909196323,0.04084930888830209,0.06967807428897656,-0.012977215402832896,0.06618360536224209,0.5348218106018154,0.3821159926317554,0.9524108169951047,0.26663862024555424,60.0,-0.7371215043789581,0.035123536197170825,-0.32169305076194077,0.06290952548779437,-0.46665410616922853,-0.0975928586788899,0.33246207851388687,0.2037123799422485,-0.008150506977311497,0.023226932268048592,0.7371215043789581,38.04702789914176
3.3347909780352643,0.47908138835755115,0.06413809172298585,0.03169509048123413,17.765763120690448,0.15358283928033672,0.21037846699836357,30,1.0,0.14869322550485478,1.4049147888932552,0.0007190508162050607,0.01074785624761258,0.10901062428362346,0.9679932243463765,0.013373875767886149,0.036111230532048635,0.05246694487200378,0.0010807070161313501,0.010639323483247764,0.00282090678368121,0.6599023035494529,2.6767099928726394,1.877775818068616e-07,40.0,-0.8422374983086848,-0.010385133798995408,-0.08715182871977392,-0.2111300359392283,-0.42409014818692814,-0.039132704184258696,0.23110253775840292,0.2271535723029799,0.11719068627861469,-0.7249470607142088,0.8422374983086848,52.59322493980935
2.3419779144117143,0.6798315033047628,0.934137402000378,0.09176940345722799,15.2359312657011,0.07769635028605223,0.12629501418834926,30,1.0,-0.07752602833173768,0.4026155574827488,0.005557136995323211,0.03113831566530829,0.044742799718115685,0.5488775599948783,-0.01331921999737115,0.055917718002152124,0.013881550836550986,0.0035389684083165624,0.013542489018280863,0.015663807521391616,1.6647351335138367,2.62075209093796,0.011494504261848223,20.0,-0.7029674751146504,-0.24540611946317442,-0.30283307652825225,-0.16207313235000967,0.10359150423182986,0.0958929025720307,0.7558074931066632,0.2550438958464537,0.26974271201556477,-0.1802973077678191,0.7558074931066632,16.592232741958583
4.570142450946958,0.22664422293096095,0.4971743845814836,0.3966276842854479,12.2040789643782,0.1360348002116935,0.33584126925050445,30,1.0,-0.7948829034948822,1.4563067527132887,6.58745021484794e-05,0.08609031999294464,0.11436335977592062,0.003495034475411871,-0.04865437358957998,0.10774862668364452,0.9493143696585319,-0.027013634740834975,0.10905042138287596,0.014351673300192913,2.0539885398356685,2.7765514829195994,0.17259269648792158,40.0,-0.7777983364785831,0.0917142486342328,0.22810350925398207,-0.1096884526517307,-0.5263743511001615,-0.5629541614930015,0.5022142924667145,0.37419447253149274,-0.3069573034759451,-0.118171619528487,0.7777983364785831,25.6346795799605
3.5612104181659507,0.5685278497564401,0.26779097833757876,0.30734649953454557,9.393645281936355,0.1403813341829204,0.2543862455591378,30,1.0,0.03495296145724326,1.0385191579460136,0.0015964821822052582,0.07407683834565634,0.0694813317760085,0.09619103098028615,-0.0020799025398356773,0.03138825441509628,0.526829784719117,-0.0013683320634190986,0.04757315033947671,0.4558829164409788,3.9603503309836183,3.6247493496341305,0.03272830971883462,60.0,-0.6399956745728835,0.2760522630829866,-0.07724715943518785,0.2723331998669355,-0.1932728650557991,-0.04117043901582824,0.5075037313072492,-0.033353908362622406,0.27312958005327953,0.05726574916453199,0.6399956745728835,14.17704858362531
2.6656416213520036,0.49241165012180993,0.9452263362796616,0.44035167355252974,2.5858054383001585,0.06243514924663515,0.11231815303765832,30,1.0,0.033665267106610046,0.5782478979346525,0.07481562006722303,0.018529207184056838,0.043007743783656405,0.02979657389115714,-0.0030178444289078493,0.05979059827078797,5.515840887330245e-05,-0.016268144647838354,0.05788670281689434,0.0785348264263917,0.318820962685929,0.595041932461753,0.0673927849856123,60.0,-0.4952999266288466,0.04779795805929692,0.22758539004937925,0.2979279563881552,-0.36426938394049974,-0.526651754522349,0.6093822090828325,0.40762983852461393,-0.098961485702268,-0.46491339577438534,0.6093822090828325,21.74867642641121
2.9706466922066554,0.7697832571797973,0.33558767418121627,0.47239031732465053,8.585375786609546,0.05743884996671987,0.0980435514144866,30,1.0,0.06872908695672722,0.3035592634712068,0.7787247270399265,0.014633313049868682,0.04576890863698592,0.21145011829053528,-0.0009586419805537298,0.03854441021992319,0.7198004222065462,0.004353774836836466,0.025828587237611653,0.0001810076118097594,0.9961817237782346,1.770547066894167,0.671596332932967,80.0,-0.22375665641141598,-0.19523356874014627,0.4415565636647639,0.0891027049072599,-0.5097485987416732,-0.009165397418138758,0.8381697775313504,-0.0043378200344411305,-0.16532964366248412,0.1360376400061765,0.8381697775313504,12.423421795413077
3.6194823316682836,0.2220542364165768,0.9640901218232095,0.10669432974424585,10.71730019389245,0.13376036549543407,0.24487302397930452,30,1.0,0.18311274159823626,1.3336060306539137,0.00032462291307726885,0.02295642969875829,0.07061519176276355,0.0018283705952297203,-0.042650924453701354,0.0749207566666146,0.0002770931808228981,-0.00544535412635101,0.03853776369335982,0.06316308420347164,1.5820534973899238,2.946634746291307,0.006088658118720249,20.0,-0.9032723197199881,-0.061959048555343746,-0.4131395313427851,0.3322108509992554,-0.0802253136621318,0.4071704701701635,-0.11819566043312625,0.4808622214159704,-0.32790286365530485,-0.7004644972604636,0.9032723197199881,45.41810315430327
1.48611144579056,0.980602973590091,0.42873203269391746,0.17367939148915157,3.1183678510146757,0.3052778566326926,0.41433514292925555,30,1.0,0.6516135862033764,1.4273020917785961,0.00014277009242742508,0.006609049322849506,0.015013716092330296,7.76637667465555e-12,0.1491766363324398,0.18666900939240255,0.005289125611773588,0.16505561107727304,0.1759932631584027,0.0001466438187680244,-0.4984582197989341,1.1598077958652464,0.00011900405102947725,0.0,-0.3611985694823091,0.38064952485183895,-0.37305958580912646,-0.7172069937488695,0.5398003213594946,-0.0034479099600931255,0.4178692825724556,-0.281090460440547,-0.25932715113281996,0.5242878173034725,0.7172069937488695,4.467600558518168
0.9253521749375583,0.9467144841877702,0.45222929199979284,0.3496557720305226,13.121079001772545,0.07250539946488964,0.11084634975054168,30,1.0,-0.0050526810964955406,0.07195781899980012,0.30541147204778,0.026806238763700876,0.02593914236302926,1.2705580456530382e-06,0.01200834243973199,0.036487367598762935,0.6840016823774914,0.014175597435122433,0.04070277469047623,0.3197612667705233,2.179361986369214,1.9200342301713176,0.006160603292492068,60.0,-0.1955860516851418,-0.6659088650956604,-0.04317164807349114,-0.09669256985903815,0.1427593508939141,0.25298135054434184,0.8687777999913187,0.10361258310335213,0.3977362404703232,0.3003173811240841,0.8687777999913187,5.19549353208828
0.17645075433766338,0.8734176244359704,0.5609530453596879,0.14148183269245226,16.70844956791905,0.04180062850067996,0.0832018455124262,30,1.0,0.0027937878699367045,0.02028382794985124,0.2858076266156612,0.006835614966566103,0.02238099699849234,0.5153163219071528,-0.0023857784343485344,0.04068249604759534,0.32538829940380765,-0.0052622830447261225,0.020170350257162125,0.8542000017269923,0.8827939389497296,1.7208389213762452,0.05732204176667337,100.0,-0.16436728568542927,-0.6968921400523472,-0.7389557139758571,0.019698588433868004,-0.36164779118643425,-0.25702108498110776,0.8195418885456441,0.5986411866440563,-0.16124524353655328,-0.5184556944804248,0.8195418885456441,27.937919416663537
4.995506611747295,0.1401208783641548,0.13245564287718214,0.07803409868803975,9.57879264282342,0.21458961731115034,0.46811283132951154,30,1.0,-1.6094447234341802,1.7955494969808403,2.812931717123814e-05,0.2408745807407338,0.21514192874268945,0.16007472683269902,-0.020500940079782932,0.10298486515960388,0.00020690236548858438,-0.01725312130747604,0.03368212176931303,0.0005449247712956605,4.482932247844098,4.394131804752143,0.0733482217282765,40.0,-0.7827274053276421,0.1386022453442959,0.13886313785816642,-0.2756136999205954,-0.5324957939791717,-0.2121463377712715,0.35782475538052305,0.028548063267046595,-0.041941352430044994,-0.8254340402818656,0.8254340402818656,51.09557495667711
2.8628115121173514,0.7194895498580804,0.1526276684993745,0.19923299599212727,4.945466297787271,0.058601572172021346,0.08736804826878551,30,1.0,-0.01174197747699018,0.6074783683959443,0.0036903016078891735,0.025396493159304152,0.05063693846025588,0.5967294109385468,-0.0012162020439317458,0.027810172148906426,0.028359829213324896,-0.0002603935803660936,0.021138760326955896,0.12843621060169702,0.44556606433331253,0.8504933405409929,0.02016665255112842,40.0,-0.718636832140802,0.030029059625025098,-0.3614371286658468,0.10142744489012993,-0.41468135641801074,0.08122082101813409,0.3917148090558895,0.34323496041163676,0.16206350981401782,-0.17219918101063092,0.718636832140802,36.34888760258599
4.867183102967929,0.9316061197102339,0.3812316682432621,0.45531945497163645,17.945412698398325,0.0663354618639462,0.12803185031508263,30,1.0,-0.1362218453865063,0.28008375628737614,0.0006596843668080103,0.0069405224397487645,0.03550478069100442,0.020472303579735018,0.0009366843572909511,0.02604045314735226,0.01534697392486679,-0.016919162990389394,0.03683035470280807,0.1094872466862869,0.24696686145125443,2.6614677098095596,2.0321385538419067e-06,20.0,-0.5384431140593955,0.25579550834462217,0.37921228102040544,-0.2560678245966596,-0.33456709164554677,0.08379974180474399,0.8872927100594858,0.044025150075920845,0.047607321852887574,0.1608261470511696,0.8872927100594858,7.304406805540468
4.113079593177058,0.3461428700886547,0.8211891898915986,0.49011259975851273,0.6539276942972376,0.2693876548408689,0.4055646855202094,30,1.0,-0.34659594340377853,0.973873059716114,0.004816191722526017,0.13507630648559849,0.11691924883684196,0.10352138100794861,-0.07176290501988758,0.19509070935755396,0.0017600869138008584,-0.1964875150490478,0.14789499604035145,0.004624219707314157,0.8386320607238915,1.0571072375913628,3.042977251200364e-06,20.0,0.04045594337141464,-0.3072770924862794,0.12331949496988552,0.07062903022702732,-0.5642908126673347,-0.13599716216188024,0.659562888519389,0.08107051047940678,-0.1056275392399046,-0.446268326309679,0.659562888519389,23.098902426151785
1.6128279187870438,0.457550623826043,0.4497969722623674,0.22041956349324904,5.081460632269177,0.07937964718911411,0.11415983985195946,30,1.0,0.2155609294653424,0.688586622099734,0.012631861835044396,0.004661837018761403,0.055158603039595126,0.974760659785467,0.004122629488370098,0.05806575939443495,0.3048666627399802,0.0001693555678127919,0.05052608260567052,0.27064406242094363,0.6905767018181473,1.0890853078235931,0.013392331088537721,60.0,-0.7264785382072112,0.0950321646415981,-0.47886805531812343,0.4795839082849459,-0.5755288043842699,0.0509656918066703,0.11748231502672718,0.12098629816552381,-0.20437002183909672,-0.541712775190062,0.7264785382072112,51.02184441568118
0.8854567631373028,0.238837515078596,0.8056791355737699,0.22766182411218472,19.23027831752976,0.39290331666897915,0.5024841571215661,30,1.0,-0.06731429804463548,1.313324015817353,6.220572328033154e-07,0.15023770130887237,0.38937918436478663,7.840456361800682e-05,-0.5610183233502091,0.344692537657409,1.2237535474831167e-06,0.08575596341664792,0.12441170990656471,0.016357558273567198,0.3305222319983032,1.1800177233901452,5.85031776359063e-10,0.0,-0.2866912260525852,0.45025728835260864,0.15161086997149892,-0.31333912517447987,-0.2448120562876211,-0.029441373242892952,0.15848161740610922,0.2798396893255711,-0.4173869759617492,-0.40710852774916,0.45025728835260864,11.220627814549623
1.0151549472237906,0.3651665086076149,0.1891492630316808,0.311682744105102,16.2587901147898,0.27318935915348086,0.4235692833046728,30,1.0,0.4624891216956721,1.9437326353052549,1.1505793539238315e-06,0.05255101814049731,0.3428887239951336,0.004954020485748435,-0.013454363508733422,0.2361570025422895,2.369501398916261e-06,0.04257563175941224,0.1154532525272863,0.004694922861950627,3.2266622867946526,1.2765723014544608,2.640061955529652e-09,0.0,-0.2999797920176308,0.18795877335953332,-0.28202594370370937,-0.09030406687250651,-0.13767727252687398,-0.11847611320397819,0.19099990759741053,-0.14836918518492084,-0.036132358215866155,-0.38319831063146864,0.38319831063146864,8.736488774578234
3.443031072675119,0.7277408309204945,0.6603322799418764,0.4015143456062586,16.199114136087132,0.10285309022124044,0.12506483158136356,30,1.0,0.06081122705655936,0.39850229960941663,0.35736580805472634,0.036081022646798716,0.030800430893587815,0.9850033238466974,-0.01134706436378231,0.07542075044180578,0.10684633892605228,0.017509962891879966,0.04070776667953125,0.032931309884517555,2.928000578643513,1.5154084640246628,1.8270157685837807e-07,60.0,-0.5230909784923139,0.035115412079328535,0.12061766353609431,0.26178319412363793,-0.5863267206478046,0.10603568542426586,0.3916235877196949,0.25921040978468896,0.12543273290125376,0.40903440930041857,0.5863267206478046,6.860159792948842
3.378549858119699,0.2619227811738865,0.5532634840075701,0.2250933254581595,7.905841149456836,0.16120645643753106,0.3269054971525223,30,1.0,0.12569475456139897,1.481807546055956,0.00032239070132935406,0.04619260587137824,0.11752515770478525,0.01859196670065648,-0.057752683560161076,0.11803370440471968,0.048682877453894734,-0.03118834211452358,0.0847464603380851,0.7674375875467823,2.234849436002647,3.391537207067157,0.00043623577165319505,20.0,-0.8199790257807872,0.41395020435207636,0.004229401741618636,-0.09805889979919884,-0.7769619439630909,-0.4449376905379178,0.5972495611582106,0.6678212632117289,-0.7491157714306689,-0.7452867980567919,0.8199790257807872,40.829292092651116
1.2489874108700094,0.3929338228399074,0.9059056008309361,0.24350033795777928,14.284675993252865,0.15126367919304642,0.23376537973523126,30,1.0,0.39381772949022176,1.2046171571786453,0.0003133248446490883,0.02362438021351426,0.10908300948655938,0.7040142041683283,-0.03856926842174722,0.1134190376151036,0.003123733226138158,-0.01164704499154929,0.08028045519147413,0.0009419187850892217,3.15589630045884,2.8164123286013916,0.00018890898638185776,20.0,-0.8426236447919306,0.08476792511936203,0.22013685157445997,-0.059669318496906994,-0.38723054357318054,-0.46128386846321046,0.38824760550911297,0.44865282069438744,-0.173164199117213,-0.44756951001559026,0.8426236447919306,21.05250625427072
3.202462086835618,0.9764027118855043,0.3143821747849839,0.33674601942516874,9.772194897265354,0.0640850793793217,0.1205348907086601,30,1.0,0.036766696468928835,0.5476382793374901,0.34468193516385665,0.0046067656203102715,0.020777950672612216,5.531542381431793e-09,0.025346805719159603,0.048732717784361716,0.3499272407529237,0.008978058260284217,0.05641535705058872,0.11983124156047553,0.3282805871052432,1.27719056065947,0.07447163316667171,80.0,-0.01678140589098249,-0.2558730141943673,-0.46552960238106034,0.17698387040386898,-0.0540045221072736,0.3511700153674598,0.5709609091446322,-0.044136007764832466,0.44390399634044336,-0.12652317383730774,0.5709609091446322,5.580021243520392
3.8779157492911764,0.6399659496871644,0.1623061057039068,0.32945978982170687,2.2957021971036586,0.06284398215630538,0.11167631641114288,30,1.0,-0.05790215993360708,0.6324367569148582,0.9050221644596446,0.01984932525182725,0.052806889278472186,0.1804504100039372,0.007329200161346184,0.03483417363109498,0.013282282580701568,-0.009388698967814952,0.04502648175210487,0.4637756343649837,0.32010157016315144,0.5936931923704771,0.0571453021126823,80.0,-0.6712913351238349,-0.2500296147919141,-0.0823906230101417,-0.2716493817197784,-0.1856356220624091,0.050060409327413485,0.6346916278410919,-0.10664069065978937,0.33617815372134513,-0.2781082407327153,0.6712913351238349,40.91664540150139
2.3716552193573133,0.5747381542570376,0.7534255589278136,0.036142230802699044,12.799279745231921,0.07333994201176422,0.16706611486225317,30,1.0,-0.0017491063577865045,0.5101683010116451,0.7033452388370887,0.01899418099959277,0.03660068017387702,0.07108780448750568,0.010178876871092346,0.07570424175391108,0.28077418205996996,0.0005625464058960687,0.009246415366659938,0.00819499580521791,1.6668392410710768,3.238804919521835,0.27708551163888673,80.0,-0.49152693433581324,-0.5802345044429632,-0.1827999717971522,0.30183798588214567,0.3856029546432602,-0.23296440877526706,0.6180731553656158,0.41122343564230235,-0.08454247527142637,-0.6451110117336628,0.6451110117336628,31.464807067317096
4.809068032982702,0.8586174087578874,0.9583439028892301,0.4201453052746007,4.785895709347025,0.08590091452537753,0.11813790594956262,30,1.0,-0.15956458074156066,0.27861488524857503,0.07346800432937667,0.05414183055088011,0.06557835530830682,0.008074637752769051,-0.0030584610309612754,0.07285385261562323,8.949794269773432e-09,0.02096220333372573,0.09862265432087537,1.251150265957344e-07,1.0736974859647215,1.7936898292414285,0.053543206755206005,40.0,-0.4520654161480657,-0.3089482152465727,-0.36449349878644355,-0.49137376921422493,-0.3931685349237099,0.04678795174102528,0.6231948987482968,0.7092004109421247,0.38729036824816016,0.6221530047725904,0.7092004109421247,5.325031932851637
1.898599626074613,0.36004390891837773,0.21960687266142473,0.047366498187304804,0.2561473663656603,0.06933538881249544,0.1448597876583749,30,1.0,0.13289166865867721,0.8137768970922351,0.0002819560953875003,0.04645918541517477,0.07651906630342879,0.7360563870563674,-0.014107058026147416,0.046542484437059814,0.780556749824148,0.014290994423807029,0.05440749176834295,0.00031019049573027823,0.19572285268581993,0.1996762316171233,0.36792575606810246,60.0,-0.7099333036651065,-0.17408202522484198,-0.03866387508201479,-0.1297391615176945,-0.4099278775419148,-0.0518000620919492,0.5498666312488951,0.14159550589806888,-0.27099796155923267,-0.309263335560445,0.7099333036651065,83.48945449239132
2.419327179560966,0.501711084790276,0.48092896035513066,0.4682510891357898,14.682741271039628,0.15763474344359368,0.24896679359939147,30,1.0,0.28351034070968584,1.3701825773398346,0.0026224601290399606,0.036325073947845905,0.10140616038421361,0.18416792021409206,0.028085609838302588,0.09505217822192906,0.49099400192600323,-0.017422883042010666,0.03500380698600132,0.26828976826215084,2.982794401944984,2.3129579837453074,0.0020219146302445355,60.0,-0.9085230893468016,0.29981988588783437,-0.024172775609261808,0.14142938086317078,-0.4493354319485313,0.004514068588310482,0.1792483269830315,-0.2070084131795945,0.10325906872508817,0.004371561161005512,0.9085230893468016,11.834437263547734
3.085297178590794,0.049999269423947564,0.8498016250833236,0.10257854429383022,3.506984646669035,0.1565870179496633,0.2717354815595165,30,1.0,-0.397775461357523,1.4201102167990982,0.29330502349014925,0.06238962860338577,0.11662366324452796,3.9642079082974e-05,-0.029714349689184686,0.16048870867795162,0.005429864195178181,-0.005783600477049479,0.04829938388293103,0.26200172074886424,0.9511634389205776,1.9504180094992294,8.232825379488994e-06,40.0,-0.7604062191751009,0.027273896565605554,-0.18741329426867626,0.12151251767261288,-0.5556179082809666,-0.25331596582177346,0.3887669692238436,0.6421902835451736,-0.7192695929392895,-0.7094982895205302,0.7604062191751009,83.38273598105772
2.2279056460438804,0.2846761010246025,0.05301232203904105,0.4023133865067601,4.074004182462966,0.23691661081689785,0.3637539366788315,30,1.0,-0.08402034879548502,1.8015274540626354,1.3266316634954692e-05,0.14007215012735824,0.2386834204017398,0.20520454898490753,0.046302148002598846,0.11812921913178763,6.313300835424797e-07,-0.09256955074784937,0.12847337901714131,0.13400682360494554,1.1509168380059394,1.5912382527744022,1.7046677255678853e-06,40.0,-0.5905083322113227,-0.1002202779229888,0.054150636135030385,0.0221884462751857,-0.5340508148513526,-0.24546143858376662,0.2491829347999041,-0.0889083398319403,-0.023648340623200072,-0.4950377584636056,0.5905083322113227,58.33321886537941
3.301158960092323,0.37813604881197027,0.20933765818001937,0.23593078139535092,5.857353256910555,0.14928879844433124,0.18228836168768223,30,1.0,0.4227357445988778,1.3128159576705531,0.0006894545148604797,0.008008700169381778,0.09042209327341129,0.0015745858208732046,-0.003787341551550568,0.06264588797929226,0.07648989991638694,-0.003256963603335103,0.04693315939961019,0.03829282383253385,0.43564120221358493,0.7207016266719842,0.9397981554939853,40.0,-0.8427855936637997,0.26575382805376174,0.05476411132472899,0.4361088498512941,-0.6116685336504695,-0.3154447305521457,-0.09947556018409376,0.23327303449488815,-0.024015352384484132,-0.13711083203336386,0.8427855936637997,49.93008389830028
1.1631494547051617,0.015011876355554973,0.7435836629491127,0.3465519476460291,6.052574714821013,0.318957565962123,0.545845120273797,30,1.0,0.4007532239291781,1.824647177372604,3.099251295308638e-05,0.21198456412247024,0.26198852344452145,5.9512433113302176e-05,-0.3074881857041356,0.36060667474313535,0.0020561506714920166,-0.05180095361879077,0.15916304776111,0.0021877318494154365,2.2101388039139875,2.876296840774592,3.073205139435243e-05,0.0,-0.3903150682556902,-0.20891566551028917,0.108007830674218,-0.16875723143348528,-0.275838693981549,-0.3079223277105341,0.42813525845326417,0.40047996339781133,-0.17224770467039757,-0.5559825468467299,0.5559825468467299,43.94302612925002
3.7556530237883643,0.6187353720286052,0.8910742266529971,0.3162884492436804,16.809216656856552,0.11917581880908934,0.1392320975307431,30,1.0,0.3629483143689892,0.8640664531793638,0.00030890956255454175,0.008318673947721586,0.045096704778936174,0.19594417500891181,-0.007145263862793957,0.07010745978472842,0.2682372384314446,0.007725826233256672,0.03095794669589994,0.09630886374063038,1.546387092951575,2.33404393121401,1.1803777904514534e-06,60.0,-0.7969283501208955,-0.46570008174196414,-0.5034815506014371,-0.057465241436976955,0.2808919542898372,0.46614296009847217,0.5689019130852818,0.6243544406726709,0.29126984495044966,0.3002317243298644,0.7969283501208955,5.899094934030222
4.220048898603367,0.5302230839176515,0.343936549683623,0.04008247656520312,13.666558514246834,0.0698882571885377,0.12605743514912365,30,1.0,0.11065515651855168,0.6187814040284747,0.0036233270781903166,0.00876051044426687,0.03223398340626862,0.0006614329428403678,-0.007612481657296044,0.03171525521779652,0.019166083075663604,-0.0019330425402478224,0.0066920220227101096,0.11146759827248409,1.1026886677796772,2.3846592087268927,0.018830471252843824,20.0,-0.5827612436716268,0.13019555561561444,0.08803898197672491,0.21022702706627966,-0.6975616115097216,-0.699834445307007,0.6509968712777066,0.7902169141550824,-0.6829380645208519,-0.8157156102032174,0.8157156102032174,47.54787207498702
3.8433545114229286,0.2518836872498699,0.4739132181556764,0.1894991921304359,15.708235793325965,0.21902689528769148,0.38697702581182813,30,1.0,-0.5037152877159812,1.8654748650082866,6.877540899999817e-06,0.10167940621324682,0.17575969065436084,0.01760766939517363,-0.05190661982625979,0.20045359271663876,0.41645460854936284,0.0341746838809579,0.11843036257285587,0.0007596063582423994,2.584133980036642,2.827758902674023,4.0002472375257754e-07,20.0,-0.8317620400032765,0.22136578429820952,0.10703173821861899,-0.15690066799444258,-0.6173530948526419,-0.3560987668360075,0.32834933158806173,0.5688335933310024,-0.1378872306573073,-0.610722212012,0.8317620400032765,21.07943299701401
0.571573887415852,0.3185524401335292,0.710692736375217,0.05829490223749887,3.689272710615085,0.07105519138166555,0.16133128861844614,30,1.0,0.06237203942202892,0.24359355993510245,0.5276068545115125,0.01629203070144874,0.06085501368689774,0.5410208231366512,0.0034175787798430466,0.1571049887003941,0.24960799776503378,0.0018059492973930224,0.029334621878188246,0.02503823500626955,0.9295407939903231,1.7650152326557456,0.002171675105532182,60.0,-0.36025575022846007,-0.26134502989157243,-0.1222335148505445,0.18773502432668446,-0.5068771249765183,-0.45393849013829357,0.6292818442712826,0.6768577451000596,-0.5345949330820214,-0.6843455411112115,0.6843455411112115,90.02818895447868
0.7470401641030572,0.890598385623367,0.7319820601909541,0.2905407309043898,9.814515410925557,0.04985181912403193,0.12917051455880782,30,1.0,-0.020623461157615614,0.07322889810674574,0.5521447203422196,0.0280432617682308,0.04784487096889306,0.09628497446806085,0.0368438599656631,0.06903562063450351,0.0007092732661397792,-0.0037037215502107425,0.017780223688417418,0.1227051607153064,1.9111532904208741,2.7683340310572335,0.10269896618375379,80.0,-0.7463684907153055,-0.5288932841686185,0.004480630163576058,-0.6933513094927464,0.38698777719013094,-0.028481440315760213,0.9239351663466118,0.13943564978228315,0.6382149495863948,-0.0006600473978956775,0.9239351663466118,10.202534341645691
2.728420674401895,0.40262595085891767,0.5432350716003017,0.3207985325433572,18.781599665406876,0.17029376151732506,0.23638216144722643,30,1.0,0.1401918185595622,1.3573421721911052,0.14115072189238265,0.002894863118807365,0.10812204243341449,0.155087011578175,0.05959003094061604,0.17062923425987572,0.2009282333391479,-0.0136109321692463,0.08140727207212396,0.5894677231250189,0.6558905460259371,1.467106423817502,1.4577738667982695e-09,80.0,-0.849588642028236,0.19360922018911597,-0.004366491699242454,0.014140687903554681,-0.5992226120373576,-0.20135126486849247,0.21917073188623382,0.38838959210690815,-0.05573548492934348,-0.2711666636278603,0.849588642028236,13.755887266385045
4.059328558121879,0.03992893478439016,0.39098721272422665,0.48075494350006814,19.04028732565703,0.4191667547146591,0.5389477052865691,30,1.0,-2.766573486866713,1.8845301743871326,6.998831727120261e-07,0.2260999299859225,0.305405058871258,7.260330251047088e-05,-0.18604836773325337,0.33509798616836367,1.0380848211363483e-07,-0.13843941399189955,0.10524024209341151,0.009730885478376946,0.4317836772595005,1.3540429944299646,1.5798334851309529e-09,0.0,-0.04320209771136942,0.06453604845536685,0.02142078349521629,0.001053729899430341,0.11964009206927295,-0.0496610419970086,0.13164874702281595,0.06261552452023621,-0.3320063561649726,-0.08368688361464072,0.3320063561649726,8.441343985685977
3.687582660280131,0.11402612293821654,0.3302069114902461,0.15231744604046987,1.1521393992462772,0.14447028944124674,0.2404879154908335,30,1.0,-0.3747432802441332,1.5176676189897498,0.0002509326597247531,0.06658807834058747,0.10040726400366394,0.23027715121128445,-0.03639825766205896,0.08693170589460192,0.07093303446559618,0.009648777034705984,0.08357028480214347,0.001711900109917966,0.14162159344369957,0.2603733415981913,0.6366357354673744,60.0,-0.7851799413845573,-0.07599313202948849,0.016123354050497623,0.050359498970180425,-0.45096844438810707,-0.1655516383372992,0.30320725385117864,0.4142260888004665,-0.253727420217813,-0.42949710390111706,0.7851799413845573,106.56098781949726
0.2727288312007165,0.5952176973089324,0.8700799002631769,0.3723468762066295,18.02046978093089,0.08874349322051835,0.14197519840974587,30,1.0,0.00041936313534722915,0.08717213289984847,0.038716117112837185,0.01640463441432409,0.04512599889449191,0.029840186869802807,-0.0033864387400617552,0.10881729480038331,0.009159493172803283,-0.04042786922789187,0.06278839576887411,0.6988183019158124,1.1398571514652158,1.9897417444258174,3.960760479320944e-09,20.0,-0.3445356852184113,-0.48355116035267764,-0.39744714042313406,-0.454534097230502,-0.43941245078908414,-0.2960436358122181,0.7276381356065552,0.3473974170539333,0.12645127514350055,-0.1975748931206216,0.7276381356065552,15.91827249343872
1.3610520593773299,0.7983650690872448,0.10305559629610873,0.08308598322776474,15.815488658002117,0.03960809227364841,0.06835367275210592,30,1.0,-0.047544657836936184,0.15991745398087837,0.7376290434379904,0.011913341825459552,0.027843256259257303,0.6715445541087992,-0.0006538800531729116,0.01422773531278804,0.47768125404418854,-0.0006891896656195831,0.02063217673117921,0.6106541327142077,0.6204508053620768,1.652885820714612,0.8239901815857325,100.0,-0.8868679767743717,0.31060718632718964,0.3021752705940378,-0.07758907771071118,-0.5375433242169729,-0.5965909161725215,0.3653560820346178,0.4879148468195387,0.09632824681534767,-0.6675354306700559,0.8868679767743717,34.057217673201905
0.45209705410651085,0.214626610832689,0.16890931819732855,0.4756510357509962,10.48357555698822,0.3660699869479876,0.4906709637760682,30,1.0,1.1630231635752633,2.0100405940843125,2.6106449906584305e-06,0.20285890151834046,0.3454360058046991,0.0017267004375478864,-0.0067198149663133646,0.24679229456253104,7.752016090955732e-07,-0.11107285905934733,0.1524679232268979,7.954039822041107e-05,2.80141817090086,3.7004907507248563,0.006947223306841881,0.0,-0.3221115478839217,0.06627049081181409,-0.07206165014830276,0.00038330876382891094,-0.3991347708644031,-0.2919901940120145,0.5498903307391004,0.2374509647056398,-0.23615795835556833,-0.5778186667400489,0.5778186667400489,25.379699514796762
4.760242258560909,0.5215911925344134,0.27790393071491687,0.2572992290060646,1.7925622730155042,0.07591890136312365,0.1437223636373902,30,1.0,-0.2655707315665408,0.541733999099425,0.0004113638723625618,0.0324043109781135,0.04441334257225453,0.3807871823015371,0.0013905385172468634,0.03513641645850701,0.7624974023708712,-0.013225179720043523,0.07729540850988348,0.031038264449289216,0.4030576877133138,0.6333021707900501,2.24408531463322e-05,40.0,-0.43290093352655556,-0.3767699098529066,-0.12725375217777388,0.09229938898810035,-0.2758096377467023,-0.6242416499791449,0.7495626259246556,0.6571544212133981,-0.19527593280017638,-0.6456225998380404,0.7495626259246556,42.40881745916416
4.407799826206577,0.7046051675523158,0.5743567986211179,0.2842166784747367,13.914361501654417,0.07753448170991102,0.12068242860786312,30,1.0,-0.12126718266537043,0.49429416545482324,0.10435815832513107,0.02132621993943307,0.032301773141160325,0.37626425288103493,-0.005672278983456626,0.02345666526350471,0.1747772635791877,0.00029097804255575065,0.016955346456718763,0.1852654878542641,1.2166719828687822,2.7271800393385712,0.26812042874769154,100.0,-0.19374058606270608,0.012598880705942818,-0.12220648354912649,0.41291558036757925,-0.046890906740233745,0.16890299559997038,0.7702258397524312,0.009662603590209684,0.21731340477210592,0.0395335388680535,0.7702258397524312,10.57578733113986
1.3247686418235594,0.8148985918088273,0.7665674017781817,0.4105855861415384,2.7902649709357426,0.22916622114226298,0.36913177154292104,30,1.0,1.7031609053706913,1.5752201089456046,0.000380928340531697,0.1262890816943463,0.14175484468570568,3.3580157034158484e-10,0.052292111416940595,0.15451546003618793,0.001173361004307365,-0.005369178778747376,0.12287226491796598,2.1059810524932025e-05,2.069486123945178,1.6609232237007197,0.000579407677014768,0.0,-0.04395298561516221,0.39958371854394026,-0.18121917037321786,-0.09814211272803623,-0.06902483324878485,0.05875557813288667,0.6530943103590164,-0.015714388102415364,0.08640558067133468,0.27567275961172943,0.6530943103590164,16.79063515857719
0.392857971335814,0.4625976261184457,0.8615682748174295,0.14439495612770165,6.954034142867019,0.0739057294524906,0.180981795722355,30,1.0,0.1552298237757652,0.6824299739600562,6.129570226105992e-10,-0.0007352720987250964,0.0910993217297806,0.001257910705464607,0.004933967384335928,0.11358552371335412,0.010001787774576564,0.006436320416533494,0.056807713397902436,0.355361457647976,1.3907043977191509,3.357220303889753,5.369582603578331e-07,20.0,-0.7496258089250497,0.1472286637321729,-0.2545476533822651,-0.025257034536338138,-0.5826774439183208,-0.15322785975804035,0.5457578695852863,0.6019657632132341,-0.6030547396593465,-0.6694402169094125,0.7496258089250497,51.669648331731494
4.264524698204614,0.8319267692477124,0.14106507768677765,0.26385409669474236,17.417098002549757,0.08876148115446447,0.15076434449246312,30,1.0,0.03135196664189408,0.6019122766445979,0.023449920325846977,0.01630757901699281,0.050112380318816964,0.17035982976234804,0.0002614554751218412,0.03189735342354335,0.47299783194321826,0.030392332984583978,0.05196704816541731,0.020323989706643047,0.9695322845378767,2.3080745799854583,2.3765334703655287e-06,40.0,-0.4510177324535331,-0.10067167758261486,-0.011996534107345079,0.1163238810922407,-0.6152702093585448,0.456680613257075,0.4361794377844082,-0.5213080661685098,0.07513617475595388,-0.05353874755128988,0.6152702093585448,8.55886992132993
0.4632742338250449,0.7538680616673467,0.506905481551628,0.25336517498419164,0.20567251153434563,0.27218424914128253,0.5242917906526976,30,1.0,1.084342570974134,1.5219757351288274,4.254729408061469e-06,0.1699111357019802,0.13642851695529506,2.1422560499454157e-08,0.015018595283358995,0.24877388881525228,0.0003001757266117418,-0.07889445621085572,0.21853576040746162,4.3548601002163986e-07,0.4706063496643665,0.8097555082857736,9.689700996421696e-05,0.0,0.3231129776371678,0.56749240771523,-0.13090417291999398,-0.29593744041249936,-0.2159059232602263,0.006341590688191473,0.3230212752289676,-0.1725489530419304,-0.4512256140656144,0.36438428699403497,0.56749240771523,6.581383718856793
0.7058357690827035,0.5178885135848287,0.04867685706025368,0.4922033953010562,6.470625166092778,0.21100528612449315,0.46038683228014987,30,1.0,0.26137457232885264,1.1066193034812242,7.00480792536049e-08,0.06762093576356819,0.25031885011724614,0.045942530329936705,0.06154353379670414,0.17378003877804749,6.324835290069937e-08,-0.12902147111563958,0.15786531025424747,8.046962220062054e-05,1.136989790956522,2.5315322641700355,0.00012887955516292538,0.0,-0.6714301745266904,0.4584328450928753,0.1620080288108158,-0.10742557020604243,-0.7743383697486972,-0.3152735261239223,0.28032892522348546,0.1646947448656504,-0.14715251742674051,-0.6274948310127997,0.7743383697486972,47.64219116675956
1.5760533315687963,0.2992870778026593,0.09569154211243748,0.4418124757830504,14.43307275829415,0.326996873305869,0.4125080245684715,30,1.0,0.3591199845938903,2.056405641710458,1.187102488476402e-05,0.16236694594789045,0.27331145037036725,0.24974252166056682,0.14873147010125598,0.28012259236502557,6.249847044195821e-05,-0.11473520726525473,0.13405465074886694,0.020800365901122147,2.1332490382882514,3.1754303934511636,0.0010004947524917694,20.0,-0.41217400593444947,-0.2935103772568159,0.12959070184815974,-0.07755670259053044,-0.4036368330639448,-0.08717055884569348,0.17439123396028244,-0.22195980102176305,0.1851119967550392,-0.4276162652397924,0.4276162652397924,16.497112368651983
2.4841218377965726,0.12592134521989068,0.8296309182258339,0.38117800087842213,14.88831059291662,0.3851867636729851,0.5796270686832627,30,1.0,-0.6901142552176202,2.048681322966837,1.1619455988265567e-05,0.308458686385592,0.32267788873183,0.031078982485385192,-0.3851963735393055,0.4301738146007424,1.350216210605254e-05,-0.0472312047746885,0.13781705907488848,0.0019510723960414142,3.935417826236568,1.930679013462987,4.6876438798475257e-07,0.0,-0.6149119075757812,0.23259321800209015,0.045689576399357924,0.14648210324940553,-0.5682622960006404,-0.1294960350528135,-0.07058781361842761,0.028896404269687547,0.023804734769610206,-0.2848154917237347,0.6149119075757812,13.273782629357918
4.52908611924827,0.48971730962470955,0.8785385814430962,0.17742754790658796,8.878619807831882,0.09140751421891558,0.19870670586860703,30,1.0,-0.27081142780742246,0.7420440482150948,0.001945741750637649,0.04220930235040211,0.062202173125603305,0.39449243986803373,0.018084764576565604,0.07919659713589035,0.01713867875876516,0.0014869511165371062,0.023075294817139366,0.013691940455142852,1.748532092696704,3.02608062712404,0.007274138934998111,20.0,-0.4428669587047228,-0.15410598039768367,-0.27618598648514864,0.11625303155665574,-0.1993769162644985,0.0022738337314579925,0.7772300658146429,0.05416869957926262,-0.018440143752886873,-0.2519475501202823,0.7772300658146429,16.68576791834132
4.323676387907166,0.16629077370864198,0.5251085404354522,0.3773489926106171,4.496784991368642,0.08973965661277253,0.23952810555765552,30,1.0,-0.14757885593531464,1.2193455979493695,1.9404218907810703e-06,0.04142149431851782,0.09718820427558487,3.48997574549186e-05,-0.03203905342391406,0.08127622139483896,0.7204938699725705,-0.017297088325453437,0.06782580127439576,0.05965839721008963,0.5127693145150288,0.7105741187438281,0.2943812229685938,60.0,-0.8663992956931804,0.4637329861768387,0.11428926995724599,-0.19304090986069788,-0.7130634710171632,-0.4088203175481273,0.45564207103907967,0.419397276155725,-0.2584871202280243,-0.030842666308413338,0.8663992956931804,54.3046181216616
1.5076670859082764,0.9103081422656921,0.5901401463733188,0.4569645973864736,11.346697692724923,0.07758438104662355,0.13391814119014814,30,1.0,-0.016129455831452526,0.13330271835939694,0.5228295908158935,0.029578386349620452,0.05048646882503899,0.001961224310229325,0.0067096819348602494,0.04038068228718493,0.3725501619483594,-0.0019497281758015035,0.03826722671551362,0.022486885819581283,2.001778682454245,2.7825749987714996,0.6604439889150037,60.0,-0.4419602154536685,0.08434643124213469,0.3245484296946114,-0.04963458532370762,-0.30095696443386494,-0.2770037503898883,0.861435404867639,0.3968286929702965,0.006466965328183818,-0.08557330442896607,0.861435404867639,5.620762955488202
0.9762100131888388,0.41590505722963517,0.23835841631700935,0.44725150559866145,1.2528534414845534,0.08378408692528354,0.17143873264650072,30,1.0,0.20180583241361674,0.8591685826374211,3.5544320128490074e-08,0.009926873143316639,0.09302635151830838,0.016038204672966974,0.007364414492347207,0.06538703222839974,0.9444280976399275,-0.04677671184248374,0.06891705173229044,0.25671528637046226,0.16595882576368676,0.2560463824234942,0.6870452578837969,60.0,-0.7922791888176246,0.1517103315642592,0.23368599348732563,0.16379585466974883,-0.5946183690174986,-0.38920711554375165,0.25710406953052234,0.2706736506017029,-0.18188124614669965,-0.3158087475737052,0.7922791888176246,89.82009807749843
3.1306063116568836,0.06681643498736796,0.015273603143536403,0.3638805600502205,15.1744602946503,0.32224506816741205,0.530311198138344,30,1.0,-1.768891809383748,1.910898767030131,1.2629159497726776e-06,0.3229316555124948,0.3279336351406113,0.0067904837388242665,0.16306709291120425,0.2957516597930703,1.40840502240711e-07,0.0050970862636120955,0.12236432812749996,0.0038064896332063412,3.5755198282982414,2.0607681932108237,4.3352010550086047e-07,0.0,-0.008300228476354785,-0.21357293822757065,0.187923173111253,-0.039501400834273497,0.000769085386520843,-0.20992424765994425,-0.25593762981168117,0.10814132818734196,0.036031169258587695,-0.12779218955035251,0.25593762981168117,11.536079180778835
2.0984256097101444,0.9277256455123273,0.9134226002302729,0.18383361055128358,7.0489922988250076,0.0766014400591597,0.10097119483534152,30,1.0,-0.0006553854125095718,0.32041521821511876,0.7131096072299439,0.04067685245368214,0.045334088681013726,1.182710203917434e-08,0.02800047236424487,0.05434209066697236,0.0003917545065298592,0.007713652386029474,0.0401011251661196,0.3917626457694375,1.6020243643357113,1.4912468274604043,0.0003327246674084371,40.0,0.13954748485665197,-0.5483139380666782,-0.002503929211297634,0.20105468699976062,-0.043613052517132746,0.3025481357447387,0.916823620399941,0.037494445669394603,0.06705072409033766,0.03950351613326114,0.916823620399941,4.85575701245552
0.8194280819065514,0.839281252018676,0.08167971521453173,0.21174460725723637,7.784282115046529,0.027816242449324992,0.05729242434220981,30,1.0,0.025861008398552942,0.15078806578431592,0.00021939466013475635,-0.0029631866034838766,0.03640147222180108,0.11799442985837455,0.002498782704912239,0.011345968021085727,0.34165744736990067,-0.0007997846264372499,0.029212688065884954,0.675689587240186,0.17263677397481367,0.659697190056758,0.20491197234961317,80.0,-0.90216884650234,0.4555316045692465,0.167506080788837,0.39103417060405726,-0.6540482917801167,-0.024720240539436947,-0.20570169950869374,-0.3823691754605394,0.4710241887158878,-0.05667961930930526,0.90216884650234,41.02169337918575
1.0690074985717652,0.30631355077793543,0.6502219321495758,0.15974933384450526,12.033758787798238,0.2649213207615493,0.40403103319734346,30,1.0,0.8154367042438846,1.906000987034088,8.881679757821082e-06,0.05419013396349854,0.18797423555652962,0.25513220272077214,-0.08675744117950142,0.2493679139094272,0.5648980310131493,0.02349862684452957,0.12335045915180574,4.558141858267244e-05,3.91344879528404,3.879473014030983,0.0007308523561562768,40.0,-0.8705884251641341,0.2970451324413324,-0.2231563714205822,0.18450811577137538,-0.5313192105291288,0.09244788657460784,0.090093540845048,0.1521868606882544,0.05865589555168127,-0.509738229990891,0.8705884251641341,28.476815795983214
3.9421245806964915,0.42351696008611867,0.8008212890389863,0.32770976828273535,11.99597375522054,0.12484851491782795,0.21593330895285806,30,1.0,0.03949744099495932,1.2974681444442722,5.291668106848151e-06,0.037249031411021066,0.07381942157301778,0.00279324304457721,-0.009397780923624288,0.062434912410885605,0.10470958458262603,-0.015362781931370187,0.03691023280193862,0.888798317593977,1.7436525943058545,2.2863658395681608,0.04889321767230983,40.0,-0.9203489276453749,-0.4778677016640037,-0.4352591905442127,-0.11560175354195075,0.38295883484132087,0.3916877548213137,0.4129736369096972,0.6723114058798306,0.3720824743717395,0.39160854580683957,0.9203489276453749,14.911847348496472
0.14565894378810237,0.024119769824694947,0.30608814110047905,0.12155369651925982,8.288329850021675,0.33933898669259926,0.46564098172804647,30,1.0,1.168015800570422,1.7445442494070502,6.686976079669811e-06,0.2789596467125923,0.28701241896204777,0.003063962413998623,-0.014017975823355639,0.3236015362119355,9.821849560913739e-05,0.01337210172887366,0.12261189157684237,2.7881709143560013e-07,3.2873445037416626,4.449012952208733,0.00024130188847900724,0.0,-0.29653910673261163,-0.19212853558046686,-0.12951185749016497,-0.05782033886289777,-0.5148395085469533,0.2268236313074462,0.052522271865687864,-0.14789805954234778,0.03740466332316617,-0.48747862231631295,0.5148395085469533,45.836295901835484
4.361062390310912,0.7401910714553256,0.22828798684294002,0.13429870361658866,12.416605629442143,0.06437302152058277,0.13531478559460677,30,1.0,-0.07315327731553617,0.5916325824233089,0.018464141659195722,0.019840466018932135,0.05177254182688394,0.16875697004098822,0.004965363992155991,0.017219396576194597,0.1764190209033687,0.005654054291248754,0.018741238440475167,0.9110275376432411,1.1578540890165756,2.5690616509436124,0.031039589289083933,60.0,-0.7273552816769232,0.28872751641432126,-0.029485510305230465,-0.23315289533516542,-0.22489435342072375,0.13900097149370685,0.810653185276729,0.17403846229061165,0.12968372800906758,0.14335841162260973,0.810653185276729,18.813831025701905
0.05304334429111368,0.7115964192914985,0.35495133507436605,0.3422287992866568,4.286657437442067,0.03687001655294264,0.07052047492048068,30,1.0,-0.004688106853779112,0.025537837297456806,0.07134653899540967,0.015361067607213305,0.04195840038460181,0.1361335454650512,0.0029211704820593116,0.03254915217324726,0.8893901252805794,0.007525861036973456,0.03133509911998021,0.8499577897298756,0.45432852857846107,1.0167002729185437,0.02773989175371899,80.0,0.2617279744352824,-0.6134045286330511,0.10622614643592138,0.13499225122835748,-0.17465803499617552,-0.056238138617551545,0.9654277808733122,-0.024340169879379883,-0.035272080014735266,-0.09842779072049099,0.9654277808733122,47.44208743238779
4.910423769534744,0.10335349978411633,0.7621168431323759,0.1930935219527627,18.24409874799963,0.2605419783442139,0.5361520475612184,30,1.0,-1.9456725015299852,2.008741308040807,6.027636595920148e-05,0.13799441931760376,0.19513750524413212,0.006162795218294668,-0.10003781927153664,0.3230950173082746,0.0016011270198741819,0.09030194556580909,0.13528510806063596,0.005051352879686333,0.5602675300730451,1.918794437456632,3.31025156549406e-07,0.0,-0.7033575450348916,0.40954627047385783,-0.06458723968477584,0.16615885576780534,-0.3374969442834809,-0.11423764290065389,0.23532476167886338,-0.1360082671065534,0.31581947953299766,-0.3992928650273464,0.7033575450348916,15.324067569344557
1.4374578402040818,0.07225010487442814,0.5340974104557789,0.05044857817118866,16.526465741251183,0.2472631077671389,0.45933073200473695,30,1.0,0.011071795135345619,1.7011598188577743,2.1413261548775977e-05,0.21599901653496806,0.26949588149377807,0.000381514786160197,-0.09983978818767097,0.3794908595139382,0.0006244225733428915,0.018726192936614008,0.08336321500755062,6.506330778346753e-10,0.5082889751493908,3.6313968433138077,8.96991241509702e-06,0.0,-0.32104280230113025,-0.3016691763867858,-0.023956100674088713,0.06718732752202274,-0.5303297284914993,-0.05925124437208935,-0.02985825774842529,0.2576133593308532,0.10916191182376984,-0.5130322390593709,0.5303297284914993,44.170506963138386
3.21885630446142,0.3863260486430957,0.6986007132990354,0.4357030207273202,15.430771328389898,0.11653407339521538,0.19144091566519833,30,1.0,0.7553897086511043,0.8435373294672134,0.01750392014769595,0.0005543201117633678,0.03015351707777535,0.4569568718649585,-0.028263264375119446,0.07159732671803269,0.01253157870898262,-0.0031075237814227924,0.030929039479672484,0.4240292691872293,2.2345447237660228,2.0915335543973645,0.0011734332320976202,40.0,-0.6601890526095457,0.1426862589530301,-0.2314844813066884,0.6651233962395428,-0.6230972025620293,0.05507563019496068,-0.14212761490597686,0.008266299210511148,0.10041713769214704,0.06921559119995753,0.6651233962395428,15.012966737024673
0.6434952402723346,0.13299625727899086,0.625120814582817,0.4309702258416372,17.0698931293204,0.33185747188325404,0.4403559636747055,30,1.0,0.6100718583763902,1.9037779080841168,2.9501828992688575e-07,0.16209399526894971,0.32301771498604825,9.603231108919625e-05,-0.3732842597521894,0.3278572394160758,6.147497037212431e-06,-0.0803473528727325,0.09922124890788539,0.011223997501720736,2.2259372697160007,1.5728787977846745,7.439613399437457e-09,0.0,-0.33317029980961077,0.71129410257009,0.0903758603089299,-0.17921664033341117,-0.16659909192769168,-0.051465283627162024,0.07574997679851328,0.28534541041708783,-0.23708055276226436,-0.35369465104461784,0.71129410257009,9.824359911299862
0.7976922248263055,0.5555673601191387,0.777558944998594,0.012276369529832985,9.025816527182428,0.05324491227361635,0.09016420266233792,30,1.0,-0.007553875159773349,0.15041294607804181,0.20092209678156742,0.014626935815365755,0.03399969867681215,0.16986637569706542,0.007065780577236876,0.09802248700373381,0.4566361094970757,-0.00016849140691420223,0.002829037124112417,1.1694765043304932e-05,0.965393344289843,1.442380174402138,0.07048743921947016,80.0,-0.35545659383680667,-0.22252421429910138,0.09451372998753162,0.22458795876389648,-0.5758163697950621,-0.34494598097894,0.730249929764448,0.7002086182897493,-0.5275665245708541,-0.32408913145677526,0.730249929764448,44.01180393653263
1.854130594405562,0.7844002073302514,0.8375590591851971,0.3612592440969991,12.924024119054392,0.06530925384252487,0.17449746399449814,30,1.0,-0.01806677945612894,0.18993799367528988,0.032945221395162316,0.024684600912394584,0.051477155854766546,0.1548405641820012,0.04268338202012229,0.06657250990326337,0.10472638159597031,0.002351942028304375,0.03359664783517573,0.0011099144671332677,2.4623618210909894,3.6472462668312184,0.0047445581810954375,40.0,-0.6537680754236119,0.06387780485957878,0.5239109947637587,-0.33101864368267636,0.10770607593155077,-0.15925569404999074,0.8857803462609923,0.29860873010634115,0.43414027584888654,0.08775006425099914,0.8857803462609923,9.191206380565792
2.1817539240262147,0.20141966030475814,0.4697724456528291,0.26782173286839067,2.8398693671756092,0.18782266048305463,0.26627831418864883,30,1.0,0.8880709217607055,1.5763436252256526,0.001322029684044866,-0.00035547675202047917,0.11233677525544263,0.06452792411888192,-0.020626146344296215,0.11513039984499418,0.9928398655315305,-0.04450287773138936,0.07200493173670111,0.6767933878915563,0.470782516619155,0.6807771411279568,0.0024309995540171287,60.0,-0.8787492643464767,0.07427343354093612,0.08289897094110699,0.1545236318992877,-0.35290327716184927,-0.20395738698208954,0.12427394288570941,0.3027600600191305,0.0036212900100762104,-0.46824383182117935,0.8787492643464767,76.19284341200381
1.996841691878872,0.6476258281289832,0.4392421986137315,0.11707264894939169,10.998702999309426,0.06694698113759068,0.12199081953208546,30,1.0,0.03238087413733463,0.4947080827668086,0.00043788318236784275,0.02622849509939396,0.045147755817668125,0.1857154523064517,-0.006808489945608076,0.05009574287622982,0.29744252018761297,-0.005152893481405611,0.025533362712409517,0.18786697051519763,1.7122456597109061,2.6011494899668386,0.25317249297988137,80.0,-0.6238470773652611,0.0808536528897554,-0.26936480253808803,0.4055066741253079,-0.3734074754066141,-0.13408595328146858,0.41754586300784574,0.7330752462797516,-0.2050502850193282,-0.45471567101308574,0.7330752462797516,29.34161526104272
2.9191811803650056,0.6682397536786332,0.6817518105556524,0.3033149947091745,1.5903739481572587,0.22128439147773538,0.34417971327029295,30,1.0,-0.18002818653340483,1.0330018552722786,0.0014472636525402255,0.21525889574373644,0.12282842480169132,4.7582119414530875e-05,0.06275921333266075,0.21440412339794812,0.005726534000043099,-0.005841505762993222,0.16217375292740524,0.015581953336597093,2.4987352019719755,2.6741749112040565,0.011241440247522919,0.0,0.3461212059683289,-0.23795758376982273,-0.3899205953992163,-0.16241719872664856,-0.08065228191683614,-0.1338367390620033,0.5337733870441341,0.14774560719366997,-0.007854045748104358,-0.13309654862415,0.5337733870441341,7.436884291583195
1.11987142176974,0.6891760603242382,0.5829465332477132,0.060538127810983305,5.4048406930908675,0.04415832220533083,0.06429163882421361,30,1.0,-0.007231254335486866,0.15833873946260305,0.2982602674240436,0.018526847565586115,0.03663668572419408,0.7473191918040356,0.015099975911600387,0.05811128597253399,0.47004244436365417,0.0014665475718932436,0.0151043822098852,0.39461159071180285,0.6584646342309246,1.076251211247758,0.6980568457550648,100.0,-0.47305542584025806,-0.5464893926583756,-0.3216358489407885,-0.00906082519417754,-0.0317871735119677,-0.20113610455552447,0.8376917917621839,0.7945503878693653,-0.3570048229536069,-0.555661431699424,0.8376917917621839,32.13665022417797
4.721936583817064,0.6281177031092837,0.511236649881972,0.09463772638999426,5.746827733379338,0.04615436317254754,0.08291762042030507,30,1.0,0.028843489526415474,0.3618303493936429,3.543504704460408e-06,-0.0018195479409027512,0.03142515765024111,0.2865323092925757,0.005903205248665624,0.05626961122602515,0.15961619344252137,-0.0013437411493103504,0.01828687773265968,0.0002618427640284976,0.201366004076951,1.2775865486729054,0.020002004941191587,40.0,-0.07540404670020946,-0.12775845527013147,-0.12469119499668282,0.2834416992053341,-0.3891756855909832,-0.8026046220594225,0.768911505950358,0.34484462301921714,0.09284405065285566,-0.7194164464865868,0.8026046220594225,23.305041125927524
4.18653382316702,0.09006806051730236,0.7177433184527712,0.27895811678611904,6.385631108990224,0.19416118620723877,0.3668119632978419,30,1.0,-1.0697116027237572,1.7501301657580854,0.0004238994232185136,0.11781551518975455,0.1438460747990029,0.10425820077755238,-0.11056963757651449,0.15007875736704998,0.26121533189723767,-0.048378125865933375,0.10445017460368179,0.550295209510124,1.7226113885837815,3.2416176465050595,1.2022186776099625e-05,60.0,-0.8700120777681437,0.3904236059094496,0.043618059121249476,0.03175259368221612,-0.6766611631259138,-0.2645412449969021,0.3387445807003909,0.35413885958591595,-0.4408683755353997,-0.62223364912619,0.8700120777681437,48.00642908179948
2.01056182353369,0.1886333376887771,0.4133984135193228,0.022662543729364014,11.150275325611572,0.19095077858949894,0.31966274823938357,30,1.0,0.2754935217997129,1.5172434222884716,0.0014597902361625688,0.056203997855706025,0.18391102383670127,0.01518705694078719,0.00369680944500891,0.17889324944555623,0.616506769943328,0.000546913654500751,0.015740190497884825,2.8110860912505334e-07,2.9089774512180657,4.516327378985909,0.012660707563742716,20.0,-0.7000273172821548,0.2572872978932245,-0.1493130871626466,-0.013332010706038622,-0.7120662553082876,-0.20096478136938736,0.5004992268165723,0.365402507597654,-0.5349887220198316,-0.7036330280457511,0.7120662553082876,71.50235068691339
3.4947399670355095,0.970045605437152,0.9009136808755556,0.06725055065606218,19.6738302866155,0.07629800513354545,0.14073495899883134,30,1.0,0.7278005692107397,0.5268155185805881,0.06960969333417309,-0.0056483259056276675,0.021758004395077902,0.013215552297317959,-0.003664485555252913,0.0648805315294854,0.25028988285156795,-0.0013769732715352807,0.013590248915425122,0.34598657626560503,-0.48250894205339834,1.4378491085432328,1.690352687880678e-07,60.0,0.10717409135025922,-0.5450970910738518,0.24271052464786075,0.16610411629261285,0.00920737587791677,0.3867494322953164,0.814296777420836,0.15515480743661325,0.04366604190259894,0.17582263643274632,0.814296777420836,6.6958474366990774
3.7404826799037467,0.9199777235042825,0.03386068615648435,0.41379095817811484,6.665637440812595,0.12041543789591631,0.1999844617982747,30,1.0,0.47372788572630375,0.8365134400370535,0.00020123468078087046,-0.013402518369812263,0.06781037898616453,0.02555762146067576,0.011221139641335276,0.01742592243250806,0.2679597192630294,-0.01305429668093311,0.07029136649656079,0.2595729035477582,1.8505611352086502,3.24495861709178,9.811695532784768e-06,40.0,-0.2826329442498963,-0.24436619647606866,0.32389233478739693,0.14118166277250868,-0.40474645281787996,0.6524900034378411,0.45230779277897293,-0.7587080988777958,0.36987446580334277,0.1425817051998043,0.7587080988777958,21.123213858029242
0.2522059551147844,0.9564926796707002,0.18634678762553875,0.1629580033531271,13.555891193636782,0.03346476335845725,0.0610837938258818,30,1.0,-0.0036183385629244614,0.016675396456701533,0.7958359908179464,0.008343109725054509,0.023594889091205152,0.008015974689589698,0.0002977777266951855,0.024216190450543126,0.680829123221842,4.334078908133273e-05,0.023326451701308756,0.05888831520944111,0.5782443126340832,1.2315153015952092,0.9875455698169883,80.0,-0.408677142490077,-0.5444091420360355,-0.34524336761739305,-0.7043182908011365,-0.3048975229477991,0.08299984695090872,0.7228827895020611,0.28413241120718624,0.33122400856541656,0.05121481590411436,0.7228827895020611,31.14394684766982
2.7663496458611743,0.2722621823578516,0.3936757933393539,0.20327054245352774,5.461335826835391,0.1548325852886331,0.23591701470375892,30,1.0,0.30284689502852896,1.4051687642153903,0.0023164147766025008,0.025626471062756104,0.090819738401453,0.9651831356582465,-0.023766563403334665,0.08555231439283109,0.021908343067266318,-0.0188573234340179,0.07470377976124849,0.4011272363891842,0.955909353250085,1.5693669572189075,0.004728433304731656,40.0,-0.7686165143127993,-0.16261333762280353,-0.1694125548644097,0.07478646576699771,-0.3447713362468692,-0.2771482750592147,0.4416038400523414,0.5261438643344096,-0.38635842121144737,-0.718904636866623,0.7686165143127993,56.360370816414246
0.0635030080344032,0.5879563769844147,0.37217072309528515,0.4223938969285886,11.614423300449602,0.20891705661180465,0.33257608685915174,30,1.0,0.11383438486663998,0.13659155910907803,0.04966378598048643,0.09508887459365636,0.12867014330012827,0.9201234471531494,-0.11872619610518087,0.1593781369540858,0.012688914420073865,-0.10683864900083116,0.12357413130496826,0.1452375380074346,3.1973032119242757,3.6345229810741504,0.0062028513833505515,40.0,-0.25256566435484706,-0.08506445639667082,-0.15377868047644316,-0.10809701880221088,-0.6849184648842925,0.09467569597759176,0.3540532503316376,-0.12162738774589663,-0.12008104160735904,-0.46085682069357287,0.6849184648842925,25.234431196412753
3.972853511351255,0.4399757479428047,0.02013092726099682,0.17058814418965068,11.595881326645006,0.2406991596154727,0.3945914116934586,30,1.0,-0.7050646817664429,1.7465347286631527,0.00039632610955705924,-0.004541152208652525,0.23516821441915917,0.5277209082243124,0.10567844956588898,0.16483308391948917,5.381111353013998e-06,-0.016650838381751392,0.1133664841310143,3.713911066786286e-05,4.957667220941034,4.56369878744628,2.393550205889826e-06,20.0,-0.37082690325741136,-0.12253808833653129,-0.22058288802005083,0.04967280141999061,-0.5766383604794519,-0.030263195576876425,0.1823755471872022,0.3868642121535134,-0.40116569414153386,-0.863450343851436,0.863450343851436,29.76683881650782
4.679828504957411,0.28203848836494433,0.6164523850541789,0.13184293641162345,14.075681972412657,0.11371933507527265,0.22548196706735127,30,1.0,-0.35834370456595366,1.1920307150245386,1.2428153341386348e-07,0.03904752643932112,0.07241922460670285,0.00014313886194859465,-0.04029199823636806,0.08298693460666655,0.01672834871103918,0.0002798255216910239,0.043403613066195036,0.3580071565486026,1.5427019220325962,3.2765563343531006,0.008594401747989377,20.0,-0.859849130739544,0.40096227104344023,0.09954620379175706,0.09096665533368403,-0.6868803756027714,-0.3128788417033768,0.3304520388603034,0.39016931884402123,-0.4351749484472014,-0.7488001446044003,0.859849130739544,30.401084596377622
2.269975755605663,0.6569939931079928,0.10807471947225278,0.39193294845654264,19.47699983691149,0.09522618853679658,0.17617649576445957,30,1.0,0.2721086646424805,1.039988766914378,0.014020083047405039,-0.0039021534596918855,0.069841102388743,0.2804353529114909,0.0010933122412500407,0.020951024384853686,0.2409465970426568,-0.03973524551189292,0.06589069541800134,0.162559520693203,-0.2526320572499637,1.2007429981923639,9.803301044885719e-07,60.0,-0.9268408941570276,0.4515455234419909,-0.5498343486218336,0.1452545689005719,-0.6808841428156123,0.6028645904118254,-0.00026451817999172903,-0.5830721708193516,0.08397603653488082,0.1553844663593847,0.9268408941570276,16.58108962876532
1.7044867074761498,0.6095182909335279,0.600846132806014,0.38478030793606705,0.5212814059991282,0.28182631565375665,0.5236115092523386,30,1.0,1.4980166585009178,1.6186962858650187,5.970624892151926e-05,0.31349820350384133,0.14137479761904306,1.7254117238271296e-08,0.1579884446809715,0.23137232626659315,0.0001663380924504354,-0.14721000682887633,0.21234330053336126,3.052966814500821e-05,1.6302660422799657,1.6875101779998611,0.008353423337216084,0.0,0.3097134498614463,0.546125433523402,-0.7005315113929916,0.002381513419906609,0.3655045430234877,-0.06616705994281076,0.3346114503103342,-0.44938581822095275,-0.03604102031096865,0.059366038534980646,0.7005315113929916,11.585782570901873
2.5902831998768083,0.8627957336403689,0.29448715936092995,0.27389502752844136,13.39875985658054,0.07949921262874926,0.15888970549317866,30,1.0,0.04480873581074463,0.21357277878826159,0.7040496295250392,0.02538523940215876,0.046879727603331596,0.3282678937610996,-0.010388317680509674,0.021877016043675045,0.7955000846495426,0.008871309706815536,0.03871914039653485,0.04198744396744295,2.101814869447662,3.482118329625869,0.00606385956598172,60.0,0.024314189254198038,-0.023138586610400483,0.05500557013359247,0.353729780139316,-0.3939232072792266,0.48696371619861434,0.9043262083669729,0.014471562050203142,-0.14330979996693233,0.48403050035192774,0.9043262083669729,10.786905273263482
4.4783295337040965,0.8483026253997242,0.6454945887271178,0.018323421100677882,0.8939543585600722,0.43863541188054417,0.451989850311926,30,1.0,0.5216704662959035,0.0,1.0,0.13975739200969337,0.01044712597325807,7.76637667465555e-12,-0.049476391186129745,0.14668341605644025,2.0096525290125696e-06,0.2841842495361327,0.22676949993047663,1.075837196070922e-06,0.6141215544318551,0.5982329492165656,0.028411186016377554,20.0,,,,,0.05500363613062382,0.23952652731049331,-0.09589993885033764,-0.45464330786483387,-0.783358120206856,0.1469158856918584,,3.947231479902003
1.7114576081180122,0.15501683902500674,0.9749793216945557,0.4638847474404292,8.104280287584455,0.2205235682933461,0.4180687721268921,30,1.0,0.4579477218413108,1.54791235959252,0.0005823609977846326,0.07104776511005019,0.11611763961580185,0.9209793156186276,-0.19934292982453758,0.20929984115214048,0.0041067324665879715,-0.10134875079805113,0.13498662689929472,0.0008239262765673267,1.3726298412713676,2.437144793131729,0.00029254097423622076,20.0,-0.7468234341587502,-0.059879788685608046,-0.05068468938272918,0.32040893281318833,-0.44574365636112695,-0.28079829245445553,0.12265113492780458,0.27467722850294607,-0.3722513897095535,-0.44189298714108177,0.7468234341587502,39.527729715053674
2.8341386839020357,0.6031531464510703,0.40707342631795956,0.15177386160091963,17.316166170933936,0.06503247763468567,0.10891777548707927,30,1.0,0.15203329375656202,0.6288243846418754,0.030563692927571516,0.001209896694812951,0.032699146483877,0.7049650717901624,-0.0045713566062051255,0.023029374547282547,0.5004063093977067,0.0014896778896399236,0.019819679329203543,0.11958901688063761,0.7173363992557105,1.92923460810551,0.002221398963552532,60.0,-0.8375342668402186,0.5962871503410933,0.2852595875829335,0.5219563091561037,-0.6538043986540629,-0.5062246941019208,-0.01438530812661385,0.3231847329017253,0.2654800436621272,-0.2960930522312556,0.8375342668402186,18.053272628442077
3.520335891706051,0.5448065485059228,0.6670782923319624,0.4994217710796095,7.375658465106763,0.10548459287884765,0.30312858680325794,30,1.0,-0.2595241168260128,0.6004288253832516,0.0008344884551702276,0.08602343026469204,0.09869997862811572,0.07751448937816327,-0.036385473238258824,0.09106192705798972,0.6012137349039863,-0.037002660316429646,0.045046580195821424,8.776295603229335e-05,3.29004156029539,4.011281611240121,8.699924504366941e-05,40.0,-0.6231323678352192,0.02246857312713583,-0.0005459635225980732,-0.4485863033575064,-0.6410561326311148,0.027484407036097145,0.9360379116575309,-0.07415679918558103,-0.5333464417234575,0.07408263974920826,0.9360379116575309,11.557340583226221
0.33890172283950804,0.18426724043836978,0.9254345987655916,0.29638522289665864,2.001791639127955,0.11544368799408335,0.25326584952892545,30,1.0,0.347764114158978,0.9764043545688469,1.7970088654403194e-07,0.017807489738845883,0.08744455800919233,0.9622662324178013,-0.08678723879116286,0.17771013982647224,6.659936262385574e-05,-0.026128682921976665,0.11006810677891539,0.6553776103338252,0.5074917447449866,0.6164868466917963,0.0003636007365026628,40.0,-0.7098000392931236,-0.24463562764246718,-0.2686763948730163,0.4061250364186245,-0.2972027878896404,0.0006528241172544019,-0.12032741724027823,0.5687608413147479,-0.4566855998453052,-0.5435620611504882,0.7098000392931236,86.51484595066759
1.302023726796801,0.08711563403473832,0.11840930074124516,0.12535311439918712,2.083500962743581,0.1975766580713323,0.3369494612678152,30,1.0,0.36507850980933537,1.705201781324539,9.544348451576373e-05,0.19384604100993263,0.23635200940899143,0.004303830123142342,0.0019090793848370775,0.18383500687034632,3.726541443062629e-08,-0.017041175356108586,0.07269320146942086,0.0002494551712908858,0.7903440709885668,1.1201311440272466,0.0027771943806934435,0.0,-0.38547121717384714,-0.368420913305784,-0.012282864881222525,-0.1343273344993737,-0.35038855049300643,-0.2383875855278089,0.5246948109315289,0.2427122058838579,-0.24154942797291412,-0.6927419259052724,0.6927419259052724,97.98933790906696
2.6196700911625923,0.3316213155859541,0.6308061560460938,0.06930453634540654,8.732358149279731,0.16353992857185648,0.2662911795902935,30,1.0,0.7236421146064994,1.1924128158150236,0.08903640375378934,0.014129944810809038,0.07869109595010607,0.3063098535312032,-0.05595636374063786,0.12718937055588472,0.03981171515040426,-0.012946119971651708,0.031818425424724434,0.00018247753489672545,3.513674484877815,3.816986995975263,0.20891070654861404,60.0,-0.7330940254571471,0.09697117573989865,-0.10569685002991352,0.2224772662628098,-0.6573696872471063,-0.4063271921499976,0.4210741697565832,0.8487290114974032,-0.7692252646035154,-0.7752944549086824,0.8487290114974032,57.521847411635854
0.531497695258376,0.4467721016872371,0.2857857403848685,0.08663277906119375,18.572763478526497,0.22307028738742452,0.40428002964014653,30,1.0,0.6147692427533179,1.4466115574339034,8.346631196660826e-07,0.06297164010370065,0.26523870934324556,0.36548037411584694,0.08767532452511381,0.3557212424327121,0.00022739253953450294,0.043732165754094776,0.08229853413360726,4.652411880935459e-06,-0.6352509908909281,3.17494592021675,6.839356159229529e-07,20.0,-0.6027093498071155,0.21469817181572642,0.29827110333838164,-0.2796847006203933,-0.769161512843659,-0.18098342443123747,0.3284577768655004,0.24992265259007737,-0.3046131437867493,-0.5386987160821631,0.769161512843659,27.89343536003543
