true_$A_{rew}$ (Reward L-Rate),true_$A_{pun}$ (Punish L-Rate),true_$K'$ (Decay Rate),true_$\beta_F$ (Freq Weight),true_$\beta_P$ (Perseverance),kl_div_$A_{rew}$ (Reward L-Rate),post_std_$A_{rew}$ (Reward L-Rate),ess_$A_{rew}$ (Reward L-Rate),kl_div_$A_{pun}$ (Punish L-Rate),post_std_$A_{pun}$ (Punish L-Rate),ess_$A_{pun}$ (Punish L-Rate),kl_div_$K'$ (Decay Rate),post_std_$K'$ (Decay Rate),ess_$K'$ (Decay Rate),kl_div_$\beta_F$ (Freq Weight),post_std_$\beta_F$ (Freq Weight),ess_$\beta_F$ (Freq Weight),kl_div_$\beta_P$ (Perseverance),post_std_$\beta_P$ (Perseverance),ess_$\beta_P$ (Perseverance),post_corr_$A_{rew}$ (Reward L-Rate)_$A_{pun}$ (Punish L-Rate),post_corr_$A_{rew}$ (Reward L-Rate)_$K'$ (Decay Rate),post_corr_$A_{rew}$ (Reward L-Rate)_$\beta_F$ (Freq Weight),post_corr_$A_{rew}$ (Reward L-Rate)_$\beta_P$ (Perseverance),post_corr_$A_{pun}$ (Punish L-Rate)_$K'$ (Decay Rate),post_corr_$A_{pun}$ (Punish L-Rate)_$\beta_F$ (Freq Weight),post_corr_$A_{pun}$ (Punish L-Rate)_$\beta_P$ (Perseverance),post_corr_$K'$ (Decay Rate)_$\beta_F$ (Freq Weight),post_corr_$K'$ (Decay Rate)_$\beta_P$ (Perseverance),post_corr_$\beta_F$ (Freq Weight)_$\beta_P$ (Perseverance),max_post_corr,mean_kl_div,min_ess
0.352281211527623,0.1662799931712745,1.234483266303796,-0.3394736058118717,9.897452151078646,0.1131096173661283,0.2402936348746937,271.7029986893372,1.1877020569017744,0.0760506970704726,310.6206704935139,1.845919655777239,0.1937247146305116,280.2306897345286,1.810622615082254,0.8723631427356838,266.8509997734117,1.3448159909503004,1.3694637751954426,267.9241251301244,0.4669517567417545,0.0816408465954247,0.6460691042859473,0.1854386266414108,0.0182615906034851,0.3481409575831222,0.1436550412277129,0.1754676424042991,0.8287822219761438,0.0859760906572694,0.8287822219761438,1.2604339872155392,266.8509997734117
0.7996432889306652,0.9076309743354378,3.960696784736153,-5.825622726535109,-6.094697880211391,0.8556192567212398,0.1035447130531442,302.57585399754726,1.6546788431725992,0.0502910692067262,281.5431353691726,0.0124438314761541,1.3778437309306382,265.8264064190057,1.3881658805388042,1.293424893281798,306.364900691869,0.0,5.5394187974365465,249.50433073702428,0.3766716481370362,0.034960735690767,0.1570602543057306,0.2878480522337852,-0.0166530437495101,-0.2372894307178262,-0.0229028554471681,0.0928007050592555,0.0996045757092164,0.1327211843446223,0.3766716481370362,0.7821815623817596,249.50433073702428
0.6004862623678128,0.7666184935782674,4.9740570819806775,-0.964552322654166,0.1684776702749992,0.6532705718653118,0.126355123635267,294.4120066472524,1.461390655351402,0.0656066000712273,276.9644408962921,0.125791707670285,1.2046646990458718,270.3375642575797,2.8351152923067007,0.2874628138785524,297.9941624894842,0.1214448004984465,4.747925806365308,319.2496398450008,0.1897678659517833,0.2679912201453144,0.4024209508361182,0.2221749304660057,-0.0659856350679186,0.0004119550158517,0.0012713571565677,-0.0338646059290343,0.0961033449720028,-0.0459444082707972,0.4024209508361182,1.0394026055384291,270.3375642575797
0.3879521575565879,0.8128717523447231,3.496809137194792,-1.839286933142916,8.800593068432484,0.8971853267165154,0.101317661047767,279.218004481445,1.4013197463470388,0.0681584639725575,286.376952396992,0.1530160256062895,1.1330930443168554,302.40317457507524,2.5217007363652466,0.3941484023636148,334.7408071004689,0.0934363461365435,4.880093127244642,270.79061945023625,0.0519290084153153,0.2589859239087525,0.5736861581276076,0.4048698637543659,-0.0369273271595561,0.0131512837583605,-0.0339399726819094,0.1388317931227255,0.0819900227480174,0.2398469847824312,0.5736861581276076,1.013331636234327,270.79061945023625
0.5080890758363388,0.7867200612897164,0.3383679629016783,-9.37862422426444,-6.755676699414752,0.7630234024829162,0.1134715734600078,367.3376350835945,0.946002912143,0.0950670954077168,294.4763535591795,1.419058315086722,0.7411750387462053,286.1491454090197,1.896429445782963,0.869481161575238,291.83012629830614,0.8530457645660108,2.50621978547896,302.179835930529,-0.1571501056384965,0.2596721825279989,0.3936778162666568,0.3716392456948189,-0.4207875620242717,-0.2619895946887577,-0.4590145580942173,0.1700963981908186,0.4076578109891299,0.4257051491888058,0.4590145580942173,1.1755119680123225,286.1491454090197
0.4281975056956374,0.0262821243828041,1.2956175040341948,1.3691421015864904,0.271503344800891,0.9749715505262844,0.1072606087291541,351.1099224890765,2.6464508710177284,0.0193625812914637,356.9890978816658,0.2262592468359552,1.10320439810742,300.4257025537447,2.184358175868496,0.5529445603874378,331.5610428149599,0.0561348251153437,4.963355049035056,330.09640752781775,0.4921319063554257,-0.0452301895760161,-0.281589161462318,-0.0311012231360633,-0.071143654558884,-0.3099010361699076,-0.0589301775366751,-0.0156747509022814,0.0111364601792671,-0.2009872373530085,0.4921319063554257,1.2176349338727614,300.4257025537447
0.92170727368404,0.3306642528703066,0.986706501927024,4.081984820928337,-2.582127645426178,1.1207748682454852,0.0824989962498959,304.6949498633708,1.6669947393087112,0.0463063464215556,342.1448974855659,0.1364302226598788,1.2198302916429369,252.0063832775776,1.829812195129065,0.8004774562444923,279.1861878023155,0.4251766817682054,3.603140022100698,271.2603066170374,0.0974779675559254,0.0930955241746812,-0.1632718481119669,-0.0043663523675108,0.2946041854754743,-0.4343036463330401,0.1348736577096883,-0.593874808970186,0.1185803622754056,-0.3312647860232892,0.593874808970186,1.035837741422269,252.0063832775776
0.6659581956070529,0.4786971689600368,0.2762147536887033,-9.11448610280677,7.764645443412153,1.3690530460487125,0.0615963532728555,402.8531975957776,1.3680436914591292,0.0616267127516461,410.2990518793303,3.067249941145622,0.0589638023113511,402.8292661120292,1.8856079405377824,0.8347480078567021,339.7258554484283,1.5067897265350043,1.0830705692771856,386.2979887868914,-0.1506603930315494,0.537375378165583,0.2660171802148111,0.7086909694074348,0.2897798383151,-0.0512920357954165,-0.2823365507356369,0.0745435810850727,0.3918498718098819,-0.2379903442109796,0.7086909694074348,1.83934886914525,339.7258554484283
0.4673955828823429,0.683134530916483,4.714986744899888,-6.662473328276408,5.2335480397209615,0.7373146746794427,0.1178338136696254,289.03055546889993,0.9950876785657264,0.0896046573661589,346.8513128594032,0.0798182752813718,1.2896216961950893,216.856065677681,1.714160357514365,0.9024425410370736,270.0930212496164,0.2663350166590335,4.308814389662208,281.3365779626618,0.1923692636878601,-0.4439428085496379,0.7186622071210365,0.3332570640079974,0.0490188702274439,0.0838783037470002,0.0925050131521783,-0.3035853453460607,-0.2367752929720119,0.258314425999112,0.7186622071210365,0.7585432005399879,216.856065677681
0.9130284901893916,0.2216234025358153,2.4855835948034875,5.780721807569302,2.2001790539051527,0.7291150765465666,0.1171685628268548,294.75838809534145,1.802162501055915,0.0399895074684601,306.7633783980257,0.0486262597709121,1.2616700362193134,242.294880386708,1.177000739495322,1.5657770364258383,310.5531852103413,0.0246699182186937,5.232172446063899,238.9364342779565,-0.1998597030892739,-0.1785208524921124,0.0300317655991368,0.1347841471885048,0.0022557108090517,0.4267258586088547,-0.0441990590678241,0.2872032513115744,-0.1757951516745801,-0.2952585256907901,0.4267258586088547,0.756314899017482,238.9364342779565
0.7112420836331902,0.569786524547885,1.3152600935590752,2.1365918177365533,-0.611660548337813,0.6388262731191706,0.1286052409920276,302.1932105096803,0.6825344790861336,0.1237571434632159,362.1928703165858,0.0886706157572825,1.2368112723007263,271.0918963702154,2.370971005067412,0.4704032910026248,344.4879281595699,0.1220031729820876,4.798555218308676,329.4664389259754,0.0651214533432001,0.0865946548059712,-0.4695096847210787,0.0796996552721144,0.0998932973722671,-0.4248440604339831,-0.0128992123183374,-0.4189776630150588,0.0872424160337271,-0.2854042893111408,0.4695096847210787,0.7806011092024173,271.0918963702154
0.5321283242704007,0.4922722722669044,4.771562940202355,7.565374430715501,-7.422906014707195,1.057068995279645,0.0925842262945174,334.0714683156223,1.629614399670105,0.0493684043667808,306.62575196131587,0.0062964002544803,1.3470037327121045,304.0889005481898,1.2204513705793691,1.5608513752665083,290.76112741518466,0.0755241636346242,4.869769084151283,274.2334127916177,-0.1500771053886438,0.303551704768321,0.1616390154754559,0.2180286913368906,0.2007710614106135,-0.3923677543643498,0.2111267838483083,-0.0538135871729496,0.1234021832611021,-0.0743195061447587,0.3923677543643498,0.7977910658836447,274.2334127916177
0.5931293384413311,0.7747384598626916,1.661161602965389,8.873074176516347,-1.4203343805807442,0.5616553086892472,0.1384155296589407,322.91780648314926,0.8984791852562504,0.1034122825507344,289.3417402481548,0.101603435381145,1.20396893476092,280.9180925880111,1.471565075272815,1.27682296643672,314.5258534854242,0.0074119323370558,5.383949885338019,298.2587444926846,-0.0403962346940838,-0.0647907344936324,-0.0145198547736689,0.1561728690889479,-0.0436571632173022,-0.0834260156168652,0.1156318241644107,0.0319208154510666,-0.0914361151192864,-0.1146155848006022,0.1561728690889479,0.6081429873873028,280.9180925880111
0.7228964663336567,0.2169491101466771,4.867806743995967,-6.053292663500169,0.7126565221535266,1.1426765178612952,0.0774838244477842,357.9436108231832,2.036694157976749,0.031831540387468,335.4540485046835,0.1114666553305023,1.2250271180125711,317.2349277652795,1.940216716204236,0.704311407594709,402.8700348882819,0.0343005846018544,5.032080270933157,284.7897999878025,0.4875186498172962,-0.0378371662203803,0.4472882804603166,0.1049890210621543,-0.0292385025739642,0.490716808429287,-0.0152409894643164,-0.0064442832073957,0.0533346228154912,0.0847545567960994,0.490716808429287,1.0530709263949274,284.7897999878025
0.296222289158112,0.9894303751458272,2.136387921907742,-3.3192085106468747,-6.890077187579113,1.1962577357953437,0.0734627992488526,339.22060501467377,1.808335092949247,0.046412117765981,344.7911138100857,0.1285697750726235,1.159505372431457,263.28851727224304,2.51294700446442,0.3953366378090992,354.0991000504841,0.1412890686094221,4.791468517394748,336.4168216486703,0.1006053507977409,0.2752497527326695,0.4669272691470042,0.3571775414946298,-0.0465477598501053,-0.0250910253301471,0.052003249674274,0.1301641324594886,0.0930797224200429,0.13075860622067,0.4669272691470042,1.1574797353782114,263.28851727224304
0.1840704349875116,0.9549194441014232,2.256271897958127,3.8635008992050057,3.117637820682887,1.8421148970065928,0.0415648017111438,290.0422406191161,2.134564610586911,0.0388178142005981,254.9501574142353,0.0750570239952646,1.2252658859929784,254.4029476238885,1.2633579669834774,1.3875147886376904,282.0328893896313,0.0459060159808126,5.0237923643038895,296.23374455016534,0.0434487665482517,0.230582258232296,-0.7296029743360755,-0.3419194906007214,-0.080328724182601,-0.0719800141141843,0.0257444225605943,-0.1597032746290311,-0.0680974902819357,0.1107172319688764,0.7296029743360755,1.0722001029106116,254.4029476238885
0.0342901508675326,0.8802763154970392,2.8109849253045303,-4.6333945839815405,6.706802969403753,3.202147212660264,0.0098499073021096,374.5840129533495,0.705215521496025,0.1229100883534749,331.41188431145525,0.1884127665221042,1.1014491363628471,279.77328714557524,1.392484919085118,1.2169442678870606,327.0102582676839,0.0220854704076844,5.160063303899572,326.03371158796006,0.5117290384291729,0.025212890689489,0.013680454381283,0.1672525561956088,-0.0059456789568807,0.4946510066385612,-0.0685182166456644,0.0328638579987139,0.0432737458224847,0.0603754917801544,0.5117290384291729,1.1020691780342389,279.77328714557524
0.998101322349459,0.1335108536810474,0.6247736881488885,-7.223098012733072,-0.4264205674603101,1.5889878930763774,0.054582198519764,334.63055764937826,2.6798041717311336,0.0168263702163846,306.91836098054205,0.1397183957580068,1.1463445074987544,274.5128515426513,1.736604630688681,0.8683098842036598,316.5347776025929,0.0766091792204433,4.967165821507139,297.90876107243633,0.4104941894803587,-0.0231029488882759,0.3037946679857666,0.0293431898565246,0.059370746925841,0.4677706172669414,-0.0776762501005695,0.0123594824473533,-0.1348495064079918,0.0033984706136816,0.4677706172669414,1.2443448540949285,274.5128515426513
0.5715623024234703,0.7235209905697595,0.7276921862212984,-2.2762042452192954,-5.0620647345800185,0.6730947228118829,0.1235992610023725,351.267245739723,1.1159880469156915,0.0793773081250642,390.4206242352858,1.1281535555137872,0.392884423556206,400.2714907148604,2.5937083146556144,0.3642790649358124,376.97513374459095,0.9281822632530958,2.086278534595812,392.6103967688645,0.1353131957167126,0.1671630470922342,0.3370709335578747,0.0135584442883765,-0.155906241085875,-0.1537472914732131,0.0622333614952145,-0.0061948999153113,-0.7598670503375871,0.0521178266839743,0.7598670503375871,1.2878253806300144,351.267245739723
0.9724366205935858,0.9395335790518504,1.8940391236901128,8.17630428455659,7.944384890843747,0.3155032245155435,0.1861566504230726,252.8031214453437,0.8526533809825027,0.1083075831299832,259.96588261370545,0.0082555951119558,1.407744916453885,249.67095417466635,1.2147561806924725,1.5878144455267835,223.22974359681567,0.0293254184455107,5.127583343247743,262.3781899470866,-0.1843589773876618,0.1633932406487704,-0.1001745137011643,0.1674886449059934,-0.0277525123205051,-0.1676145319380749,0.0109775638665189,-0.103461755694984,0.1319605102883431,-0.1377663449863965,0.1843589773876618,0.484098759949597,223.22974359681567
0.8216159186354115,0.3433169228045687,4.138720356589789,9.5964326432046,-9.35575018079316,0.6830778173878247,0.1226342820864131,285.4121693702631,1.4796781322385657,0.0587333670989804,329.64904282121006,0.0381762380373889,1.2789147136772885,260.39174204263395,1.3796531498386218,1.3507447840642737,306.0446601659435,0.0127077177654442,5.335778839364101,241.26356445171905,-0.217383632324331,-0.1476614512065721,-0.0082220265758793,0.1680339573006839,-0.2904376293651338,-0.2430710183069014,0.3179451504725802,0.1815154847463446,-0.174922971021973,-0.1886830446328186,0.3179451504725802,0.718658611053569,241.26356445171905
0.3215655837574087,0.4567709414065213,2.243862103379425,-1.411446388030651,-4.92600236891528,0.5661125564016251,0.1387335057481959,347.71226442483453,0.9821905760487196,0.0919458158465813,326.34960050671475,0.184980928421794,1.068524418643524,326.92150698182473,2.5146304516372755,0.4011508969650664,350.11527258451,0.192553878960866,4.49057365865515,317.45843471701744,0.4320998828540799,0.2965298915835154,0.4673963770372912,0.239777676741309,0.0940443944939641,0.074206458456686,0.1284513406620036,0.070138600221411,0.1013829640669286,0.0758665923851966,0.4673963770372912,0.888093678294056,317.45843471701744
0.1760913526274605,0.2340406531106518,4.059587426396785,-1.1158439137883782,9.22989326416184,1.1913510576593087,0.0759496998532079,288.0409081787658,1.3378615240737142,0.0652618403598735,271.50588824366764,0.1905142364062462,1.628558320163081,203.6227695345761,2.3715085374427973,0.4551017923308726,298.6660081289241,0.0101298684606923,5.255125795441449,232.3955651760349,0.4834346308462249,0.0518051176172704,0.0307385760082935,0.1033710471130957,-0.2111120383807773,-0.1697635633742554,-0.0609292852617219,-0.106270440344783,0.3864629060307474,-0.1842438750514245,0.4834346308462249,1.0202730448085515,203.6227695345761
0.202030989444758,0.3626899750922446,0.914026852202453,2.313581392044979,6.256918574076838,0.1921144259236526,0.2122070423996172,318.2115009361306,0.4755030467260959,0.1721087551192271,342.96931237097704,1.3289747997076358,0.3380412575406567,345.20981224752194,1.6171339997278211,0.9830107534410936,336.69708956772007,1.0864837872358988,1.7438407427794762,355.7439042017942,0.2252583032300505,-0.0709918901381359,-0.2948115813543082,-0.0866525581390205,-0.3540992752311382,-0.5952446575915067,0.0725947651180692,0.5280451105292441,0.6669263185966561,-0.0125568048648898,0.6669263185966561,0.940042011864221,318.2115009361306
0.6876062145350238,0.7319238257741363,3.318021836438145,5.980177371684023,6.197212742458362,0.7887593875638788,0.1152695168800203,333.7190936959525,0.8989313418683786,0.1051117003239128,287.50069755784926,0.0532379383456045,1.2483713131629102,262.9415125660145,1.129350078284521,1.6935393572658992,277.0679967186751,0.0271185044978152,5.195997101554466,348.98661749265926,0.0018601157189742,-0.1564356627408671,0.2571436494808122,0.2462545560624383,0.0129219927160007,-0.2062011677567883,0.0862167726711827,0.0292698225895802,-0.1416726748513203,-0.0172566501906099,0.2571436494808122,0.5794794501120396,262.9415125660145
0.6747099716239398,0.2575499342974884,2.771752469426378,-1.220680593544511,-2.100208955020673,0.465497536605465,0.1558586788342052,337.4489521002845,1.1659905758570523,0.0769704098578427,381.924282311454,0.2117857161117449,1.0656117987526383,320.4805214734388,2.837252521485034,0.2856259973214964,350.5519961592084,0.1768110776935718,4.448048165903509,313.4002821562185,0.1322504731079985,0.0598166055114525,0.3858162148794527,-0.0053578616902129,0.0155097650287393,-0.1110240044739493,0.0583199409179804,-0.1253345085133751,0.0042500969996187,-0.1549192816313917,0.3858162148794527,0.9714674855505738,313.4002821562185
0.2487974821740018,0.3909673012185995,4.57094694301498,-0.4693739609069673,4.281816901703719,1.169601051498671,0.0755569001661234,400.8265282150116,1.314307426884897,0.0656151226569353,365.7520864073082,0.1547664419474439,1.2576607979067966,276.80882634797786,2.2742129077930127,0.5163713771496864,365.7123941326815,0.0793351728210662,4.852515635774873,325.8916887321267,0.6473608037858997,0.0432385157598843,-0.1241487268360932,0.0221525922435956,-0.0282783757548453,-0.1741355810579659,-0.0514890891408842,-0.1123043099845713,0.0691059578277528,-0.1246471776326992,0.6473608037858997,0.998444600189018,276.80882634797786
0.6394924173671236,0.9851529657772788,1.5529702795152245,3.3365722214354587,-0.2329215635164025,0.6646833880350722,0.1275125134987949,265.22530047679834,1.3292650056064657,0.0770890290619141,252.22432514952905,0.183566360343816,1.1242917190848574,274.0132881687318,1.5842537490626825,1.061039712989428,260.4691046889991,0.0209580762146321,5.138806124701542,268.8703169098294,0.1608165821037554,-0.0087173817888247,-0.7401328585972892,-0.0813404751467561,-0.0003033911381184,-0.2255368295432906,0.089789233084609,-0.0817324963212386,0.0523549094379471,-0.0885105559158326,0.7401328585972892,0.7565453158525337,252.22432514952905
0.7745831498582353,0.6425367528446837,0.7770719678770754,3.0391750947635465,-7.713154380086384,0.7912103880369445,0.111549215662244,393.5016440172036,0.8458634369428127,0.105949420552705,393.7757146609121,1.6527941667838888,0.2553092065892872,341.73947504427304,2.196181549075825,0.5413194389271236,365.2971797258273,1.106904331996239,1.726656637746709,354.6386923878786,0.2318477843177652,0.3277061211731599,0.0197357425848305,-0.3246969517122811,0.2542983653747726,-0.0365665117137818,-0.348907170928494,0.1120518456005239,-0.6357959065987633,-0.6997522739573815,0.6997522739573815,1.318590774567142,341.73947504427304
0.4733310438714627,0.5761108958658403,3.792987545550069,-8.932970171318406,2.7956775840239345,1.3033951562135966,0.0682681676687076,298.9297269692002,1.156290206742267,0.0769319350343707,369.45030304617273,0.1017616563525656,1.200508581306728,300.366684000589,1.4992627678292103,1.098677583219522,284.0430440406273,0.0179941578440101,5.237707350589729,331.8077423212834,-0.1179601881249641,-0.087815782535553,0.5733099419451816,0.3749528752897492,-0.0664749057820081,-0.2358485592810914,-0.0362644291166066,0.0447281914201129,-0.1426163886383682,0.2249795302019457,0.5733099419451816,0.8157407889963298,284.0430440406273
0.9608136065965404,0.8652042591228282,4.838489300455256,6.740624705085743,-5.221715148227089,1.1515140946834694,0.1094152754636958,277.79372295941664,0.7528415201420442,0.1225241951166748,241.37855966731863,0.0164342858488997,1.3433718583426115,231.8882646661529,1.087557822610958,1.7334233202314226,262.2705241131154,0.2263505149991984,4.355092929665075,234.94801954164845,-0.155032957142272,0.2751461336286892,0.0597370633909158,0.1496318533839885,-0.0349698022162655,-0.0889032384181366,0.0117865574267332,-0.1388809518549046,0.1882311771810821,-0.126559962743859,0.2751461336286892,0.646939647656914,231.8882646661529
0.3787199252149226,0.3574732868372867,1.0694228197011466,-8.474836808681436,-9.753729498383532,1.3831310845794096,0.0611022992785513,283.03413211112763,1.8479331812490525,0.0382413367148501,421.2534916903197,1.54114086910221,0.260364609311116,328.96867472680674,1.8208076029915576,0.7886396896287786,329.36281429074904,1.0540702730023497,1.8049924864932456,344.2568896792112,0.0091962511480282,0.3134049610019295,0.5299874687785434,0.0172498374891272,-0.1986875375120857,-0.1209006110956546,-0.1079518987617623,0.0459219781316486,-0.7029283141934084,0.4088926621660722,0.7029283141934084,1.529416602184916,283.03413211112763
0.4828654359121933,0.5017425128782607,2.402698777322096,8.70412608717509,4.680081311695476,0.3704839625198354,0.1721399669593847,301.5878878686585,0.9616172737442712,0.0977780187337354,244.46874871554985,0.2212394244036408,1.2172577626973458,217.5588780881353,1.023866217066873,1.8185566450506312,241.522121172292,0.4622167376311816,3.781728866335163,253.74142040915453,0.1709470954669182,-0.2715464886606502,-0.3822105079505157,0.1773123724926603,-0.5756425743240794,-0.4398310140558186,0.3777084462781873,0.2258559229027792,-0.2969204709589447,-0.194397823484104,0.5756425743240794,0.6078847230731604,217.5588780881353
0.6160594357181588,0.0417339498827547,4.284702168792467,-6.221283906374277,-6.5012659863241264,1.0860336920408604,0.0825095358425986,325.4232481741822,3.075323850651635,0.0117734379310757,335.4877767794107,0.1157390007645182,1.143155266432874,285.77735127291214,1.5327882861317177,1.051816065371071,341.51461375158345,0.2744634325401853,4.206933027092668,316.4743940567557,0.4266635283597328,0.1540113262812783,0.6202810300622846,0.1494694277007912,0.0260782509097381,0.4553486569950088,0.0799305510302212,-0.0161795963272839,0.0821423484592222,0.0311606860350724,0.6202810300622846,1.2168696524257832,285.77735127291214
0.444581129208776,0.2807211722679115,0.2194506226481686,6.012791285990208,-5.933962798936502,1.37098455034259,0.0615425293567679,413.60048868387713,1.8831322369299768,0.0370096989790574,396.0972008730605,2.70118625350204,0.086526024001509,351.11249914310486,1.7254289443089958,0.8674429962805542,361.24444715114095,1.3324545145389668,1.2935780420406282,362.3544829802637,-0.037902257762514,0.2172025522035818,-0.1349781438452534,-0.1661950659522555,0.2610835409335931,-0.0750846927779419,-0.2016375789709556,0.1333904316514919,-0.4658456736146904,-0.8123290182148278,0.8123290182148278,1.802637299924514,351.11249914310486
0.6592317920184646,0.3758977313411697,1.017028868265405,-0.7783354532509836,-4.14972160389139,0.5037691502746992,0.1644682492302048,328.9289295666815,1.5329629675701726,0.0526462140492591,358.51666244615484,0.6024764831866911,0.7410977681718839,304.37290763252554,2.680998309484493,0.3321544007842862,389.3768017014756,0.73478712888044,2.5876685378362203,353.0498676718248,0.2427734448292859,0.2087176366687016,-0.0254582282080096,0.0689554127688725,0.0844338560050773,-0.3549367741051398,0.0890043945840211,-0.2736483428503968,-0.3395243681948954,-0.0640445866503214,0.3549367741051398,1.210998807879299,304.37290763252554
0.2316298909410323,0.0061039312273916,3.7427737905566976,3.736814189633842,-3.9544024864221967,0.8979014131968889,0.1014513864742399,266.8201021441776,2.413859740090197,0.0266764031424326,235.8426081857716,0.0515527801799173,1.2571232658239098,217.7888299377568,1.5274127353804736,1.1527732145780871,231.5586901526981,0.0007417506581703,5.517543234086856,261.79906908576754,0.0557036355227991,0.046935733081361,0.1006088324217632,0.0093451071995475,0.0206027977178105,-0.212581032038422,-0.0787314143695011,-0.4034081476397357,0.2871168474478671,-0.4157405609873217,0.4157405609873217,0.9782936839011296,217.7888299377568
0.7501306047576729,0.620916225800559,4.495276666596924,2.5015693568849144,6.8076204670901,0.6841196544772621,0.1226922140629176,330.6102293337812,1.2453370206007806,0.0713099510337654,360.68073896624594,0.2012303453858583,1.1145695355078444,285.0956312982534,2.476125699703982,0.4090790087770211,341.97162891370203,0.0325768316600503,5.087710813764677,311.0836584594639,-0.0307066549898293,-0.0163045634698336,-0.3325828464355997,-0.0155856250699476,-0.0368135305606326,-0.3068971807147997,0.0722314965502654,0.1101540988893807,-0.0746100169540092,-0.327301313020875,0.3325828464355997,0.9278779103655864,285.0956312982534
0.8430097797206735,0.5307782017855267,1.703757906549097,-8.77214381366518,3.663390209351512,1.1199621302354406,0.0811572464580138,327.56626115492264,1.5146271833575624,0.0539443801754284,356.01731396408206,0.0954538300460507,1.2215880125765246,278.9414313453667,1.873965850023428,0.8293574266306579,268.1292807936369,0.0034246378627109,5.243174807639076,235.2203437770632,0.0389458547007458,-0.0198779595827631,0.2091742721531873,0.0926771775285993,-0.0749824931854269,-0.2639868881560288,0.0433450940087278,0.0257391269687024,0.127844219257292,0.1040250449015511,0.2639868881560288,0.9214867263050384,235.2203437770632
0.7676709022845858,0.2473264488524185,2.366904174263655,-2.673502362023025,5.706088837744838,0.7592601667341992,0.1176631779257894,311.515310390818,1.907254291762033,0.0364277655499019,402.10889648255954,0.5706628625850629,0.7311041708926374,359.10577926481034,2.4368449590533583,0.4277007805545931,369.5942853276285,0.7232622056806477,2.615263650025348,348.24619130333303,-0.0030746781154415,-0.3073688097657172,0.4238740405512253,0.1007957420971085,0.1073771835324479,0.1714690869838235,0.0022312534020005,0.092267884049451,0.5593409145011937,0.0928563454321714,0.5593409145011937,1.2794568971630604,311.515310390818
0.1133147774831704,0.3152197298502674,3.574962940689882,-8.02877950051025,-6.31888673275129,2.4513946965022084,0.0211543960491615,387.9375875100186,1.667317837353325,0.0460076437283517,353.2861694968562,0.1414097125768216,1.128186342669614,304.40678938121385,1.843869084535443,0.7890581738840309,345.8892661890394,0.1089549411489305,4.817838177108197,303.3444652593788,0.3858526729580699,0.1505203819081364,0.3697209161182446,0.171421681996051,-0.1148201967097405,0.101107675575894,-0.1157289587947944,0.2053384468143538,0.1956838989539947,0.2435673223436701,0.3858526729580699,1.242589254423346,303.3444652593788
0.1484080328206114,0.8977726416858369,3.683581939749766,1.4506420777301958,-0.1905798790139492,1.150986903748036,0.0781781739755181,250.64447583274296,0.695456425590789,0.1266438838769336,274.9250170673541,0.1794234772693943,1.1670400944060682,263.2952959823368,2.041740163142975,0.6899946765757584,248.2931014829188,0.0327592534747327,5.098216073621885,254.30923209469995,0.0215407649748529,-0.0949580867015916,-0.6805641774800171,-0.0976020399788055,0.0028590088323567,-0.222557891969887,0.0506051031754799,-0.0367400647527842,0.0711698825921122,-0.1132949641692066,0.6805641774800171,0.8200732446451855,248.2931014829188
0.544684134880379,0.40083744791551,2.720587100001539,2.6856543895247853,8.780990160487118,0.5832679250518443,0.1382486446275747,268.44255493029425,1.0917517691756315,0.0863186168341159,319.09714346770244,0.0537773430253216,1.28020633784228,277.9875473994922,1.8078957835986424,0.7978207233165278,278.4546220008011,0.3415935633087072,4.076843567547584,268.36684546943303,-0.0150180189343761,-0.2739844956595854,-0.3680656735732086,0.067194750700055,-0.3722848432717344,-0.5198825246617934,0.1487408889144331,0.624105664900805,-0.1543420386439204,-0.3020052692403546,0.624105664900805,0.7756572768320293,268.36684546943303
0.8108657116243759,0.031478649913083,1.9438123098174829,9.2144874897987,9.039807229271666,0.0,0.2987523504542366,238.7096841484544,0.6063456027086297,0.2416133260910143,202.5830551092669,1.059407676612346,0.8277117731978112,220.3202763288583,0.1480925595096671,5.294883492950187,175.82202507554615,0.8700026932458598,2.802032289867079,211.6002206723382,-0.3117131876615543,0.2351322053604066,0.4171885735346272,-0.1807480347298842,-0.3792446929272666,-0.7268795382009499,0.3482109045260327,0.4653327746525373,-0.4878857126254682,-0.456315726408205,0.7268795382009499,0.5367697064153005,175.82202507554615
0.7365165320560262,0.1069368068289184,1.6337087320930923,-4.191124651409393,-8.85728924537641,0.8015581866780628,0.1096745101661538,383.8367855797137,1.568402413839638,0.0512781897276518,355.7238552059551,0.940562415775376,0.5007177202019748,320.3338660853337,2.1120446541376507,0.6139597012256999,362.28776400357066,0.8551968598828941,2.250929726597535,330.34834927807736,0.2180782884050432,0.2051594266458203,0.3711048406090689,0.0037235230644511,-0.1163956549004027,0.4495206430136914,-0.0598326227939517,-0.0891622504404658,-0.6183347424528989,0.0853456831607539,0.6183347424528989,1.2555529060627244,320.3338660853337
0.0535457662401432,0.5969665937901169,4.388162756444781,4.789668416597122,8.019479520691235,2.0639487048858163,0.0492741806670915,277.55137096041864,0.8101271739126126,0.1086932252831718,317.0814205704954,0.1869860954401985,1.1301546373073217,306.4275160160418,1.4685812338216526,1.1199668981031077,264.15659178978416,0.0302812631140185,5.070323009070002,272.60995819859926,0.5025032751566524,-0.0639150819717997,-0.6869908555532888,-0.2892758573598049,-0.0703562177228404,-0.5288656698016868,-0.1905480534029356,0.0403038627923035,0.057965661458002,0.1204255192420202,0.6869908555532888,0.9119848942348596,264.15659178978416
0.2712104118754659,0.803845243825582,0.4747734504903507,-7.016898643764704,5.813395355679958,1.5486821095436387,0.0546590521385572,344.8340706701227,1.3520806290104832,0.0735667590498934,312.5519801459131,1.9295565942803896,0.1958105904151416,355.07417921716035,1.55653655157348,1.0261694335405662,324.0290005887487,1.1443977940931749,1.6333260811580357,368.4716564768002,0.1301458689592417,0.2541418773137075,0.4185940251679415,0.7378612941784247,0.2381795028292914,0.0271262921478903,0.1318006027263945,-0.1031096142929743,0.6750461924821711,0.0303587710101793,0.7378612941784247,1.5062507357002333,312.5519801459131
0.0894194108213021,0.2093850587867587,0.8107618275373906,9.006164724530457,0.4788149644704553,1.4639534120236577,0.0582039053586819,332.0906976575678,2.055759240228888,0.0310564509449793,296.4780330786754,0.2248927803406191,1.0853936731827711,281.6801259299626,1.5167669072741572,1.196839898975718,264.79730469464624,0.4101483843281492,3.8072282467151535,246.88421327014444,-0.2881567056257713,-0.2072106493918017,-0.391624281942408,-0.1773598469186317,0.1145483096237538,0.2496771515422227,0.0411963736205409,-0.2434305808036198,0.1786627559431744,-0.2392424817015119,0.391624281942408,1.1343041448390945,246.88421327014444
0.951048451712182,0.5219877654585149,1.3668567893618209,0.0938460818801889,-8.216545999984488,1.142494216379082,0.1004371830214904,394.4172125990315,0.9570407857765004,0.0940948352117092,324.5826186121509,1.245253580812637,0.3526444178216545,293.6922225314252,2.6275068172771565,0.3512205341804996,325.4451883756086,1.031159106994386,1.960510108048819,292.9364835897725,0.1284347204245511,-0.0372278982096523,0.1206346746315775,-0.0071487947796665,-0.1280193340100027,-0.2378792461580073,0.1237818165914873,-0.3080038392252672,-0.7294548677143005,-0.0837701346955157,0.7294548677143005,1.4006909014479525,292.9364835897725
0.8805599652413154,0.7083632216502156,2.879371421536316,1.1925174887647645,3.911317160234536,1.0673590141624487,0.0995820277551843,280.874323131665,0.7163896254853265,0.1221273841263519,325.5064964533637,0.1305753228557808,1.191723897352836,265.9056876361551,2.846717839440536,0.2831499884472478,311.3866643812965,0.0917535097571473,4.921317578033324,295.7032225738371,0.1472462695229589,0.0219415315381399,-0.1922680501647732,-0.009866435058855,-0.0228078858497953,-0.4038032668491476,-0.0078777066620446,0.2860387125667074,-0.0877886481717081,-0.305709748987443,0.4038032668491476,0.970559062340248,265.9056876361551
0.2639537283647118,0.8206824434951119,3.860037764174397,6.350432087409729,-7.218344201164839,0.4781261680826772,0.1547886616057097,244.64503981024367,0.8389128263058089,0.1089487521177981,286.8002294202726,0.0859232505933182,1.2572379067661956,276.55465946634195,1.2706449413024985,1.5467214030790608,272.24047460166344,0.0044169051208551,5.294840708298286,256.51250280319255,0.0326417965791754,0.0452512823773244,-0.7545936866613054,-0.1198624283870175,0.1472673042084896,-0.2567278056213884,0.0317237513786996,-0.1623482306685402,0.1608127432408991,-0.0086429530706536,0.7545936866613054,0.5356048182810316,244.64503981024367
0.0775715942671628,0.4619106437410293,4.344736096007294,-4.514491586624423,-3.052492103184573,2.049919480202702,0.0337392723411471,358.515647168309,0.8757021133236708,0.1019085552538706,368.9468357247524,0.1604294355073496,1.1643238602733703,272.96940127276343,2.001131231012005,0.6568737568351776,343.99577361362424,0.0495627758286061,4.944254143857936,258.51686671678533,0.2557251051830138,-0.0429343496055916,0.5473955840282853,0.295257369204474,0.0766446059052382,0.2619822751442061,-0.011128603576552,-0.0225554639227369,-0.007260244665649,0.2161000239929315,0.5473955840282853,1.0273490071748668,258.51686671678533
0.8519049396409228,0.838023383376752,0.6686993759529472,0.3613917018262196,7.415805905502509,0.0087592616627439,0.293233206173853,261.69026708729166,0.3627112705141842,0.1755752588591235,268.1967880399311,1.5860433332599757,0.2536143802422368,268.03553390908644,1.2407010595002597,2.1007308270978005,283.00619415099027,1.2740767023036064,1.5407617084342424,257.82188833661377,0.1939216168380751,0.2752969856628488,-0.647900872726332,-0.2340723450129247,-0.2095738386732835,-0.4260632111146657,0.1044921630376209,-0.2760221373676412,0.4930005940859236,0.1805771287202599,0.647900872726332,0.894458325448154,257.82188833661377
0.0916548467650089,0.7585309444326652,2.535232048732796,-0.0667275516656467,-9.804229603267288,1.84264645686134,0.0420908090563572,327.96238156362017,0.6025234787638115,0.1397654615404323,322.87643752462026,0.7161221546574515,0.6068274042248352,329.28723627090903,1.9485765408370432,0.6974697755034754,361.1438627471908,0.7834703876958122,2.470218037408323,314.98518995709907,0.487797491311903,0.0304371964560581,-0.0646474990261657,0.0751581238959737,-0.1101621565706588,0.1220506191281319,0.0373284438583016,0.0611297313341583,-0.7611765089818016,0.0227643888000457,0.7611765089818016,1.1786678037630918,314.98518995709907
0.1401671538165406,0.5182170781200602,0.1973309033686412,9.681771236777806,-3.5361429053599016,0.8782245037275376,0.1021205345106134,271.6174052540696,1.214354690689029,0.0721485174234628,362.39183068965775,1.0743059881025072,0.4644287246386958,307.9415172923213,1.2987771250798517,1.381308170819532,288.9278393687269,0.859615090282047,2.1975207687551905,279.9555201524105,-0.2584369542675997,0.1737135281561471,-0.6415295904204674,-0.3698330432489946,0.1420162382718858,-0.035926352450356,0.0181873452083317,-0.3022090340486897,-0.6766780262865502,0.0207962054725255,0.6766780262865502,1.0650554795761944,271.6174052540696
0.3142106663137592,0.2956005139255652,0.4372017454716198,7.624999011553079,4.430287902245274,0.712940187075391,0.1261905288279542,283.6507267788062,1.0806846593116093,0.0915395973188613,236.41195710929563,0.009241049243104,1.4065014894945675,239.5622310214056,1.1973648397624086,1.826736662828159,232.34561288531367,0.1138566946864152,5.034684612437643,254.6931825677832,0.180870550595999,-0.061839635074235,-0.0894318459826961,0.017698281859415,-0.3798364658651361,-0.3754770497067377,0.2708893761053239,0.4709774995626482,-0.3770310837537437,-0.3755269422856224,0.4709774995626482,0.6228174860157857,232.34561288531367
0.4958243675593145,0.1190505127851539,4.181790399111398,5.150122484833556,4.885753469651446,0.489671278505888,0.149712240236515,333.0516281781576,1.730132155042954,0.0444665437737315,267.75776250716245,0.0502413077242371,1.2795643803361172,256.82476754057984,1.5666967974362198,1.0724136197513354,315.15739277320506,0.0011431147610214,5.337825425804155,303.759358566503,-0.2383378353531615,-0.0287989085986445,0.3459849864234205,-0.1268810189009586,-0.0133005567265504,-0.172256262424678,0.0080778108258201,-0.2525285693714773,0.2135478688657645,-0.4161653970980549,0.4161653970980549,0.767576930694064,256.82476754057984
0.904817223849654,0.4895284438831226,4.4313192930770215,-3.166222534424982,-1.1269436640001178,0.8262836990360052,0.1121205991680084,280.00944698116984,1.290737221643428,0.0673402785319391,391.2744232090173,0.1285087833693246,1.1483489135407978,262.6690332714288,2.347314704955893,0.4677453149188049,324.2253413284988,0.2612698475305399,4.29079772261798,310.7406978170626,0.0816598807462769,0.2600361290476138,0.497824973788706,0.2195638364079727,-0.1373382820761546,0.0671528514437784,-0.1094778360713692,0.3540484963111131,0.1579353031606936,0.2357399790483107,0.497824973788706,0.970822851307038,262.6690332714288
0.8637352775814332,0.1601614205726782,2.6281047981400625,4.993836433086411,-5.510970493878297,0.9437304598373972,0.106333856451922,351.9332662868361,1.5494639860772923,0.0550790143544751,312.3395958903906,0.2652564790698388,1.079561006121791,237.96291646881448,1.3729826816549338,1.2371300900318591,290.1666764254179,0.4891271684206724,3.479834909730028,300.7408240394322,-0.0928150830315787,0.0227450952710573,0.1699385429381473,-0.0647656231535311,-0.3866148904920473,-0.4278591007980853,0.2074493282607448,0.5535501518528265,-0.0708906439613778,-0.362645948927303,0.5535501518528265,0.9241121550120268,237.96291646881448
0.3005334171816552,0.9178444142664904,2.95989870598632,8.243452954549944,1.3423688771635067,0.155149485458735,0.2538489107347354,206.9959685686963,0.7403256738287189,0.1299016529423905,211.14463342702965,0.005490339768458,1.5768840135757876,181.78939072344565,1.349339870990372,1.5324111833797638,204.1501750345684,0.131976475396208,4.880982558406087,198.2424955272596,-0.3794188060546665,0.1361139352171263,-0.3734022935031975,0.1054568756776996,-0.1338364844532556,0.0563119038526065,-0.0151159228064248,-0.2592930524750618,0.3457114661757467,-0.2132827299034066,0.3794188060546665,0.4764563690884985,181.78939072344565
0.1942420026377677,0.4143604562399754,1.1650939608010682,7.847000228516794,-8.75652482092591,1.4506119337654415,0.0578985146393803,331.2575482823779,1.839391362539288,0.0386327628251814,318.7576244406215,1.4982784102343405,0.2757436935695254,362.1136045862687,1.2814253800689632,1.386698414377214,355.6835422710424,1.2416688564590106,1.5748143062155566,342.1817667557508,-0.1747996262784502,-0.1785917959721335,-0.62741749027961,-0.1633535330996676,0.2033143728351097,0.0205040331286917,-0.0827629847624572,-0.2613565853435817,-0.5189504168686769,-0.0373551559921697,0.62741749027961,1.4622751886134089,318.7576244406215
0.6251212623313768,0.0588600021606053,0.0269061384874306,4.444104491845735,5.172046317809206,0.0994021859567478,0.2330651873304123,279.189448428084,1.3292935939575397,0.0751717781413464,241.4490889460039,0.0,1.57094877955387,267.0535921838774,1.1490543314823771,2.084630741482004,266.36532717683286,0.1761916289283536,4.983427298048264,241.18371555207656,-0.2083823297900006,0.0348798040304818,-0.0252430464773793,-0.0193407745668919,-0.3253644372155997,-0.0291852609945791,0.2532757931773026,0.346896074975125,-0.2969134040154739,-0.2717131504079836,0.346896074975125,0.5507883480650038,241.18371555207656
0.4186851219420289,0.935581830838064,4.609298980766699,-2.904750589743528,-2.9574864443971904,1.0949091538198157,0.0826792999551064,268.23416711976205,1.7494375473814707,0.050711227135558,261.74703857237563,0.0,1.4444220969231418,196.3198333833474,2.381761854155451,0.4571179079466094,320.05729988338106,0.1089269745330208,5.065277665124592,216.4855827211263,0.061014351371119,-0.2474310575963188,0.5041705466500565,0.3044206106217728,0.0629388263648363,0.1542319861537179,0.0070767998059734,-0.138483866662681,0.2212788842545038,-0.0254835211785215,0.5041705466500565,1.0670071059779516,196.3198333833474
0.1628856163813102,0.8455129484843252,0.3657128327272027,-1.765526234398516,-2.221828799353148,1.0262894837954024,0.1037238153524731,229.9263857499459,0.8064165121669375,0.1096038771307875,287.53470902229043,0.3493884117378316,1.2977038254234845,228.9232610404633,2.064942082396465,0.6243272036932596,258.5978150546733,0.8374364861346457,2.806537484566511,235.3945687421395,-0.1363093536085416,0.5827979286152438,0.6362066599854584,0.2071898734551853,-0.3750312111704788,0.0056756755824196,0.0713355258254048,0.325460183969619,-0.1553724380158887,0.1381081021195368,0.6362066599854584,1.0168945952462565,228.9232610404633
0.212801499714353,0.3027560445677342,3.2664384293345705,-3.8877822920610097,2.029773674635557,0.8850379417727696,0.1042752519055816,265.45671006496553,1.4963901560581632,0.0545843322698254,343.5974738530137,0.2303489626357644,1.0818813185159426,299.23255532582573,1.830273647576712,0.8332394389877888,275.51153087492645,0.0488970690657648,4.965401259562013,342.3592891353926,0.6404850603878778,0.0106258013912158,0.7427916774321525,0.2971083145696499,0.0508174244553331,0.3999740918696354,0.1480590052705331,0.0466313296353308,-0.0126088031570223,0.2534033643723773,0.7427916774321525,0.8981895554218348,265.45671006496553
0.7874249161392983,0.4221121695570882,4.034802495096869,2.967745644193281,1.9919697400905871,1.065953474181909,0.0918468332361147,309.6000981282692,1.268733212637417,0.0695716911392774,311.1523054609712,0.1448257752231982,1.1544529828760262,252.11461994965347,2.147119627661644,0.5795189201789651,336.0228792078078,0.0439145041315152,5.102578516373992,283.32046102578346,0.1159494531280922,0.0592504167496401,-0.2536631848915101,0.1500298378872913,0.078412153618053,-0.5160107925880505,0.1284426059246324,-0.2727625787989967,0.0423704662307782,-0.2848655730595717,0.5160107925880505,0.9341093187671368,252.11461994965347
0.0281317887576204,0.0153791125357607,1.510653781124893,-5.446787897173068,-1.717528914435542,0.8869530398003734,0.116475777470744,249.31546166096376,2.123109361432917,0.0324220933290803,243.8314050404274,0.2702783811926992,1.1165362807856791,257.27014393077746,1.123228837654702,1.7560061350527911,253.27115860331008,0.0336015320686087,5.1064218446385965,288.9929088076245,0.7391497927311337,-0.0865696355858075,0.6749472035843513,0.1809473916313534,-0.0268233161189558,0.7120402648448926,0.1614368005073895,-0.0166260805229795,-0.0479209073583967,0.0800347657760986,0.7391497927311337,0.8874342304298601,243.8314050404274
0.8712124780621825,0.7446027441963418,1.1137142185864286,-4.926583525853524,2.412812035459876,1.563772293482047,0.0606437064603067,276.6073663243999,1.495325794173253,0.0558416411471942,278.5398390503635,0.0236179398433813,1.3430694726459709,237.8596819309444,1.3445954567952465,1.330655192384122,256.6677487992288,0.0042886130304049,5.354411797117568,293.4136264116725,0.2006606635621817,-0.0466678799895956,0.0183955195930444,0.0418181955087414,-0.1462912255109973,-0.5813201449272404,-0.1000430206948036,0.0219898951020226,0.240742762280039,0.0279057364756152,0.5813201449272404,0.8863200194648664,237.8596819309444
0.0096086688582227,0.7154828841356281,1.759955791195745,3.56035915455742,-5.721203164140002,1.6294539889350337,0.0504926602643069,324.7853315671137,0.6047123220906716,0.1359977283479647,346.4358147910857,1.4247654010000832,0.2946822716679025,341.8845533785204,1.6764552834186888,0.9413526370010926,346.40080858175486,1.0894629506000364,1.8002736627870484,347.2391668400554,0.4306965274401609,-0.0514417575892467,-0.4972079231484116,-0.0511111347905422,-0.0788595787295326,-0.3322669721869877,-0.0618050291145794,-0.0498826428145086,-0.7810235945906917,0.0142476166448461,0.7810235945906917,1.2849699892089026,324.7853315671137
0.9810847539069488,0.0960681559026001,3.837330832308041,-2.5267950223362163,8.243220358178718,1.791822928593825,0.0516261583526859,336.1590960581891,2.246236962707578,0.0260127093468509,284.4580515910054,0.1717287224792663,1.1609366879072345,345.0746960618972,2.410846004623508,0.4388779130872489,327.1004526677933,0.0782038397783173,4.87236289186791,288.35160937044606,0.1675425884911475,-0.0518818966909699,0.1751128338919094,0.0706188043150417,-0.0405471092999675,0.1792949823513324,0.0382731971737757,0.0842043196583007,-0.0075988225898748,-0.0620556845461239,0.1792949823513324,1.339767691636499,284.4580515910054
0.2864915680408163,0.0643934741476319,2.673966379876423,-8.349037625665769,6.524728105303833,1.652831263428117,0.0481009423281377,348.3017367940307,2.858323977098768,0.0148225226198729,376.2117261208574,0.1600242270864535,1.1024762633299685,309.7083244686334,1.6998186291424888,1.0106658210806778,331.7565319581344,0.2249594761577267,4.349389832958593,291.4583992924514,0.6458486956741679,-0.1894205078198407,0.5604803294082005,0.1074454957885673,-0.0244792621827939,0.6430437933312942,0.0250405487954366,-0.0726364094528426,0.0014680480257571,0.0460390701847644,0.6458486956741679,1.319191514582711,291.4583992924514
0.642771260892284,0.384238159740622,3.513268945403242,7.375633499074293,5.428485571175488,0.3529595693246734,0.1742647709903576,274.6642482068052,0.5398849996243924,0.1556857432512331,247.61361976471832,0.0155854009586147,1.362830880088197,206.32219827424427,1.3024256013434483,1.41752251312435,241.7745671316129,0.2602736419171014,4.381266639896838,258.6352696667242,0.329000350753602,-0.2675915253116991,-0.5988408919486958,0.1003832401483547,-0.6169573084728774,-0.6671688759706563,0.3177410486840181,0.4863833483025594,-0.2046882676931252,-0.3151061394016395,0.6671688759706563,0.4942258426336461,206.32219827424427
0.1276990480544669,0.126255372208605,3.138371502973556,7.182458197617844,7.068427342991896,1.103281359028902,0.0953543028953018,260.0681840009778,1.7816336582184602,0.0409253684779563,313.3614545631225,0.0519715409257635,1.2184982838951828,260.2585695060683,1.197320026176062,1.5920434113875384,239.0431691413526,0.0,5.513782538312359,275.1919630104099,-0.0070873038781654,-0.119869176179004,-0.442060252410224,-0.2111080904898188,0.0152070644294815,0.2642370701339248,-0.0993198387742002,-0.1196150268829245,0.134148874626526,-0.1925617910751229,0.442060252410224,0.8268413168698376,239.0431691413526
0.1585384449652611,0.5565879851009188,3.916117066319357,-9.907086957966,-0.9796733094723074,2.2660218438465565,0.0261530146440445,331.17816930468143,0.8885635469308623,0.0998640996478813,280.40433404967933,0.0591536502649068,1.250988657739609,283.95641472742926,2.342173804650735,0.5645401020012119,317.9875997785608,0.0162527556123714,5.203336419751328,263.4036247280041,0.0651016025615753,-0.2059226824443162,0.0835411019538171,0.4392245605154263,0.0437198973184062,-0.0126663839101286,-0.0913035255213674,-0.0800632450034662,-0.1474092762932571,0.1118885495265619,0.4392245605154263,1.1144331202610864,263.4036247280041
0.3698261188811124,0.7896238846077458,4.222240097883659,4.337112003959147,2.920484361235012,0.7888509377265914,0.1175951911057642,251.98083286198693,0.971966317395201,0.0955731188914926,292.11640073706445,0.0661645875117418,1.271245318096072,267.31661559813057,1.185079490351649,1.5917428015109407,292.6065094580798,0.0257492189730172,5.190402278625935,277.2639577627884,0.0400993653155415,-0.0547982595827124,-0.7250490114936863,-0.1255873429936502,0.0974561081226363,-0.3077083875213459,0.0479554050880002,-0.0680863131643334,0.0462040470863721,-0.0393867489291536,0.7250490114936863,0.6075621103916402,251.98083286198693
0.435350784805243,0.1959355316164781,2.3457777839430056,0.5233360354445171,-7.16871499031955,0.5930346954317898,0.13536147680164,344.7608866095292,1.7437151549149057,0.0424735241225631,408.9603088756539,0.1635408202115367,1.0886115679546406,270.12380975005306,2.463374350016573,0.4152037553530196,334.8033090285824,0.4228396856329102,3.603359349754379,315.70124521645334,0.5005236669861717,-0.0081551404204016,-0.2296672050701641,0.0855600546496889,0.0174002213094766,-0.3528240283621024,0.0917484365923381,-0.3706730204248223,0.0166886297508049,-0.1916873772239979,0.5005236669861717,1.077300941241543,270.12380975005306
0.3983683383757744,0.6503373229313523,2.190011217416997,-5.629687797984012,0.9942000993591052,1.3600369881399357,0.0671512878860874,327.1154890005332,1.2145115369301072,0.0718776635909784,324.6751238349796,0.1040053881110205,1.1840390950824515,269.04155081915985,1.588600745247122,0.9980191804486606,332.99124332292087,0.0159610040553435,5.1807533278683415,339.1182238576127,0.0485701083777692,-0.2310431444481338,0.5951379310383247,0.3704824483086891,-0.0572636211319379,-0.0979321065632163,-0.0180843714697162,-0.0616633616722989,-0.1231737976555795,0.2386907117498123,0.5951379310383247,0.8566231324967057,269.04155081915985
0.5828362360730011,0.6713298716033428,3.4273051558961853,1.97204060037447,-8.41883546957753,0.6514454912488525,0.1326048033481608,338.1943217540346,0.6576904627775706,0.1272886465943071,281.71260435016075,0.0288799091517699,1.253841028912044,278.61307424667456,2.389448182777788,0.4593845769336606,295.3488410911016,0.2303974369884023,4.349730873556223,286.69238561257686,0.1022450420205327,0.0442263760608614,-0.3318976032166174,-0.0043364094566585,0.0826941296026715,-0.3603812325302642,0.0136712326796369,-0.4910295060098056,0.1149337522667021,-0.3885974635555292,0.4910295060098056,0.7915722965888766,278.61307424667456
0.222974284353948,0.6926507226567242,2.923196598202618,-7.937219273021089,-4.602460537177721,2.058641955905684,0.0309356435589197,275.00301031863575,1.0741037171750312,0.0827558183106619,366.9432278674508,0.1203917066751918,1.1595412278128292,251.48442341853712,1.7847349656863054,0.8663030798123508,337.9549056878723,0.1745594267470425,4.749364751660402,235.4327934486834,0.1441418726907087,0.5004871450585253,0.3150588738101204,0.466836089308756,-0.140704341738113,-0.0471676129643643,-0.06355262036509,0.2536347884640962,0.2896303137927782,0.2541975529822685,0.5004871450585253,1.042486354437851,235.4327934486834
0.9433873167634128,0.6304708854112909,2.557329846336592,-6.545398922857377,-4.260302417829576,1.92352975213552,0.0441451065657798,307.8403682186466,1.1790599446896672,0.075177683591137,278.87249015091606,0.1244875137448862,1.18084382213312,307.45606800187323,1.8490752500166008,0.781011596285081,272.6964051623621,0.0,5.419037893358677,290.8657063543986,0.0290465634388208,-0.0356996655477436,0.1702054229225433,0.0267853217957056,-0.0779984399777767,-0.2884420927942479,-0.0630599760246664,0.044537377501747,0.1172927056888403,0.1239117892767557,0.2884420927942479,1.0152304921173347,272.6964051623621
0.8363067646334039,0.0825386983635385,3.610935298228424,0.977882317800777,-3.621179480750152,0.9005781051027122,0.1275192715310623,300.346309452772,2.3517693447985577,0.024168205606811,307.9432430940863,0.2670320127541044,1.0433742935585728,286.0909177776758,2.5776869376708693,0.3726384159327826,294.3873842377273,0.0407511063640742,5.0376536763718605,292.89434868345234,0.1932728956594685,-0.0292401181766428,-0.1343900884031036,-0.0560338118594248,-0.0081393855736431,-0.2943448735351525,-0.0224002622863258,-0.1710230210361688,0.0273065748944651,-0.2586544221458019,0.2943448735351525,1.2275635013380637,286.0909177776758
0.401112364706738,0.1829143581769383,2.058155171016953,-9.483161480434122,1.1458482497364404,1.6359921841986804,0.0480689486423521,304.96626275761724,2.0676272537229607,0.0311711966847115,350.1464165836492,0.0935691119941675,1.265449379227275,277.8207824850938,2.453727557187112,0.5213413150002882,307.75818281212173,0.0602764287390655,4.940128746687444,316.6635303023674,0.3374513228085988,-0.1523446145910313,0.3407422493454785,0.2256441923514312,0.0176022164890287,0.1863180595136223,-0.0644062886172238,-0.0836989769099864,-0.0568531124751884,0.0419508922928864,0.3407422493454785,1.2622385071683973,277.8207824850938
0.6979479934071019,0.978679096149263,4.545477963650794,-7.663242830364808,9.673667120175589,1.051846165582511,0.0848395059676415,252.7627514796416,2.783932034018812,0.0203262888051737,300.8410231801259,0.0443908577822758,1.3235699392406988,253.231570113261,1.3658731040867704,1.2855078064949734,327.1712982629601,0.0046243935338612,5.420758557178226,270.5804766353218,0.1188771629592674,-0.1460440465136386,0.0871773107686914,0.2163883162587039,0.203099531110553,-0.1187815838520884,-0.1146472148512549,-0.0517846091545614,-0.1643685662229902,0.1618404499912291,0.2163883162587039,1.050133311000846,252.7627514796416
0.7470965359807494,0.9276916000584428,0.1217381946759405,6.481263599106729,-3.341033075725268,0.78648086120799,0.1206735710798345,246.34954160889723,0.6740349597314718,0.1289157653091,308.7116720901972,0.4971362790199169,1.3195581882756202,228.170316661438,1.2285428509089809,1.5869238843526456,242.6160039146664,0.6204662563698369,3.072579760830321,258.9783756498123,-0.0930130374769807,0.4089079059070445,-0.1698311179450936,0.2887066924154168,-0.1384544623059997,-0.0534321521005559,-0.0571989737882687,-0.3771318121253738,0.2831148021370196,-0.1540787940015648,0.4089079059070445,0.7613322414476393,228.170316661438
0.0494411910229568,0.9648772390932232,0.8997285082935649,-3.7568161896682817,3.552667527400484,1.6734829654765608,0.0499273865826596,314.83379406575307,1.2071607127641382,0.0903272840624684,292.72851307987696,0.9494771210882692,0.4965739097549012,285.28391738586123,2.031652841563676,0.6411600343846509,322.9608623012485,0.9063868633766125,2.240010444654056,277.89568049059574,0.1638648666920639,-0.2919374180276724,0.2014559410276941,0.0021787008724085,0.1844444908320301,0.0927251411375622,0.1324506704970512,-0.0191006669432066,0.8481578727055471,0.0654158078691376,0.8481578727055471,1.3536321008538512,277.89568049059574
0.5522699291722348,0.2680792428501387,1.9575295578538463,-2.1114064304682554,-4.545937141735475,0.3668409843268883,0.1748305110947446,295.4831604283497,1.6863135991014264,0.045226193701106,377.8457973155802,0.1149259965911646,1.1467137654831436,316.1717809075934,2.5819898845150204,0.3686609474312278,311.21305425659006,0.2681357302414122,4.1313905122197605,300.4003137058969,0.1125722369075721,0.2904650405153046,0.3834286289002951,0.2179882393678806,-0.0187936524696432,0.02222892412257,-0.0398799700730738,-0.0457464731050089,0.0807486167176749,-0.0478153411693473,0.3834286289002951,1.0036412389551823,295.4831604283497
0.0117006016068806,0.5895719022759651,1.8478098117106383,6.832403956268923,1.6102284146569303,3.519785864693138,0.0134593577625618,301.8489549813232,1.1102039817405776,0.0838903859917191,351.6694777046165,0.216919003502934,1.027639080989429,269.5366305772072,1.3699739237938264,1.3126979506441596,332.818754255217,0.4573482988615307,3.4282835279098114,308.3900328718425,0.4795254074369715,0.2665882334053188,-0.6350636364409287,-0.1360544700171957,0.1261999220299099,-0.4442334785659242,-0.0096062033971666,-0.1059965360838957,0.0832572886715241,0.071328778640065,0.6350636364409287,1.3348462145184017,269.5366305772072
0.793570702270251,0.4388732616805296,0.0516884043928409,-3.445381869810177,1.5916771652276207,0.712218507379454,0.1228620094016886,321.7671283374847,1.197737690899674,0.0741668906847569,267.6869195432014,0.1075662200499969,1.3200576666891664,274.2389638181541,2.429876999208779,0.4443209852302029,329.85541871272494,0.1144908989657849,5.033943492127842,308.05137089229754,0.1124049999998816,0.0150856147275637,0.6058465742998617,0.1834841053232085,-0.0432190698349741,0.143744357265035,-0.0567868050360804,0.0766222020137184,0.3128219912160071,0.1630156568050002,0.6058465742998617,0.9123780633007378,267.6869195432014
0.934965700991482,0.2780351136614433,3.0941448217049943,-5.026818921974553,4.072718331578447,1.4044531611379196,0.0701762842375082,311.16829870957,2.0465230958460494,0.0314450563523984,326.61572065290943,0.1156082002705567,1.2094492370996155,273.56856305690866,2.2092934367719472,0.5350621796043307,325.4592596970049,0.0256888163521487,5.145912247476501,297.5733982691116,0.2414381723378306,0.0717964450848165,0.2770431963930723,0.1422489118965709,-0.0696264573760326,0.1812855857167461,-0.0484661307863769,0.1033854637759273,0.060657832131053,0.176143923962044,0.2770431963930723,1.160313342075724,273.56856305690866
0.4529951511211326,0.6598775562467111,0.5003812217972081,5.589099937001741,9.476738206014495,0.0197013846063487,0.267537361245299,246.7774577530338,0.1623895360805953,0.2504653898441488,228.58341119286368,1.6905898720604275,0.383862553211956,219.5088421017529,0.2862695399441186,4.08420330164294,238.2983842984676,1.1758422645904374,1.8358654115718729,229.35468047761296,0.0160470884261745,-0.1924328350613506,0.0331452904289716,0.1254864843130349,-0.3139178044865133,-0.4785577321137459,0.2722183484117599,0.3453691395363695,-0.1692654938236537,-0.3555776153610182,0.4785577321137459,0.6669585194563855,219.5088421017529
0.3398973414952299,0.6115298513792458,3.0145210857449687,5.297155425961918,-9.488462825413578,0.5468855288749205,0.1424809100898102,289.75873522265294,1.2540861643988608,0.0697124836872214,290.9424780536967,0.0879928786045527,1.2115976962688773,287.08784099797964,1.1624036037292036,1.574840871190904,337.2489295085811,0.0043425062101594,5.2301569842541005,285.51148353470893,-0.2799352433626946,-0.0421666408298472,-0.4097393571629495,0.0161953779741118,-0.097166324912329,-0.2224040289834406,0.3189200726437368,0.0345955901061898,-0.0509608144732057,-0.2769996583979184,0.4097393571629495,0.6111421363635394,285.51148353470893
0.5170566399753617,0.8694593287480491,1.4514650987802549,0.77122561340577,3.395457585373228,0.8844910729811266,0.1009502328212952,293.022508662719,0.6782566272946672,0.1256139102126166,306.09503221323706,0.192004644940565,1.0846397930908582,319.4061426984716,2.1249416702814146,0.5952260898203173,295.66877022363974,0.0379726857102231,5.07223652180586,270.2684251097873,0.0608106136722813,-0.009034526833834,-0.5513372472526242,-0.0874648114906998,-0.0265847878346255,-0.4401927018249861,0.0978477956928725,0.0915885440103113,-0.0683598002830925,-0.1841586702194989,0.5513372472526242,0.7835333402415994,270.2684251097873
0.8946659067408194,0.8547000205601274,3.242319330240397,-9.660268526502945,-9.115603443161508,1.5133595835682885,0.0590182541128651,298.5128420323259,1.802114339233801,0.0424780399915962,273.82644381249486,0.0499252818692181,1.2513543241704572,266.68508050113155,1.662484908387326,1.0371747923883927,266.5255493932088,0.0543009632381026,5.05753822509441,332.09912932895224,0.1159776553503293,-0.0941465149754332,0.0387043507297101,0.1030118819062287,0.2166810241390426,-0.4886085039248618,-0.0482042473103106,-0.0979105589916328,-0.1780704646149417,0.1363894116699039,0.4886085039248618,1.016437015259347,266.5255493932088
0.3412915216236024,0.1486804136193436,4.923363886196713,8.525908058793028,-1.9016705476893885,0.4298029851572547,0.1588981824511619,278.89953037568256,1.4546336088040566,0.0631507864958285,287.0447226216899,0.0239829617649087,1.3482057917379653,274.04307718480453,1.3745784707410216,1.3648530612055507,262.84232571725863,0.0248991678094143,5.385576956773534,230.37582239838773,-0.114268654939968,-0.0469655597371156,-0.0932597620004865,-0.0344372851639381,-0.0124061569441935,-0.0883154046572699,0.0234551653671316,-0.1660175966262228,0.172005639579241,-0.2888168012315015,0.2888168012315015,0.6615794388553312,230.37582239838773
0.5658277367804072,0.6050477960797634,2.0258848281528548,-4.213311771391036,7.3148235827253,1.4651154055550233,0.0575135620296531,375.8300435531706,1.3401503129799752,0.063752163137273,301.1531558526269,0.1642387845723738,1.134611101317622,316.1565451217981,1.647681629883691,0.940766223216292,354.16871466369827,0.0202172330739958,5.162650907967628,367.7629773359646,0.101366604074405,-0.1431232778851182,0.5337052324552239,0.2936150832766047,-0.0600143683014134,0.024467767403577,-0.0044178751001312,0.0035203646797617,-0.0993737214256017,0.1386158814106164,0.5337052324552239,0.927480673213012,301.1531558526269
0.7030671783412102,0.5456295259274602,3.352440266999808,9.976398819575898,-2.630656863324898,0.4042972869352594,0.1759875996673584,281.8434974185075,0.7013287454729551,0.128332836199328,307.1916270790736,0.0022312037774299,1.3519261893888226,249.0507426474625,1.141467818614671,1.6594615602945135,247.63391253496243,0.0507210007934086,5.005723072988015,243.4113793505821,-0.0867539753039139,-0.1693516998136403,0.149840064997888,0.1645104616399478,-0.1120441053940514,-0.3050740824753162,0.1177931372569666,0.0934310683632302,-0.2264299360648961,-0.1486265511704406,0.3050740824753162,0.4600092111187447,243.4113793505821
0.0667803445679016,0.1784680673035643,4.67058468757955,1.6891927712921897,-8.007211966855472,1.0402798533620454,0.1050213501308492,179.0530404775692,1.2336332574485298,0.0724053525115429,243.9439665895981,0.1851122053112244,1.1978725024769952,255.7582136488484,1.2391245546771494,2.0464305742284634,165.48315280806997,0.0518182258774859,4.956227922661463,245.8711924806908,0.7278881386711427,0.0875964592465417,-0.743501207137576,-0.0488950435679215,0.1382879430766716,-0.5652769423676667,-0.0794560142812679,-0.1754448235199157,-0.0648406409477232,0.0449435267745692,0.743501207137576,0.749993619335287,165.48315280806997
0.2594047453593601,0.079532043639458,0.5531086772512508,-5.29170961635971,-7.925461768140488,1.151404683662414,0.086085232817094,323.1637737532388,2.134195201579807,0.0290614852559576,375.7184530709022,2.168373338884769,0.1389905255524236,435.2237340718914,1.535445575398399,1.0465166506192924,409.7734284821036,1.3968297578750126,1.263643509781888,394.773337481933,0.4756285060416323,0.2705231532495356,0.4410319437348179,0.0576779074066565,0.1174187983683425,0.2505337191169213,-0.036277837958855,0.0886509859736505,-0.6584840533673753,0.2146584501600103,0.6584840533673753,1.6772497114800804,323.1637737532388
0.5229340182325185,0.3285286458722267,3.167378347173948,-7.579406679779325,-1.27327848996525,1.2225347042065853,0.0720315123478646,302.1800542308232,1.610288901138035,0.0496224793592387,355.26995616813,0.1019054668145091,1.2428756377987946,296.1648252653009,1.6246660453916608,0.967107288379074,331.91011967076736,0.0,5.343739006621342,299.66145421767686,0.4260091912583247,0.0048035582226171,0.6122282918235129,0.1592879995262881,-0.0767263253274,0.1486591452678416,-0.0075647267667221,0.0083885824467355,0.1501497520642017,0.1957483026132432,0.6122282918235129,0.911879023510158,296.1648252653009
0.1052995390516752,0.4457944464121047,1.4070701040044309,-6.872131466890051,8.572049503278137,1.739920004540504,0.0493069544514911,350.7331856588492,0.8797039511725816,0.1046516093563186,412.92375875256056,1.6162346202919282,0.2414657732917095,324.70082115910725,1.5340223729003186,1.0509828493776283,399.4699714324615,1.284241025001317,1.476412285848787,332.96280406493844,0.1579196866630181,-0.4256514213267618,0.5422985168520047,0.1596562593704556,0.1301611227443429,0.2901582937797239,0.0880605782541126,-0.0808043377767769,0.6569359321367961,0.0479341341731181,0.6569359321367961,1.41082439478133,324.70082115910725
