true_Loss Aversion,true_Perception Shape,true_Learning Rate,true_Forgetting Fact,true_Exploration Weight,contraction_Loss Aversion,post_std_Loss Aversion,ess_Loss Aversion,contraction_Perception Shape,post_std_Perception Shape,ess_Perception Shape,contraction_Learning Rate,post_std_Learning Rate,ess_Learning Rate,contraction_Forgetting Fact,post_std_Forgetting Fact,ess_Forgetting Fact,contraction_Exploration Weight,post_std_Exploration Weight,ess_Exploration Weight,post_corr_Loss Aversion_Perception Shape,post_corr_Loss Aversion_Learning Rate,post_corr_Loss Aversion_Forgetting Fact,post_corr_Loss Aversion_Exploration Weight,post_corr_Perception Shape_Learning Rate,post_corr_Perception Shape_Forgetting Fact,post_corr_Perception Shape_Exploration Weight,post_corr_Learning Rate_Forgetting Fact,post_corr_Learning Rate_Exploration Weight,post_corr_Forgetting Fact_Exploration Weight,max_post_corr,mean_contraction,min_ess
1.7664060576381153,0.17229899129042991,0.25195872019554405,0.24668289665760915,19.89750342500311,0.21708122004481967,1.2745834585189648,253.48863007099823,0.8448565616810276,0.11143000723979944,233.28012484430047,0.013368159165220606,0.28100433269757635,240.3622574983283,0.4652241478122833,0.10344067627963978,265.5864342663944,0.8374837054085514,2.3263262806832774,266.41708650251803,-0.319502570267864,-0.24031785958748553,-0.02159929266953006,0.16097188796356157,-0.2551401009939137,-0.019584284524046203,0.042108875001731494,-0.06374597874267965,0.03797233208992507,-0.015315659203867094,0.319502570267864,0.4756027588223805,233.28012484430047
4.003216444653326,0.9002789126740772,0.7862965698082859,0.11227224319988982,3.9133494687287143,0.5437261944705599,0.9730220700247766,232.73555192420747,0.8172923053563753,0.12092438061854231,231.34142760154893,0.88923472682191,0.0941536724191882,283.4709362703955,0.3651569533802158,0.11270382110255853,243.4225574070627,0.9379680367437186,1.4372421136910771,226.17095253037505,-0.11028600442110939,-0.708989610302559,-0.2860735956524906,0.24951661132844777,-0.0636583587028118,-0.10615458458839508,0.7847251672089725,0.554626384434436,-0.03872144522773382,0.027349931179047483,0.7847251672089725,0.7106756433545559,226.17095253037505
3.007431311839064,0.7618097431930881,0.9849151880682129,0.23136846809497297,10.173393431439862,0.8447085079576175,0.567654067266069,303.71548275158864,0.9337721820820382,0.07280407287623093,235.75154116867364,0.9909861973373306,0.026858977514088455,268.1467416735674,0.966782981029655,0.025780170439667755,291.2617724272863,0.7373564144032381,2.957369369738707,232.82370490449907,-0.00470840816457316,-0.03859491797184286,-0.03929554293653541,0.03708190085118178,0.3484236065641629,0.34838690640310754,0.9683653886043849,0.20512131075573975,0.3679044555445296,0.37559919679643955,0.9683653886043849,0.894721256561976,232.82370490449907
1.9447607877829398,0.8072287748475238,0.6953745908901791,0.20993747013799857,18.80119277189827,0.9910628856477345,0.13617851062816033,389.27601248192383,0.9930732373348997,0.02354510363742018,350.82393734757744,0.9916709396050071,0.025818645722538017,426.41800905291893,0.9920674367948746,0.01259830817196833,470.72656592871243,0.906135405817011,1.767962603817876,320.65187443310145,-0.39263698017319654,-0.446173703189593,-0.4623577266852288,-0.042668963838534024,0.0037107570357547462,-0.07121817195062372,0.8935935839395086,0.6590907252842275,0.06390997755204074,-0.16598337876794136,0.8935935839395086,0.9748019810399053,320.65187443310145
2.5454453791816936,0.7815487575790803,0.07632012072872894,0.025223706505521234,3.2527011389349547,0.9459466941675226,0.33490455363671295,378.03480862042153,0.9864286233686415,0.032956979681544415,353.45768020321964,0.99806186996421,0.01245451754174892,363.86996214743425,0.9981046004383777,0.006158229147148813,406.75991427082727,0.9910360431064681,0.5463513880775375,405.2938442246595,-0.7977669141757054,0.32226227871665397,0.1462552893331936,-0.12396678376960736,-0.20898261752747824,-0.15862992147769803,0.6219348560963543,0.6748093691695148,0.2969544349967385,-0.11709723090113029,0.7977669141757054,0.983915566209044,353.45768020321964
2.145987528478187,0.03482613416347506,0.2639410307907022,0.28854398148886906,10.27636759312849,0.17061495673656835,1.311861607149797,251.13614428207785,0.8586871612180199,0.10634724975530774,248.91316097081966,0.6963240443771508,0.15589804033945404,316.45732035841013,0.22956816479237874,0.12415738789715988,272.5852052847021,0.7557467587774874,2.8519528341389773,281.1098810451215,-0.6579610180509207,-0.16186535962485382,0.050165275424493797,0.16297474075595905,-0.28352596964767995,-0.11158014515309612,0.31186995787649524,0.007567046865234039,-0.08766055094088239,-0.1666000013641607,0.6579610180509207,0.542188217180321,248.91316097081966
4.613536368420199,0.33371840462214475,0.20339447437769673,0.35500862811274425,7.424163418396534,0.7684596792126525,0.693143632399822,316.1690867665754,0.986186655829262,0.03324948087511633,346.5317899236455,0.9925245506027204,0.024459867812989988,370.12916481559404,0.9308372638538246,0.037199880094673156,373.9953762749422,0.9679876543400534,1.032478269624,450.2744775291533,-0.7253722267697666,-0.02593841862656787,-0.3115994019316557,0.18369893224476108,-0.2790557702459086,0.09295445156012315,0.2840720501451956,0.45251060298003787,0.23267006951125746,0.41170728945649887,0.7253722267697666,0.9291991607677025,316.1690867665754
3.3347909780352643,0.47908138835755115,0.06413809172298585,0.03169509048123413,17.765763120690448,0.6871033020093881,0.8057687359304797,326.3863014687258,0.9770365716400201,0.04287003284825416,319.10862709551924,0.9966912692302949,0.016272945418763625,350.3090720988999,0.9768205787390816,0.02153558884874547,340.26606104639393,0.8683220750629117,2.0940095505324416,374.38806512677127,-0.7866259631053714,-0.15116974448487402,-0.1580510817492704,0.32211694235707367,-0.1796524345005271,-0.03246694900615346,0.13115765358256576,0.44986563200000673,-0.03182973950991392,-0.48229650642417504,0.7866259631053714,0.9011947593363393,319.10862709551924
2.3419779144117143,0.6798315033047628,0.934137402000378,0.09176940345722799,15.2359312657011,0.9893148486121814,0.1489019078878834,367.40193211850936,0.9915083905569517,0.026069365337344986,275.1018501878337,0.9941627168385965,0.02161428298643418,343.5627803860791,0.99691361261156,0.007858337461811062,295.8996996775733,0.8732132796604851,2.0547503118047814,261.9598237548631,-0.42437106791808293,-0.10165598171257359,-0.2800644170430172,0.04667492686437402,-0.034819753226413216,-0.3232069042263528,0.8632339806733313,0.1420542681299154,0.020456872792675745,-0.5776680414935936,0.8632339806733313,0.9690225696559549,261.9598237548631
4.570142450946958,0.22664422293096095,0.4971743845814836,0.3966276842854479,12.2040789643782,0.7331857481241286,0.7440710961289468,325.20957218435274,0.9800605515840556,0.039947722357552284,324.1793424079757,0.9742610106234274,0.04538697077838926,341.9411072727415,0.7544628612430176,0.07009128988656595,320.75576635280805,0.8854741391833937,1.9528727863266373,390.36423362671377,-0.6701195534833245,0.09879300047357584,-0.12834697420944777,0.18217000388990678,-0.4415183255902127,-0.09107104420493434,0.23513906698620848,0.34434777520204907,0.13227262827201675,0.5817838816326489,0.6701195534833245,0.8654888621516046,320.75576635280805
3.5612104181659507,0.5685278497564401,0.26779097833757876,0.30734649953454557,9.393645281936355,0.8716782134252326,0.5160123801720886,360.61437719136194,0.9803285344711609,0.03967836889067845,385.0706676595511,0.9904534540343344,0.02764130777391163,440.59958614566483,0.9654336926391369,0.026298558891669384,417.15138501757906,0.9160303881078266,1.6721808442139687,449.54984328617485,-0.43054473890849326,-0.06330438376794828,-0.16089330750600372,0.19045776272213208,-0.3935157982482441,0.03045970809980833,0.6456176460284015,0.3348277207579266,0.05593899311817346,0.22771917959458302,0.6456176460284015,0.9447848565355385,360.61437719136194
2.6656416213520036,0.49241165012180993,0.9452263362796616,0.44035167355252974,2.5858054383001585,0.8386062950069315,0.5786996481838907,385.4789433657032,0.9834055568218927,0.03644322436824879,342.84025266558035,0.9532178128739914,0.06118933221010198,325.0740146673059,0.8576846882450941,0.053361898354813135,272.39801629748047,0.9931505401706971,0.47758462014036634,328.7227159255965,-0.5857032414077064,-0.2057571546857975,0.3290372387216519,-0.043028159634950346,-0.009059242786813025,-0.14171845601279429,0.7621021281314618,0.17128595016250403,0.18548145239135644,0.15527211909380337,0.7621021281314618,0.9252129786237214,272.39801629748047
2.9706466922066554,0.7697832571797973,0.33558767418121627,0.47239031732465053,8.585375786609546,0.9719493765550966,0.24125769915874196,351.76149038496754,0.9805411101645626,0.03946339844078524,310.25288441608484,0.9936629115895228,0.02252061964330742,346.37352841562637,0.9617440236883283,0.027666556092799666,385.104537854266,0.9305865386316067,1.520351552113198,274.2262253517972,-0.6397898958228946,-0.11441278123621078,0.07098841758343899,-0.31229574264524795,0.20387008721074598,0.08139380486265409,0.883134873672012,0.03769045788050384,0.4581072748182447,0.1347020224520223,0.883134873672012,0.9676967921258234,274.2262253517972
3.6194823316682836,0.2220542364165768,0.9640901218232095,0.10669432974424585,10.71730019389245,0.8584859163912535,0.5418882751750395,358.6891347988936,0.9916732881766075,0.025815005383152293,336.88037707515707,0.9769944400156546,0.04290934223158298,357.9502554591276,0.9841559379167789,0.017804866624468573,371.43875331692635,0.9117729993365488,1.7140477990178484,310.1353427390478,-0.4807571609218327,0.011185514396374325,-0.06463843501030901,0.34961715244189984,-0.29963713783227086,-0.2820482481870041,0.577104012810298,0.6995891542854976,-0.3131938206389431,-0.547878464322013,0.6995891542854976,0.9446165163673687,310.1353427390478
1.48611144579056,0.980602973590091,0.42873203269391746,0.17367939148915157,3.1183678510146757,0.9428029771699549,0.34450587660328896,307.064658855304,0.9336255802805633,0.0728846078278003,278.5678555955219,0.7993952020663284,0.12670860531665368,310.13773227321263,0.20605429913548912,0.1260378127050136,299.86944718200976,0.9823406660949612,0.766848072436064,311.8026135586364,0.1146698831176751,-0.9086458693172729,-0.12555992728654228,0.5836569607609977,-0.0658582071563198,-0.2118016110899382,0.7349550949180651,0.2862275020912087,-0.5468721097167529,-0.1814715496929229,0.9086458693172729,0.7728437449494594,278.5678555955219
0.9253521749375583,0.9467144841877702,0.45222929199979284,0.3496557720305226,13.121079001772545,0.9990593936294222,0.04417879646771025,427.8910094236446,0.9870592140875456,0.032182203661756344,351.53349726067484,0.991974174380453,0.02534430068248893,395.61147157895806,0.9682127465537157,0.025219237948526638,298.319780141783,0.8913685780059573,1.9019535371989167,354.94288561915914,-0.4954229194549098,-0.1762935368736447,-0.4565456691362531,-0.37095461390064677,-0.0026122897189957994,0.2224033249867486,0.9567049951914656,0.5667756116744732,0.1667155370189365,0.24263681630994052,0.9567049951914656,0.9675348213314188,298.319780141783
0.17645075433766338,0.8734176244359704,0.5609530453596879,0.14148183269245226,16.70844956791905,0.999943875260443,0.010791631122623102,356.9102116181262,0.9966011846833072,0.016492983938005856,400.3521863039067,0.9959997856790521,0.01789274954145381,394.6650969623947,0.9922077255158698,0.012486409624199635,378.30583614614346,0.9492983260009235,1.2993714506187977,369.37549008481585,-0.3853033067044785,-0.6569309151246936,-0.7553782529392268,-0.2618454879184409,-0.2491374484702811,-0.06281713454676055,0.9519076713264667,0.7207934032054861,-0.2294701946050275,-0.177587199333295,0.9519076713264667,0.9868101794279192,356.9102116181262
4.995506611747295,0.1401208783641548,0.13245564287718214,0.07803409868803975,9.57879264282342,0.4395973880738143,1.0783506339630917,252.06718695940074,0.9088013190354629,0.08543380146754045,271.85085193477744,0.9338759271029342,0.07274702720749829,286.1344941695806,0.7926931399833366,0.06440391880545837,227.61140242397164,0.7077216399475255,3.1197550906121467,268.9122869379938,-0.6635374449890677,-0.06453774354653811,-0.16281057126719267,0.15695231805189186,-0.43477583347479803,-0.3192559860390849,0.47387404287491625,0.40645302410080386,-0.36759728824109733,-0.6924319393589046,0.6924319393589046,0.7565378828286148,227.61140242397164
2.8628115121173514,0.7194895498580804,0.1526276684993745,0.19923299599212727,4.945466297787271,0.9232223908807944,0.39914180279164063,371.67940303029525,0.9846840422049324,0.035011243273153025,403.3109876440582,0.9976645918733131,0.013671521388364256,407.64089379820757,0.9756917245472895,0.02205375428393806,430.00876545849053,0.9926195653538051,0.49575047677426615,433.4482602209685,-0.8100904923024865,0.08706764724316624,-0.040781223078498435,-0.17965049931742808,-0.07209349209596368,0.018293352794888716,0.6117839659355189,0.04034663326258522,0.490198634787794,-0.0511211652392579,0.8100904923024865,0.974776462972027,371.67940303029525
4.867183102967929,0.9316061197102339,0.3812316682432621,0.45531945497163645,17.945412698398325,0.944470483743459,0.3394469162892653,293.305314747832,0.9854588293727633,0.03411419581151675,263.8179921362574,0.974783319508454,0.0449241026102922,310.44497283988545,0.9529877817842383,0.03066979186105385,276.33367245160764,0.8398047105272365,2.3096546223199192,268.9992060331786,-0.06706157843110538,-0.3063149297817053,0.23151828456108856,0.038386347687577406,-0.4407888209389317,0.03819896782304213,0.7829974347858597,-0.10272260207188712,0.05026536729998364,0.1637846180429941,0.7829974347858597,0.9395010249872302,263.8179921362574
4.113079593177058,0.3461428700886547,0.8211891898915986,0.49011259975851273,0.6539276942972376,0.6595370155167722,0.8405138487819431,296.2523111746121,0.9708072557979546,0.04833624548552608,315.557290617963,0.8877760762748306,0.09477159223876666,310.34606797243185,0.08994043311426281,0.13493989464735323,311.64677319589015,0.9990748924650981,0.17551663346094423,304.77637416652817,-0.5134109016701075,-0.11150271213961838,-0.03663970653406855,-0.029014605259580144,-0.1689760006841608,0.08466242525335758,0.6525390568320899,0.05995322075688223,0.11875955968016068,0.09101329723323531,0.6525390568320899,0.7214271346337836,296.2523111746121
1.6128279187870438,0.457550623826043,0.4497969722623674,0.22041956349324904,5.081460632269177,0.929919027544955,0.381337910326684,357.4725226110075,0.9855175168369276,0.03404528458516049,340.4935448272584,0.9897640303916825,0.02862199796751352,431.24024171561825,0.9461559107333984,0.0328227129603255,358.36055242238007,0.9879435594479244,0.6336241558325044,423.38244189086674,-0.6446713972603627,0.27613184885925196,0.036957164594784105,0.27370023701903723,-0.7118589290068644,-0.6186122282988563,0.4844440817713206,0.5871399047686792,-0.3676103916315582,-0.5408798467765253,0.7118589290068644,0.9678600089909775,340.4935448272584
0.8854567631373028,0.238837515078596,0.8056791355737699,0.22766182411218472,19.23027831752976,0.16874985695261757,1.3133358191673006,223.25962374852833,0.8388454215868248,0.1135682089862055,241.23038584439306,0.010176995003412515,0.2814584063407834,246.64335263093096,0.34208551256284936,0.11473348408146444,238.24072906294933,0.7993823060065544,2.5846800347036876,227.31249295450743,-0.5849818913857493,0.003669046746396202,0.03344984845644399,0.2105805537844148,-0.25866379186437205,-0.10814910091477749,0.16059583388597953,0.042669024546401764,0.15956177577675396,0.09630513690204281,0.5849818913857493,0.43184801842245174,223.25962374852833
1.0151549472237906,0.3651665086076149,0.1891492630316808,0.311682744105102,16.2587901147898,0.1566854179312257,1.3228321077953258,224.803980123449,0.8216074921927382,0.11948785311280745,237.4785041520265,0.6358907829436247,0.17070698385951263,284.30152078200956,0.24874651447022167,0.12260232524837493,241.06010013475188,0.7409811882945371,2.9368909731690773,247.46985870027632,-0.47051330646798,-0.15372467218824698,0.08027183896392692,0.2884691683556395,-0.45826603856280973,-0.10906901823208723,0.25266785039512313,0.05629920123431422,-0.12686182131974205,0.11033891696840416,0.47051330646798,0.5207822791664695,224.803980123449
3.443031072675119,0.7277408309204945,0.6603322799418764,0.4015143456062586,16.199114136087132,0.9351354582610216,0.36687118263258006,327.68325068722186,0.9818285619132707,0.03813555770591584,351.6752809452777,0.9887683454661224,0.029981773649913977,410.2639756642589,0.9202149497989804,0.03995454766905429,349.4355311241491,0.8452667945483695,2.2699376711669137,325.4308412560591,-0.6460494352721922,0.27332534063695196,0.43480755357411244,-0.2040472772062962,-0.3200666288832541,-0.6528551303719248,0.8586827669663166,0.7684677056995648,-0.07463217121942488,-0.46839662876181626,0.8586827669663166,0.9342428219975529,325.4308412560591
3.378549858119699,0.2619227811738865,0.5532634840075701,0.2250933254581595,7.905841149456836,0.8149059096024145,0.6197352499460906,332.11261986121144,0.9855621298361136,0.03399280623087341,403.920037996244,0.9708567157861332,0.04829528113508061,390.80767283680035,0.9157245544585927,0.04106350211815424,380.2873886888218,0.9647780162176781,1.083001548229664,312.7620092229404,-0.5500104386558299,0.10827208459277303,-0.08585766889232431,0.3055415508041943,-0.5520335082722453,-0.1798380338042514,0.37855485700414604,0.3137297258658719,-0.008717913094898513,0.30208009160264926,0.5520335082722453,0.9303654651801864,312.7620092229404
1.2489874108700094,0.3929338228399074,0.9059056008309361,0.24350033795777928,14.284675993252865,0.9336120138268996,0.3711544483667162,347.79519037994106,0.977964434447165,0.041994996881516256,354.59521244744974,0.9602008281611382,0.05643811111447867,360.6714101186926,0.8910031513469703,0.04669952119810977,314.07888357156895,0.8401392470666172,2.307241730910436,412.95397929256853,-0.6349303169582758,0.17876844934337693,-0.1977037861630359,0.19976190117526196,-0.40020559206481376,-0.2763914941270463,0.4818823411842846,0.26941904413592316,0.13593331955156684,-0.211265559573276,0.6349303169582758,0.9205839349697582,314.07888357156895
3.202462086835618,0.9764027118855043,0.3143821747849839,0.33674601942516874,9.772194897265354,0.926764329947886,0.3898264045128127,356.318968420134,0.9840170398908487,0.035765480201852176,338.52590140145156,0.9890876225666768,0.029552562335274757,396.27566617646994,0.7827569104225331,0.06592929660347628,305.38221899801687,0.9401552021730323,1.4116771112207893,324.04890497753405,0.21965839385698585,-0.2872438365722816,-0.161597326808024,0.1788247000397936,-0.0815443036788423,0.3125113862310953,0.9080646356880748,0.16202921404645546,0.22471884705011738,0.3356818071201109,0.9080646356880748,0.9245562210001953,305.38221899801687
3.8779157492911764,0.6399659496871644,0.1623061057039068,0.32945978982170687,2.2957021971036586,0.9355072777963167,0.36581817343045514,426.4361317230272,0.9819211666790519,0.038038260915204986,412.85782404644704,0.9982102197146727,0.01196837842688098,406.3439476250989,0.8453840625040565,0.055620205106280116,398.58350013701084,0.9931894079044791,0.47622764885690905,379.444902864003,-0.8006854910537019,-0.22568728133658805,0.34574725732636385,-0.4590053125477978,0.3478128119173072,-0.4712929382033182,0.8582042355634125,-0.10493409818072941,0.5945720565791087,-0.4635954871012682,0.8582042355634125,0.9508424269197153,379.444902864003
2.3716552193573133,0.5747381542570376,0.7534255589278136,0.036142230802699044,12.799279745231921,0.9740426887425607,0.23208110041559546,430.82421670349146,0.9871020843606674,0.032128852791033766,344.85325517757923,0.9854205219245677,0.03415910169540608,337.69609798122485,0.9989604329542694,0.004560702136001339,341.2431547011223,0.8924971282365821,1.8920482355318218,321.42888867922244,-0.5434665808323068,-0.13172025421565356,-0.343422022552014,0.06774925694402506,-0.4192529128426624,-0.16582214973330878,0.7812647165674091,0.6655855391440579,-0.5321943850439311,-0.5039219358375291,0.7812647165674091,0.9676045712437293,321.42888867922244
4.809068032982702,0.8586174087578874,0.9583439028892301,0.4201453052746007,4.785895709347025,0.9506096628939947,0.3201333489049578,282.6012289538843,0.9204356893918745,0.07979847738106896,191.18214345704718,0.9806980053475297,0.03930398163061059,258.4047626464906,0.7174334481318277,0.07519099519642637,315.05987879144885,0.9427150659882702,1.3811548718246822,194.63855917800893,0.06194689083515717,-0.40288925312163126,-0.07664028745365288,0.06525906424772075,-0.14450891062050988,0.4300441276579279,0.9632244677874876,-0.09432579459898838,-0.12199573995553525,0.3920205409122892,0.9632244677874876,0.9023783743506992,191.18214345704718
1.898599626074613,0.36004390891837773,0.21960687266142473,0.047366498187304804,0.2561473663656603,0.8669251383382502,0.5254821090249518,303.4591846251934,0.9481770971648262,0.06440155011262079,312.7278807488327,0.9498841324287942,0.06333198192552875,348.51714918234546,0.0,0.1531240391755796,278.4144922712359,0.9997319599165178,0.0944761187476821,315.803496437836,-0.6128018865940215,-0.05052679273563223,0.06884876940804978,-0.3242175826057825,-0.6721479097040084,-0.3609806963171541,0.6460081550593322,0.35761551114360085,-0.354952246398132,-0.4214359914330181,0.6721479097040084,0.7529436655696777,278.4144922712359
2.419327179560966,0.501711084790276,0.48092896035513066,0.4682510891357898,14.682741271039628,0.8115078354614982,0.6253981229468386,250.67650884330277,0.9684728057334737,0.05023172750162639,266.90367134986496,0.9902164259049183,0.02798235241617542,307.9653464009217,0.9651339265522388,0.026412345968642933,319.5005071245926,0.8613782892274948,2.148512072087412,318.73843898866863,-0.8169731176608626,0.45982844195536426,0.04782471171513344,0.23590030752218047,-0.6000093322647511,-0.20352575519943072,0.2977928587379613,0.12922830059389312,-0.11107821955002133,0.06983983973102889,0.8169731176608626,0.9193418565759247,250.67650884330277
3.085297178590794,0.049999269423947564,0.8498016250833236,0.10257854429383022,3.506984646669035,0.6935928535875842,0.797369037647343,368.6421630045965,0.9812381750655724,0.038750114695555206,313.37117254516073,0.9206950198079256,0.07966832441256494,339.0760628850129,0.967605627501023,0.02545893562354284,361.92454835229546,0.9840236781311468,0.7293912882457716,371.7615545829782,-0.7112728480016641,-0.3280175537217233,-0.32280666640596445,0.4530445057111493,-0.08311748540870827,-0.00971295481554676,0.07188139482241203,0.5607663798223539,-0.43885261577628976,-0.7566724820260786,0.7566724820260786,0.9094310708186504,313.37117254516073
2.2279056460438804,0.2846761010246025,0.05301232203904105,0.4023133865067601,4.074004182462966,0.4225875568763964,1.0945938202145293,375.71128406645687,0.909634219894166,0.08504278100542637,326.38692032172435,0.9547457919935474,0.060181767289740076,325.56129331980884,0.5433979990848189,0.09558161452380848,297.3191694452933,0.9900754856112753,0.5748794759328401,354.1296103066658,-0.8152493137506578,0.07859990674515616,-0.05086563801900463,-0.004365294264314109,-0.3751669188127928,-0.23353019750373333,0.24997117121474874,0.24872587724982714,0.01927284465857808,0.18238468097653862,0.8152493137506578,0.7640882106920408,297.3191694452933
3.301158960092323,0.37813604881197027,0.20933765818001937,0.23593078139535092,5.857353256910555,0.757313886996605,0.7096306834306982,345.1434546424603,0.9712876082218128,0.047936921281835757,359.18755798259383,0.992381424565208,0.02469291370611929,397.9674848665645,0.9534463557618479,0.03051984324662171,331.2751891787195,0.9896771797154342,0.5863019712567415,395.0135522782473,-0.8605524798643902,0.22737582596378078,-0.17922921990803953,0.06864468243005556,-0.4344682050140858,-0.01574956102064347,0.26509713058146506,0.24487084414066776,0.1928379363431445,0.1340909447336985,0.8605524798643902,0.9328212910521815,331.2751891787195
1.1631494547051617,0.015011876355554973,0.7435836629491127,0.3465519476460291,6.052574714821013,0.347120837124929,1.163928564657412,222.37376958018086,0.9219663674378438,0.07902715815501596,256.46442939242576,0.6800900368836964,0.1600108143680967,262.49145041395667,0.23022698270070474,0.12410429130827856,230.32488131846642,0.8660439044378065,2.1120461875919845,290.15489910246214,-0.6798497315147038,-0.04577933130855637,-0.1815687552451024,0.4277124565887129,-0.21661361094310613,0.03993536724770471,0.008825010611193996,0.08178825558289696,0.09509013046921656,-0.16243631630020783,0.6798497315147038,0.6090896257169961,222.37376958018086
3.7556530237883643,0.6187353720286052,0.8910742266529971,0.3162884492436804,16.809216656856552,0.9105218045959008,0.43089209915608145,387.0694787460284,0.9704349865912961,0.048643463827561344,266.0801190195409,0.9714166811002283,0.04782905277421245,364.5013895438775,0.9278562878790292,0.037993097268062055,326.1476494803358,0.7880403704005848,2.6567381188199133,269.60506906544794,-0.5942705157150244,0.23265010128377114,0.1656617333050348,-0.1531624761504252,-0.4752447932023721,-0.555319447479666,0.8606526371534071,0.7863010798942327,-0.287011777391479,-0.4940099205923063,0.8606526371534071,0.9136540261134078,266.0801190195409
4.220048898603367,0.5302230839176515,0.343936549683623,0.04008247656520312,13.666558514246834,0.919618195574614,0.4084028820062932,371.3815516472896,0.9966876506494775,0.016281841409583036,343.3346562468194,0.996684725787728,0.01628902839711957,330.30692655026274,0.9981205662050903,0.006132237588881091,324.26988318040765,0.9135216278135027,1.696976875052651,320.895434007246,-0.3378640721532451,-0.007635300241661205,-0.22863416577064732,0.6006201746710215,-0.8077320697024698,-0.7135152757661619,0.5310992846575958,0.8917391169796715,-0.6702827714563375,-0.8187936289266902,0.8917391169796715,0.9649265532060826,320.895434007246
3.8433545114229286,0.2518836872498699,0.4739132181556764,0.1894991921304359,15.708235793325965,0.5865099873302024,0.9262803150450384,368.2489803189035,0.9455026327013312,0.06604245575993874,329.5321780293981,0.8973866152742951,0.09062279638266474,283.49963260057785,0.6696732886882348,0.08129752117272437,235.488626532843,0.7671917768440304,2.7843339905913433,309.1792204961841,-0.7043761818458072,0.14212512661857574,0.0022955949325549597,0.2313233026601334,-0.6126761896866806,-0.3431904801744352,0.39474200160789347,0.6926492208217665,-0.48376226211830675,-0.4674096901716465,0.7043761818458072,0.7732528601676188,235.488626532843
0.571573887415852,0.3185524401335292,0.710692736375217,0.05829490223749887,3.689272710615085,0.9818255554327479,0.19419609658989812,445.82383096807325,0.981173720987178,0.03881661839546967,358.05642042564494,0.9162602499971618,0.08186556861848056,358.7475623587108,0.9502786879548812,0.031541093595013746,345.65658655464256,0.9877110635322396,0.6397043745232825,334.47140487921735,-0.5567527533846423,-0.2841032565032317,-0.3245772103771069,0.18743414619137228,-0.4127417804222249,-0.3046924346276922,0.5870364109380485,0.7858537278257989,-0.6520538031829533,-0.751150270552129,0.7858537278257989,0.9634498555808418,334.47140487921735
0.7470401641030572,0.890598385623367,0.7319820601909541,0.2905407309043898,9.814515410925557,0.9976242270748631,0.0702121685875518,360.63273791426826,0.9795136520839307,0.0404918598183562,280.8868327908904,0.97360620687531,0.04596067061172362,470.6694397946221,0.9394170418005753,0.034816145995406916,382.5215096496552,0.9469000373494072,1.3297477951718628,292.41347001400123,-0.4300478127058938,-0.7395884315844908,-0.40674407827472686,-0.38109666077927745,-0.03414451550535525,-0.32648188453775145,0.9768451413440481,0.7122770051478393,-0.016637479295279332,-0.3537839489657419,0.9768451413440481,0.9674122330368172,280.8868327908904
2.728420674401895,0.40262595085891767,0.5432350716003017,0.3207985325433572,18.781599665406876,0.6815886418421053,0.8128383736054888,284.07107175897346,0.975597056035029,0.04419331339312744,265.2983638591144,0.9810002531652248,0.03899503906494398,335.3590719636655,0.8951896001238956,0.045793901531984094,419.8808065557238,0.8856439201824486,1.9514247130985583,347.48205358103434,-0.7919846595234371,0.23588859009664012,-0.2284461138865964,0.36651803756300816,-0.5473813496670422,-0.05415469526436699,0.08064692384971116,0.24374937097038027,-0.04340582138809001,0.13671252978981618,0.7919846595234371,0.8838038942697407,265.2983638591144
4.059328558121879,0.03992893478439016,0.39098721272422665,0.48075494350006814,19.04028732565703,0.3089030463707827,1.1975107255978572,263.2162811350008,0.8259747885202802,0.11801617583518051,261.96211399512254,0.0629684064537841,0.2738498893009614,231.65554601691102,0.4160804692855574,0.10808911420849991,237.68436681771706,0.8374558162650863,2.3265258805582825,265.4801131340941,-0.3129890460313796,-0.19860589443568819,0.016034138007699025,0.10289765899339015,-0.26394673342238023,0.046615727394809625,0.19167229384782059,-0.07312759100936789,0.09993410980446837,0.02557938722609331,0.3129890460313796,0.4902765053790981,231.65554601691102
3.687582660280131,0.11402612293821654,0.3302069114902461,0.15231744604046987,1.1521393992462772,0.6702731735594651,0.8271553134615433,362.63847816125406,0.9704074937166112,0.04866607565385995,382.58635515371236,0.9614810046117809,0.05552300061749605,382.95603682901213,0.9203995052486442,0.03990831031857119,426.3988202766806,0.9986453985243925,0.21238700625527202,486.5981297929732,-0.6559676615141641,-0.1696321526220674,-0.2135947803622866,0.20105179772658757,-0.4106601054826122,-0.2999403075557463,0.4395390937907945,0.4405655169514802,-0.32131289661449675,-0.6293684458240767,0.6559676615141641,0.9042413151321789,362.63847816125406
0.2727288312007165,0.5952176973089324,0.8700799002631769,0.3723468762066295,18.02046978093089,0.9985370217447251,0.055097114907958926,381.0159569055884,0.9809815824071981,0.03901419427179353,341.88824493858255,0.9796677034054752,0.04033932908194939,410.0642029837382,0.8854699272675496,0.047870198160460745,392.641857170469,0.8583543653977542,2.1718197007659437,330.838113804604,-0.6107591903405539,-0.07752117886291192,-0.15495279646810026,-0.4907102290174493,-0.2879359100046433,-0.2826040097180387,0.8418294570881881,0.2538788926765864,0.004285810151460794,0.07960874733693143,0.8418294570881881,0.9406021200445405,330.838113804604
1.3610520593773299,0.7983650690872448,0.10305559629610873,0.08308598322776474,15.815488658002117,0.9950902658457769,0.1009343315451405,470.9763556741012,0.9967989560527802,0.01600594318503261,465.92000734066187,0.9994476284377266,0.006648920015106277,391.66442343356914,0.9947979696382837,0.010202154551237755,395.9876150369079,0.9726724212258157,0.9539437095081461,357.0438112190642,-0.8137187080744437,0.42183204172387434,-0.0006397590664355284,0.2708566223139369,-0.6214825992602289,-0.2627256870786735,0.25338127136056016,0.44944998140617587,0.0019254785495538935,-0.4706256997960494,0.8137187080744437,0.9917614482400765,357.0438112190642
0.45209705410651085,0.214626610832689,0.16890931819732855,0.4756510357509962,10.48357555698822,0.7207497978376645,0.7612138310434621,231.36105584607753,0.464861370214843,0.2069515120436155,202.67523950028985,0.5744555344655127,0.18454739786373797,226.48843880449877,0.10669839444653817,0.1336917211016281,195.89627251953746,0.7229382248845756,3.037459369307145,215.66025491371263,-0.46684941383748346,-0.025999060407477837,0.046027558496485016,-0.17388231235746968,-0.4381804048209031,-0.06036953189010302,0.48234843011929873,0.044732476687882806,-0.023158348331711324,-0.21639560551088907,0.48234843011929873,0.5179406643698268,195.89627251953746
4.760242258560909,0.5215911925344134,0.27790393071491687,0.2572992290060646,1.7925622730155042,0.9536527516897473,0.31011437643366957,383.1717069909477,0.9877613179085901,0.03129700502256567,383.45285347674445,0.9885329971427064,0.030294264506867744,403.33354309368775,0.689605023285222,0.07880663778579515,398.7045116908887,0.9975022362837607,0.2884017208087822,379.4933220457056,-0.19684343132580642,-0.13734187709311826,-0.062127215116144364,0.11644250604926652,-0.22854391797105778,-0.5289487027672295,0.816733850733757,0.4661576772231365,0.14565704751167374,-0.38217385044346697,0.816733850733757,0.9234108652620053,379.4933220457056
4.407799826206577,0.7046051675523158,0.5743567986211179,0.2842166784747367,13.914361501654417,0.9499165013720184,0.3223719544494378,279.5353443049836,0.9878959025148644,0.031124448087107084,305.51254047048,0.972138199422936,0.04722152870091169,290.3171947762248,0.9223880450334352,0.03940667285654404,302.65670949009746,0.8492184773690639,2.2407645927501756,298.55309700495604,-0.32500698469552003,-0.2324890607669674,-0.0017572396889050893,-0.1551487656567423,-0.1383340788510336,-0.452024982055168,0.8704489699687923,0.7493603619720588,0.15661417992861687,-0.22316312082410736,0.8704489699687923,0.9363114251424636,279.5353443049836
1.3247686418235594,0.8148985918088273,0.7665674017781817,0.4105855861415384,2.7902649709357426,0.5766416560709344,0.9372684202719147,218.5834246538987,0.8358224070889302,0.11462844332588643,252.70905835068052,0.7178827503959246,0.15026238343859102,239.72230465235887,0.19376559438962504,0.1270094749703905,266.9922921924193,0.9573800086417517,1.1913211436872366,241.41701463822898,0.005804032642710981,-0.7589481668296517,-0.36079665348390244,0.26730393692598453,-0.11805372038778567,-0.015572285487300571,0.8133556531393263,0.5015750000414518,-0.25113274676153,-0.04637451083802862,0.8133556531393263,0.6562984833174331,218.5834246538987
0.392857971335814,0.4625976261184457,0.8615682748174295,0.14439495612770165,6.954034142867019,0.9945346650578873,0.10649232624626834,390.2975343592857,0.9826921699435137,0.03721831984638012,385.90915145316916,0.9614364024203126,0.05555513711285075,367.7228737372807,0.9579603513252894,0.02900247065165026,377.2071394289459,0.983176085739503,0.7484894689131149,384.6945148720172,-0.601093678642537,-0.18730338126932972,-0.3080185577283253,-0.1325596311058444,-0.31427078316497536,-0.11974572168237113,0.7820517676022323,0.598744359200385,-0.2561240236416715,-0.3435189481385572,0.7820517676022323,0.9759599348973012,367.7228737372807
4.264524698204614,0.8319267692477124,0.14106507768677765,0.26385409669474236,17.417098002549757,0.921619049579473,0.40328789381430763,349.89140613701977,0.9870030433722072,0.03225197299563258,352.3075634162615,0.9978641729909765,0.013074301318063464,332.6563877381297,0.961207031163817,0.027860054764195306,335.3829242779641,0.8558486954777174,2.1909449198582975,327.0780500374619,-0.630822576993831,0.0995003852727805,0.05703675803370897,0.0587113712652556,-0.12181099578202566,0.32640221243818607,0.6570115092482938,-0.1086072704318094,0.33655055336689293,0.3658355999337623,0.6570115092482938,0.9447083985168382,327.0780500374619
0.4632742338250449,0.7538680616673467,0.506905481551628,0.25336517498419164,0.20567251153434563,0.948820254282783,0.32588095811370466,256.2603374857276,0.9207545317225017,0.07963842651515105,266.3617639113165,0.8267521803990987,0.11775228445933494,273.3572651419698,0.08590829807628253,0.13523849847334046,282.0620787422624,0.9970396485761757,0.3139740866424255,289.49191118785217,-0.25159716397121584,-0.8279057545668749,-0.1310009141885183,0.12766219981823376,0.16508530809356023,0.04592389088164913,0.6038085902610629,0.16401679541667571,-0.4576085123398569,-0.07210254089057781,0.8279057545668749,0.7558549826113683,256.2603374857276
0.7058357690827035,0.5178885135848287,0.04867685706025368,0.4922033953010562,6.470625166092778,0.9504651694034991,0.32060128864057047,319.4158201575367,0.8870501222710845,0.0950776273065201,255.00655230012563,0.981583629534901,0.0383917115563168,266.0476188084643,0.9486821308615411,0.032043486571824,323.3103480041048,0.9777000611659883,0.8617355447034862,298.6662356336766,-0.676906349858351,0.3987306051464694,-0.028484119103705983,-0.25649203156141526,-0.7655045848320331,0.0034285397402815105,0.5002655126051032,0.01985462743573261,-0.20089420239012298,0.4120300177411192,0.7655045848320331,0.9490962226474029,255.00655230012563
1.5760533315687963,0.2992870778026593,0.09569154211243748,0.4418124757830504,14.43307275829415,0.20230340412121905,1.2865562886714685,250.503033550183,0.8837412871460445,0.09646021106521022,256.10529307025854,0.15319438055098056,0.2603318582308035,246.2651902585508,0.40272091843948077,0.10931861212478895,232.4328226088108,0.7673591909200695,2.783332693199843,296.5015423646945,-0.5905214031534555,-0.1464449005491351,-0.06329951218391558,0.3053002484992692,-0.22319628446089051,-0.053698349276720445,0.13238010758955654,0.04853962513760619,0.19495201030630752,0.10707949721837468,0.5905214031534555,0.4818638362355589,232.4328226088108
2.4841218377965726,0.12592134521989068,0.8296309182258339,0.38117800087842213,14.88831059291662,0.25860712182663337,1.240321087655822,229.25021301512223,0.9354149979408761,0.07189543099621755,315.56252587373416,0.6883893580170828,0.1579216210024226,316.8113123936734,0.5486416291896999,0.09503119875053011,263.03137310564404,0.7891617274114802,2.649701159410871,274.53363490392576,-0.6869365728395922,-0.18659688595642882,0.055442761090842944,0.393075713886567,-0.1905863978381403,-0.08457192362811974,0.07116779696004139,0.08615958659280785,0.09945333172639548,0.42252973378591213,0.6869365728395922,0.6440429668771545,229.25021301512223
4.52908611924827,0.48971730962470955,0.8785385814430962,0.17742754790658796,8.878619807831882,0.920057462110374,0.4072854432812322,340.24935848508966,0.9903595582101113,0.027776909317826465,333.88184769921514,0.9838502062265001,0.035951659604795884,390.7637693755041,0.9886280249496905,0.015084239041626929,405.19217281849933,0.9461563649126035,1.339027071088282,313.0756317920308,-0.2773189767287894,-0.15056761049862324,-0.32090512126050713,0.2788145462747361,0.040627568319791356,-0.29924387106595396,0.8039060797459546,0.4468167359435898,0.18602455211302127,-0.37427808532144036,0.8039060797459546,0.9658103232818558,313.0756317920308
4.323676387907166,0.16629077370864198,0.5251085404354522,0.3773489926106171,4.496784991368642,0.8499484722547047,0.5579947764100356,364.02828131633737,0.9885834210885557,0.030227584513915835,370.8921762475061,0.9745576026566208,0.04512471459612551,358.7930212170785,0.8756848111088418,0.04987323668793305,384.1976604992586,0.9892514490162334,0.5982698699840101,404.54489735663236,-0.5506105498741014,-0.04526614937060901,-0.1504883707290125,0.15831133157155508,-0.3804532110267119,-0.2490790402040722,0.3479532806593381,0.24298962540269226,0.10446029206987105,0.337067257722449,0.5506105498741014,0.9356051512249912,358.7930212170785
1.5076670859082764,0.9103081422656921,0.5901401463733188,0.4569645973864736,11.346697692724923,0.996869994548663,0.08059024379478572,356.16489712928774,0.9896298907175266,0.028808929395367805,328.7113701240952,0.9930442818378133,0.02359426435062144,354.23907519624606,0.9329172246222672,0.03663624613252295,327.0138705849237,0.9160044694386611,1.6724388980334501,287.45652099404685,-0.407899773234727,-0.1015282653975314,-0.48715435293314796,-0.06545013524173501,-0.26881689105145445,-0.21094300361846882,0.8847361360664973,0.44505420915645033,-0.021358916041972098,-0.3094787002181088,0.8847361360664973,0.9656931722329862,287.45652099404685
0.9762100131888388,0.41590505722963517,0.23835841631700935,0.44725150559866145,1.2528534414845534,0.9810192496047997,0.198457086653414,439.6901150485017,0.9764968420841891,0.04337091273955474,413.4194084379267,0.9848583035316727,0.03481149868479942,457.22519850506217,0.8438647475324472,0.05589280970263484,353.2633419514006,0.999232627646378,0.15985463950221857,389.0475223350952,-0.6677292195150836,0.07946015395835822,-0.00853063947123325,-0.37835724203575716,-0.575666747461776,-0.22326114002641503,0.640429220862579,0.10714334316535981,-0.053675635942477685,-0.14753241849662987,0.6677292195150836,0.9570943540798973,353.2633419514006
3.1306063116568836,0.06681643498736796,0.015273603143536403,0.3638805600502205,15.1744602946503,0.17381621679206782,1.3093273979495426,214.78498830371547,0.8159969719599236,0.12135227924301265,253.73697681670782,0.12534226529241055,0.2645784836951613,194.64022201486705,0.42052352822293726,0.1076771025155274,306.9457522289033,0.8312419066135504,2.370579236407469,272.8702511681267,-0.40198244879713435,-0.15540684646534417,-0.06261379480512433,0.1423065608209675,-0.2630041811364491,0.03572105009790866,0.10220806455551326,0.057744872896311146,0.023563555729792476,0.003023487612928668,0.40198244879713435,0.4733841777761779,194.64022201486705
2.0984256097101444,0.9277256455123273,0.9134226002302729,0.18383361055128358,7.0489922988250076,0.7187656337912034,0.7639133808901187,321.2356013449883,0.9435510355004117,0.06721457276600842,245.3269398796057,0.9244405375184624,0.07776423115592661,299.6927372997023,0.9407204854662614,0.03443957442578552,264.2576383815276,0.9016233689162311,1.8099565284544163,238.33717610599106,-0.04144690291979587,-0.5486340584824799,-0.03538082297871919,-0.019696223451549227,0.24842646246611894,0.6445443627152139,0.9783577222052061,0.3175218633655695,0.23954691897780334,0.6170702123730741,0.9783577222052061,0.8858202122385139,238.33717610599106
0.8194280819065514,0.839281252018676,0.08167971521453173,0.21174460725723637,7.784282115046529,0.9979304586301544,0.0655310276785561,402.51528133861245,0.994896859798746,0.020209436428898768,420.4829300736995,0.9993732419206396,0.00708248108255938,410.266665777773,0.9769770594762791,0.021462774012510934,406.3122907130492,0.9928036482129405,0.4895289311967988,364.5667068087147,-0.8671786332199891,0.23374277133233823,-0.10708693913585976,-0.2204418982965283,-0.4356097673224401,-0.06410124290232345,0.41528283585034004,0.16256162514951447,0.3426012430168479,0.26586720426116456,0.8671786332199891,0.9923962536077517,364.5667068087147
1.0690074985717652,0.30631355077793543,0.6502219321495758,0.15974933384450526,12.033758787798238,0.3537297562422528,1.1580225133315374,293.1825965104339,0.9290728139842919,0.0753428106775325,288.21687707241165,0.6676144572200209,0.16310095934877572,270.5414156050003,0.4387844578402935,0.10596691766480137,239.57962756325998,0.9108667225118742,1.7228287445744284,298.547976211594,-0.7437687990192311,-0.11264764615867492,-0.12884493586860948,0.274498775772814,-0.3620679790777,-0.20036946163487615,0.15982895523918686,0.5674233799301445,-0.14823564580728538,-0.09783910664434001,0.7437687990192311,0.6600136415597466,239.57962756325998
3.9421245806964915,0.42351696008611867,0.8008212890389863,0.32770976828273535,11.99597375522054,0.8115531271030488,0.6253229818675956,293.2012081164303,0.9721968175783067,0.047171828101981166,277.3683687907523,0.9815089661959333,0.03846945635330457,354.54381688827823,0.9513978086944695,0.03118411205039335,340.5800798205137,0.7579293137895378,2.8391822534075035,326.26353977110676,-0.44912583911281906,-0.06998617609277184,-0.2692602083994088,0.15652248778093827,0.13925305134792793,-0.008298426966982185,0.7383426591236298,0.6209641272950535,0.4070005218169606,0.12847586414435988,0.7383426591236298,0.8949172066722593,277.3683687907523
0.14565894378810237,0.024119769824694947,0.30608814110047905,0.12155369651925982,8.288329850021675,0.3378443329843358,1.172168301491469,250.58589497004863,0.8820699285579445,0.09715110250401605,214.40775912848795,0.3863641636810067,0.22161074304599218,241.42473907547597,0.07695725987688917,0.13589903173053358,181.2908247062255,0.7887330251640514,2.65239364020411,200.3418091520458,-0.1662672853452296,-0.342549034337621,-0.030254406237094418,0.15829157761989843,-0.2754875001281336,0.15495797044975576,-0.016942782224557952,-0.13032745594122216,0.08318131002191242,-0.34967071188835275,0.34967071188835275,0.4943937420528456,181.2908247062255
4.361062390310912,0.7401910714553256,0.22828798684294002,0.13429870361658866,12.416605629442143,0.9658093659463642,0.2663566229385796,397.92393045436603,0.9930688229646366,0.023552604995277834,365.5912635290551,0.9986802011787101,0.010277543432028292,435.3878769919508,0.9936392209209971,0.0112813380444158,472.6134097754055,0.9278276727694195,1.5502706532132995,360.4762509977597,-0.6038559825044613,-0.07201427521602799,-0.30993269677946256,-0.03888265238719219,0.09168979427547264,0.23366996989090386,0.787702235728732,0.6450536797374667,0.2987139748252793,0.16648698650794275,0.787702235728732,0.9758050567560256,360.4762509977597
0.05304334429111368,0.7115964192914985,0.35495133507436605,0.3422287992866568,4.286657437442067,0.9996937017641899,0.025210541283184507,434.01210306378846,0.9901969599791581,0.02801017618059635,413.86176958570377,0.9877556673552643,0.03130422904337914,434.077835133553,0.9568486603965494,0.02938343728302915,401.14750960211177,0.9881654507494055,0.6277663487843552,438.31572597407023,0.11776442186075937,-0.8347670376148968,0.013298289704789303,-0.05493189409577795,-0.1315554847414894,0.07779853353527788,0.9618600150315086,0.11300093770094902,0.03923619759568069,0.084288287699012,0.9618600150315086,0.9845320880489135,401.14750960211177
4.910423769534744,0.10335349978411633,0.7621168431323759,0.1930935219527627,18.24409874799963,0.5540993180191793,0.9618979316690621,259.3996345308452,0.8947308850902814,0.09178800664179647,266.25669918961347,0.7992617876105975,0.1267507327982703,310.4330069691503,0.6313064771794012,0.08588913145698633,319.675491467861,0.8872753578672484,1.9374549084798451,324.7866842835986,-0.8485047945331017,0.2060246059055532,-0.06982886577181392,0.034542801710050475,-0.5267806333532151,-0.04196028381827791,0.27666333482187044,0.21389864243469212,-0.07317026301462158,0.09619527502732028,0.8485047945331017,0.7533347651533416,259.3996345308452
1.4374578402040818,0.07225010487442814,0.5340974104557789,0.05044857817118866,16.526465741251183,0.237282727504039,1.2580320728846266,269.6395172938571,0.9521568450377054,0.061879295154483184,280.95365161093207,0.33091971567266165,0.23140597533843268,250.42372204005696,0.24784478344346184,0.12267588308738085,238.53075505774538,0.7565693993459222,2.847146120305231,304.3025996350335,-0.43541501252540477,-0.02127478287402357,0.014782808860497279,0.4256244943224722,-0.2182096430797459,-0.004457965639906909,0.1278855163209183,-0.046452853506560254,0.18163175720838184,-0.07951757210422221,0.43541501252540477,0.5049546942007581,238.53075505774538
3.21885630446142,0.3863260486430957,0.6986007132990354,0.4357030207273202,15.430771328389898,0.7871922458877896,0.6645132528255457,317.093989448523,0.990846398689107,0.027066459408558466,314.54878915348024,0.975430914834146,0.04434349763802861,380.3092650240691,0.9686954829952422,0.025027009631000567,402.75956597526175,0.8809038830344057,1.991457176898848,354.561757510848,-0.5491355239345497,0.015175264848828602,-0.024962534797855807,0.5649547613694542,-0.30309663926873986,-0.08527570186671052,0.2515122705475465,-0.019385438940244373,0.056033381600704646,0.17781358900053756,0.5649547613694542,0.9206137850881382,314.54878915348024
0.6434952402723346,0.13299625727899086,0.625120814582817,0.4309702258416372,17.0698931293204,0.18987783148502002,1.2965377937748883,254.26574004759462,0.839837430067676,0.11321812728939211,263.0669090539545,0.1965536520560327,0.25357935519369246,231.76757604221282,0.43010899883487197,0.10678281282574896,239.67271947308487,0.8492737499804568,2.240353851895471,263.5943046739631,-0.3212183452399201,-0.16764251923360304,0.014192129934462495,0.1720575457554567,-0.2459050828409821,-0.03574579843723244,0.0441311534856197,0.016643969396883434,0.028393316112441558,0.07648397288281611,0.3212183452399201,0.5011303324848114,231.76757604221282
0.7976922248263055,0.5555673601191387,0.777558944998594,0.012276369529832985,9.025816527182428,0.9960076571279616,0.09101727709069171,341.909928707419,0.994257872135377,0.021437388680340622,386.658246776825,0.9766073579954346,0.04326882382384243,382.97534606696007,0.9998430612835134,0.001772027695147267,353.41088028290557,0.9689524297662362,1.0168010363458948,366.2466843287243,-0.5279406324532643,-0.23726939004672903,-0.10421755927741286,0.05477335850617196,-0.42781764089540275,-0.27724345587003746,0.6629153644877598,0.45815415509558427,-0.34246155655775873,-0.6473133979549116,0.6629153644877598,0.9871336756617044,341.909928707419
1.854130594405562,0.7844002073302514,0.8375590591851971,0.3612592440969991,12.924024119054392,0.9856357665867159,0.17264386474621576,369.5784417800367,0.9848115228860549,0.034865232706610134,351.4355879259708,0.9674023000776997,0.05107741755200072,359.3551760776721,0.9514113743237553,0.031179759760762458,339.77025907688,0.8298555474057424,2.3802965548979844,356.8606389691765,-0.4013711092722614,-0.3182281134508096,0.09030221791721282,-0.16127221903305916,0.01741114203634471,-0.33276990878705404,0.9070710238310256,0.37007169990603456,0.2271236569333208,-0.21455141821629017,0.9070710238310256,0.9438233022559936,339.77025907688
2.1817539240262147,0.20141966030475814,0.4697724456528291,0.26782173286839067,2.8398693671756092,0.8209062295583198,0.6096073048402335,329.17919033141067,0.9553229152832727,0.059796789324305745,320.39643872687446,0.9523332934898816,0.0617650824578619,304.63307513148146,0.8107144531127948,0.0615409482970607,327.54007366267035,0.9796829714206094,0.8225309848280965,289.3453586176885,-0.6599647971387003,0.01625282785858178,-0.25767509709412895,0.15676953644842495,-0.613937818759994,-0.3413517234475486,0.5451236423129128,0.6359790282464652,-0.6205406258819295,-0.7035708105678707,0.7035708105678707,0.9037919725729757,289.3453586176885
1.996841691878872,0.6476258281289832,0.4392421986137315,0.11707264894939169,10.998702999309426,0.9865449509730743,0.1670908102089385,334.3664244246465,0.9860929664832105,0.03336204803556056,382.9290823412829,0.9892646297135139,0.029311899777992884,413.07339499101033,0.9846465551176183,0.017527031780129043,375.37693162666454,0.9239874638530354,1.5909802283912016,362.7572252288464,-0.3081497886479955,-0.2865389507011675,-0.42512844899661867,0.1456384410674239,-0.2254062839665475,-0.29669389177710737,0.8657385354424042,0.7471427401068468,-0.2023895711916456,-0.41560834480212694,0.8657385354424042,0.9741073132280904,334.3664244246465
2.9191811803650056,0.6682397536786332,0.6817518105556524,0.3033149947091745,1.5903739481572587,0.6131767764458471,0.8959137304460348,288.67066982784013,0.8783711670635214,0.09866286499666176,198.54323361726472,0.846564161898885,0.11081507828822712,292.5907572852139,0.5487845723564017,0.09501614958224557,223.30124089873323,0.9405708228423715,1.4067665387661776,200.07986798739896,0.05972526433512487,-0.6154759233485352,0.010464589441368502,0.06803723032846261,-0.1133904622181878,0.6078117416288781,0.9480673220200119,0.005534861300565468,-0.0805588706519089,0.5431114640986326,0.9480673220200119,0.7654935001214053,198.54323361726472
1.11987142176974,0.6891760603242382,0.5829465332477132,0.060538127810983305,5.4048406930908675,0.9971106234196485,0.07743048806747573,374.28891186725184,0.9858238298272711,0.03368332158241025,377.96593766853516,0.9864307556155054,0.03295439058616791,382.0061922178961,0.9989280353714474,0.0046312229064927974,407.0030447362704,0.9290277170349105,1.5373280762976953,363.60097331562724,-0.47047629230193005,-0.7200979564432998,-0.22035030173559444,-0.3364098831852913,0.08987766706690202,-0.3798032079048662,0.9656068502657313,0.5499494727959601,0.014865446318035318,-0.5030615995662412,0.9656068502657313,0.9794641922537565,363.60097331562724
4.721936583817064,0.6281177031092837,0.511236649881972,0.09463772638999426,5.746827733379338,0.9077402171640252,0.43753836199374735,283.47998512859556,0.9857256252999559,0.03379978976996061,273.9494239990206,0.9639745477598143,0.05369578221446132,333.23090587887935,0.9776345861608138,0.02115406947214613,291.28938317194894,0.9435207024998062,1.371408428374736,267.9402980490031,0.20517496060161816,-0.6503999711487521,-0.41658817329392195,0.4009207414152032,-0.46073237298897085,-0.6989641609472916,0.8862720807598886,0.3796660671213954,-0.2972886999398048,-0.7716589297062246,0.8862720807598886,0.955719135776883,267.9402980490031
4.18653382316702,0.09006806051730236,0.7177433184527712,0.27895811678611904,6.385631108990224,0.6675970252219174,0.830505233390682,308.4503358000807,0.971199103711895,0.04801074601508159,354.0594346242578,0.9525877410667731,0.06160000911760695,419.34221882709153,0.8377062107488024,0.05698445606713916,384.4006769129369,0.9339332885303967,1.4832471279236377,372.3998330976671,-0.6769290861546928,-0.014562924896082293,-0.21465005790705993,0.08752164604350005,-0.33859156815628205,0.0526339714214991,0.40844777397307813,0.30336508956450675,0.06872945925155673,0.5037030961054175,0.6769290861546928,0.872604673855957,308.4503358000807
2.01056182353369,0.1886333376887771,0.4133984135193228,0.022662543729364014,11.150275325611572,0.6176520277188303,0.8907161325116604,323.27052275047316,0.9671278784158984,0.051291962958286814,372.2159451007191,0.917815499050441,0.08110178517967224,349.58348463574237,0.9960220220603097,0.008921474575986386,298.8787255069016,0.7084872317231997,3.115666479726371,296.676751933302,-0.6672208950687981,-0.060438440010129095,-0.24241602040765514,0.3055078142723295,-0.3813985320821974,-0.1948862911148486,0.28396064095835866,0.486333023324724,-0.4081022357459297,-0.8374035460779197,0.8374035460779197,0.8414209317937358,296.676751933302
3.4947399670355095,0.970045605437152,0.9009136808755556,0.06725055065606218,19.6738302866155,0.7756649166184726,0.6822735283416013,336.0036242273109,0.9651090457297063,0.05284353672335436,251.855486019625,0.9717860874902244,0.047518980045160635,323.3175304357834,0.9963678770739289,0.00852482998144079,308.1407707164302,0.6595343386066417,3.3671218216174883,252.38216695340557,0.025590092035490994,-0.1286395839858504,0.06253055970387478,0.02802526693760971,0.5805217928263919,0.07834480564191985,0.982726395620585,-0.15748366472794445,0.6140583488266035,0.06744480800672106,0.982726395620585,0.8736924531037948,251.855486019625
3.7404826799037467,0.9199777235042825,0.03386068615648435,0.41379095817811484,6.665637440812595,0.901133137164668,0.4529343929023689,381.49774108893786,0.9841802554004518,0.03558239582692317,350.34753254368565,0.9998143966045694,0.0038541482086573453,364.89484788740066,0.8819128150858084,0.04860789810471254,393.09334522353777,0.9660429863247456,1.0633761509273585,339.6571076631577,-0.6122256851145187,0.14703555900561524,0.3808775123696222,0.16288479523481886,-0.15780945487066267,0.2145150761497912,0.5939284886291556,-0.3584502514736464,0.350054498215296,0.39420771868719834,0.6122256851145187,0.9466167181160486,339.6571076631577
0.2522059551147844,0.9564926796707002,0.18634678762553875,0.1629580033531271,13.555891193636782,0.9999594490591983,0.009172978801235972,428.7210133350572,0.9965674234385948,0.0165746958986018,409.21749636678453,0.9991273976496106,0.008356869914996151,430.49529717628286,0.9901345441341373,0.014049602465887472,380.90346507224064,0.9749567126562808,0.9132040720670868,387.1958706190995,-0.6100073160677394,-0.3109527650269372,-0.3418693181716253,-0.6812149864432848,-0.4150866923043699,0.15120467998697829,0.9574235021935921,0.2508821469629455,-0.24848776504043268,0.11886994171897287,0.9574235021935921,0.9921491053875643,380.90346507224064
2.7663496458611743,0.2722621823578516,0.3936757933393539,0.20327054245352774,5.461335826835391,0.6709756438666503,0.8262737323952246,297.69312503194607,0.9677739278609977,0.050785430721072146,292.670928072546,0.9684519298551675,0.05024835533552078,320.9212713726783,0.8046299075707404,0.06252223550616827,281.8604451477573,0.9650903092421039,1.0781896832895548,305.72973363779295,-0.735385531256164,0.0654019506964431,-0.21568186406462098,0.28358026185117363,-0.5359852165357022,-0.2780362385079105,0.35611798409470646,0.7125308975450306,-0.502279666139884,-0.6176506606801406,0.735385531256164,0.875384343679132,281.8604451477573
0.0635030080344032,0.5879563769844147,0.37217072309528515,0.4223938969285886,11.614423300449602,0.9988082218478915,0.049728760261138066,312.8478989444125,0.9833605558653961,0.03649260444125816,347.8128280070098,0.9715984849700715,0.04767670206255826,373.1414854044618,0.8256975174938387,0.059055077434635346,309.5457617339209,0.8621887085202038,2.1422224802070957,304.86124959991633,0.14164175780055605,-0.4223770939735262,0.10417473315294794,0.17392244800400997,-0.2828590274238821,-0.030535892605512156,0.7214186104185429,0.04691005629134639,-0.00801320931141576,0.5326597444336014,0.7214186104185429,0.9283306977394803,304.86124959991633
3.972853511351255,0.4399757479428047,0.02013092726099682,0.17058814418965068,11.595881326645006,0.5518583668346835,0.9643119948085485,266.0518593054013,0.8812500570548385,0.09748822373520005,260.9653166197974,0.9967527067361633,0.016121157037127437,237.51727876776977,0.30838875935319565,0.11763497881132752,217.07807696748037,0.7387883700599582,2.949296433688376,265.09561558212204,-0.5782950845615276,-0.057300480477305106,-0.029995039625592537,-0.014093566895354298,-0.5447733119314705,-0.19146725601224357,0.33102786093711517,0.06022534793851999,0.14812466109829633,-0.19649084867145278,0.5782950845615276,0.6954076520077679,217.07807696748037
4.679828504957411,0.28203848836494433,0.6164523850541789,0.13184293641162345,14.075681972412657,0.8083136794846144,0.6306748072148034,331.2338026697826,0.9882620156941059,0.030650122522023645,423.4148971038101,0.9621969034017598,0.05500461645243206,424.17007442341134,0.9104969341437477,0.04231792972260317,368.4612932271975,0.9083180558222431,1.7472863260311704,307.7561783503651,-0.4517242635088897,-0.08362667421122426,-0.04548789004301213,0.4649989059280297,-0.4929888356857078,-0.41892370933317735,0.4432382605732949,0.5713014970096261,-0.17264347384579148,-0.23063800892317507,0.5713014970096261,0.9155175177092941,307.7561783503651
2.269975755605663,0.6569939931079928,0.10807471947225278,0.39193294845654264,19.47699983691149,0.9410869799970539,0.3496355351618975,339.7056113125945,0.9910012869563459,0.026836486368259613,341.902249203375,0.9988585754926584,0.00955782444235611,382.5283428450007,0.9253676991751578,0.03864282536690415,363.8233312672046,0.898561467861944,1.8379074964530622,394.1716943588023,-0.8868687409334784,0.27718274140865556,-0.17570983625629966,0.16710435994331924,-0.3389438508804747,0.255754695206118,0.11986587480618847,0.16161122377051887,0.43677978314499893,0.7087400637040641,0.8868687409334784,0.9509752018966321,339.7056113125945
1.7044867074761498,0.6095182909335279,0.600846132806014,0.38478030793606705,0.5212814059991282,0.6025194137550611,0.9081715304921572,391.0037495788943,0.8242394967574446,0.11860311523246701,271.7503959969556,0.7996814386868201,0.12661817480295431,320.1216182303022,0.010289947518325016,0.14072117336564594,302.6730986565593,0.9906138206086268,0.5590705250242495,281.85317339555854,0.11051637939993444,-0.3388908106729222,-0.06895453343431505,0.19544898665950294,-0.6102456383193771,-0.10776633348518706,0.8874837787073955,0.20451713797365811,-0.4558007249853443,-0.11161908399227714,0.8874837787073955,0.6454688234652555,271.7503959969556
2.5902831998768083,0.8627957336403689,0.29448715936092995,0.27389502752844136,13.39875985658054,0.9652274681092394,0.26861365088994865,379.3383196096642,0.9873485932536241,0.0318203433870266,391.1153150097769,0.997995453072644,0.012666119074893912,379.70227430735247,0.9755045210293651,0.022138511883234603,385.0193947977457,0.8771954000083884,2.022225062423155,386.66624912728787,-0.69321206338703,0.17696626417259534,-0.34582846817505825,-0.08738672376864746,-0.013043410624702635,0.3579520293110894,0.7573071070345018,0.13884972836720602,0.3208686227217318,0.20942441775887266,0.7573071070345018,0.9606542870946523,379.3383196096642
4.4783295337040965,0.8483026253997242,0.6454945887271178,0.018323421100677882,0.8939543585600722,0.47359380166612897,1.045130254208107,217.9563629480993,0.8763432858742554,0.09948195324042663,258.4119911657892,0.8495048769731932,0.10974801294896158,252.52499404028845,0.03571482653043112,0.13890190487955983,287.6978016931734,0.9954301281940877,0.39009840965985093,285.81266308405316,-0.10130650587788892,-0.47761145555837137,0.04425932120709808,0.3217404068280135,0.019421229730113447,0.044713341984685864,0.47975165962230565,-0.0010401408157469651,-0.4971028252604614,0.044681747889386315,0.4971028252604614,0.6461173838476193,217.9563629480993
1.7114576081180122,0.15501683902500674,0.9749793216945557,0.4638847474404292,8.104280287584455,0.7213900337451065,0.7603407142384412,307.9916695035795,0.9491310048593542,0.0638060752939955,295.0425110593982,0.9507471493910868,0.06278431181752343,447.32375483354633,0.9055254232171023,0.04347733689863964,381.6648395141277,0.9516586011671021,1.2687667177146835,404.48084081471717,-0.836739789866976,0.031150623797640498,-0.14387350910737612,-0.06979402570192021,-0.31485266140684615,0.10720528939213823,0.4027587405303292,0.016202342406881214,-0.04553058147057426,0.5345007924142894,0.836739789866976,0.8956904424759504,295.0425110593982
2.8341386839020357,0.6031531464510703,0.40707342631795956,0.15177386160091963,17.316166170933936,0.8933412608687441,0.4704442289158007,283.7846941751669,0.9878985850871523,0.031120998915923393,300.0670839650109,0.9954966543416981,0.018984671821922396,292.746498765072,0.9850832941635455,0.017275949253544958,310.3241916389779,0.9018437422084972,1.8079281518981496,345.04201712947076,-0.7103953954590532,0.6094719801739659,0.3585853885127009,0.31913831750080307,-0.8728856371984198,-0.794637125532471,0.42035319393258974,0.7204472395701795,-0.31362597919292734,-0.5751205888662283,0.8728856371984198,0.9527327073339273,283.7846941751669
3.520335891706051,0.5448065485059228,0.6670782923319624,0.4994217710796095,7.375658465106763,0.891218751795322,0.4751020906448515,356.1846522015601,0.9856847709077202,0.03384812404972338,352.28658392562517,0.9884081567504759,0.03045872378706818,389.66012549839377,0.9835119064932392,0.018163129436152795,302.1024828624608,0.9775184289559978,0.8652378303748044,379.9993531313607,-0.40556347769897994,-0.11592430948949907,0.15381077235005516,0.19628715442899755,0.0012591469718235067,-0.18052875914763955,0.754753334312875,0.2280051239187246,0.20588594366987595,-0.02943735299615749,0.754753334312875,0.9652684029805509,302.1024828624608
0.33890172283950804,0.18426724043836978,0.9254345987655916,0.29638522289665864,2.001791639127955,0.9862144078189466,0.16913077382788913,421.22607318013445,0.9777763289730389,0.04217386004613667,355.07041547884467,0.9518346443135058,0.06208730922479847,369.44611027956563,0.903628311668967,0.04391169393252121,333.0655950639646,0.9975660968816653,0.2846910503037841,331.4843215017917,-0.6245156887584354,-0.08975220824978253,-0.015031038476346941,-0.10985868136697446,-0.30601262641457283,-0.249002779961711,0.636305814586816,0.33522979979993445,-0.019375191669820935,-0.12902988384629296,0.636305814586816,0.9634039579312248,331.4843215017917
1.302023726796801,0.08711563403473832,0.11840930074124516,0.12535311439918712,2.083500962743581,0.7959568353631219,0.6506852288020895,364.7336551450875,0.9273492080292638,0.07625277077408128,329.0161970859162,0.8314141184556516,0.11615717822387335,334.7678330165323,0.9512315516171512,0.031237403403508102,334.8617433850612,0.9890405472191732,0.604110808486575,335.53454473116284,-0.40461067227505837,-0.34509773456790005,-0.012100269467997688,0.029677545108477442,-0.38272843508331533,-0.27505026346790534,0.36612808676623365,0.05546895193010517,-0.09311732271843003,-0.790054283723098,0.790054283723098,0.8989984521368724,329.0161970859162
2.6196700911625923,0.3316213155859541,0.6308061560460938,0.06930453634540654,8.732358149279731,0.7822938192534755,0.6721176528459963,301.2601522035801,0.9805369375755533,0.03946762930178632,259.30689919773437,0.8499623636178629,0.10958107576181682,222.22159691080134,0.9216836053480956,0.039585104896415105,222.77520557191707,0.8306710768933832,2.374585132296734,218.5972191000173,-0.29744788214393053,-0.47910931083982156,-0.5168419418434864,0.6072797959927522,-0.5609485762081228,-0.4953340255962577,0.5150005917865947,0.9138316896750489,-0.8229859371344475,-0.8013332391390121,0.9138316896750489,0.8730295605376741,218.5972191000173
0.531497695258376,0.4467721016872371,0.2857857403848685,0.08663277906119375,18.572763478526497,0.043563580607211994,1.4087631243553795,234.29239064065385,0.6905105805067433,0.15738319438060613,230.64268017692598,0.7064097872741177,0.15328732288905947,260.1127335054444,0.30379200102541715,0.11802525879156735,249.4214626446444,0.7465989362665112,2.9048679030208424,312.5761739574632,-0.7431500656406854,-0.03038928078625044,0.07704492449478041,-0.035808859616770015,-0.34848654294809833,-0.09768277456250334,0.4492599479638604,0.14737040872249707,-0.08990467244379682,0.07102900946656317,0.7431500656406854,0.49817497713600023,230.64268017692598
