true_$\alpha$ (Shape),true_$\lambda$ (Loss Aversion),true_$a$ (Learning Rate),true_$c$ (Consistency),kl_div_$\alpha$ (Shape),post_std_$\alpha$ (Shape),ess_$\alpha$ (Shape),kl_div_$\lambda$ (Loss Aversion),post_std_$\lambda$ (Loss Aversion),ess_$\lambda$ (Loss Aversion),kl_div_$a$ (Learning Rate),post_std_$a$ (Learning Rate),ess_$a$ (Learning Rate),kl_div_$c$ (Consistency),post_std_$c$ (Consistency),ess_$c$ (Consistency),post_corr_$\alpha$ (Shape)_$\lambda$ (Loss Aversion),post_corr_$\alpha$ (Shape)_$a$ (Learning Rate),post_corr_$\alpha$ (Shape)_$c$ (Consistency),post_corr_$\lambda$ (Loss Aversion)_$a$ (Learning Rate),post_corr_$\lambda$ (Loss Aversion)_$c$ (Consistency),post_corr_$a$ (Learning Rate)_$c$ (Consistency),max_post_corr,mean_kl_div,min_ess
0.019371518866990962,2.031519656136959,0.38356788738155073,2.794945379181694,1.5743874354417144,0.056213837652919846,397.354304166003,0.8396646344663675,0.5591594412794267,430.90202484398014,1.3115959908815322,0.06502053242152805,503.3065122673833,0.6397190233626016,0.6497796869116548,300.9270532835777,-0.22424486830224918,-0.44502884080979577,-0.6414677846685779,-0.38597043565133166,-0.39964062802197364,0.3598873136969159,0.6414677846685779,1.0913417710380537,300.9270532835777
0.17247624580030474,1.8721158572332017,0.13852341583862784,3.2606549472237907,2.076071717576743,0.03561880288520009,354.08217167036906,0.6032253419095783,0.6777475186508386,457.9588311921266,2.087374768420947,0.030214468015098327,415.06888227249755,0.8376617142421067,0.5698081837474994,384.5796333732921,-0.45272230989773093,-0.3298122438183724,-0.3973240520837971,-0.23660760677647136,-0.18707265133407186,-0.08752248238120021,0.45272230989773093,1.401083385537344,354.08217167036906
0.3552316750365121,2.967786790149256,0.7488290995600974,2.8391328901066752,0.1930663922952271,0.2202167824925219,290.27631590436243,0.27059690323360597,1.0166630429831849,255.20454348378593,0.3334087574937198,0.1906492088760958,274.65604270295694,0.03801997962607051,1.291115656796344,296.0775688339953,0.10937056473904783,-0.9228876021064167,-0.14857627577731075,-0.33428814024378917,-0.041366598884910025,0.11292160083589643,0.9228876021064167,0.20877300816215583,255.20454348378593
0.24496201315674163,3.6457255562933977,0.8940188627515993,2.3439607877829394,0.9952563937529769,0.10482520379553262,283.428570860529,0.2768444725252799,1.0157103032866215,266.5513942420048,1.0584484930974836,0.09171475985858325,284.2473965904147,0.06522069834702848,1.2312780575850089,263.61974690093723,-0.46066516350995496,-0.6526104858228396,-0.7086131141419092,0.04709855635229355,-0.015532500638018946,0.5088082690370067,0.7086131141419092,0.5989425144306921,263.61974690093723
0.2809341154702506,3.4520447139848116,0.8387812711848543,4.219979946483809,0.48279923295524646,0.15736509190107753,276.2648729543138,0.21280979028094227,1.1103906613277006,263.8281388751948,0.8430419202156281,0.11753758054628081,315.6277165721623,0.0360254172961445,1.3086995113305828,284.7846150733523,-0.41045814755324406,-0.6393786242681274,-0.6451834741106605,-0.1868191733949703,-0.005266987383011426,0.4362005897987698,0.6451834741106605,0.3936690901869903,263.8281388751948
0.5436676442559122,2.0838999658563724,0.2577900895584904,1.7307986492513376,0.9032659275955901,0.09939788324282788,334.9704176524496,0.9261245997297272,0.5415282937793673,316.02472366193786,0.9941727765085663,0.09032980516081748,340.7867173571852,0.2629194074751804,1.0194495966647479,316.5737625175009,0.5923188189515229,-0.9802262266670408,-0.5832367754195158,-0.6132959288809875,-0.638645470700648,0.5934174688468108,0.9802262266670408,0.771620677827266,316.02472366193786
0.6178661103639437,2.9079520593773296,0.6079292391423466,2.3032141920872173,0.33985488546273684,0.18714944931422672,327.0604106302481,0.30084637454293817,0.9833554522032443,239.58655631597284,0.5874367484482889,0.1435168463381912,316.39159322578263,0.019289526165900073,1.3271518105212816,298.5060819406844,-0.0869820518080936,-0.883783460264968,-0.1657722082999439,-0.27858265707080987,0.01915071743129552,0.12398270786360364,0.883783460264968,0.31185688365496594,239.58655631597284
0.6446811543403026,2.5561164446533255,0.06789211018313963,4.39402079054474,0.8415905247480172,0.10414098478989701,395.7731332295708,1.914784129517719,0.180451555335497,438.11873204444635,1.328946106878797,0.06703184821743564,402.1171983565993,0.5092929815228158,0.8071447703357147,386.6300015977681,0.40384970080448385,-0.9500912850586333,-0.011894447634983764,-0.5383968175773464,-0.05624025022811061,0.027529581719605702,0.9500912850586333,1.1486534356668372,386.6300015977681
0.7789743289544323,3.9011215572139717,0.7139723950640764,4.937456170643425,0.36430136421272424,0.18527490154811524,297.95068074281994,0.27449891864484854,1.0227691672974055,293.35591017092895,0.6303364151736796,0.14236477138362127,276.1141870126447,0.0139468139576584,1.3643586365513567,290.44870909623387,-0.12453917675395433,-0.397599852397834,-0.08500498538809317,-0.16014085772625952,-0.0014835639076242614,0.012655037495532881,0.397599852397834,0.3207708779972277,276.1141870126447
0.8807880196787673,3.3084715092866595,0.3008999595697612,1.1262488986033676,0.18662799157523086,0.22596153611956682,280.25997867439594,0.3048200046024885,0.9775390932669369,292.8822001537329,0.34017264400536884,0.1913345857171496,268.57983845611443,0.04485468759040767,1.2965612274504286,305.23765747546815,0.1357764526710666,-0.933886240551584,-0.2530932790657222,-0.3402186159702374,-0.03983743459705773,0.2034640237948489,0.933886240551584,0.21911883194337395,268.57983845611443
0.8155236463943574,1.5025066117472956,0.4324343739979054,1.0197265570149403,0.44675477842317196,0.16645725473359793,365.6568375201231,1.6687526243226825,0.23643906224127595,376.08877336867124,0.30752729109244803,0.18419624870550272,368.15341901261814,0.1155293695433044,1.3140525740512596,369.75796279948054,0.5943090760331929,-0.7158947676714149,-0.7575736250240878,-0.926324056244438,-0.33777862349902615,0.43062390033906134,0.926324056244438,0.6346410158454018,365.6568375201231
0.3749115340189138,0.7682422585609096,0.8136064513972735,4.835912427613881,0.8456091551602982,0.11975352980103851,278.39684909763633,2.219580863361521,0.13296364118086154,288.9973019212906,0.464350510803281,0.15544460067560786,423.8189047603234,0.019922777837215522,1.3139921103494823,251.8050811692381,-0.40892281576989675,-0.266702980356704,-0.8578881196928624,-0.713964805216686,0.47555741159221726,0.12353530597008397,0.8578881196928624,0.8873658267905788,251.8050811692381
0.6432949034377774,4.620957476593605,0.20602090879549645,0.9056071028633914,0.44815166062030926,0.18174606290857914,204.71123835083554,0.47106386023434976,0.8059130082984811,236.71145135664372,0.6018879621690513,0.1833988212233162,207.7891745583213,0.6820379967250103,0.848529884521313,228.20434130200104,0.3187800229509671,-0.9808691235031823,-0.6140181531722699,-0.3385783675192412,-0.37641020269193415,0.6437286428756365,0.9808691235031823,0.5507853699371802,204.71123835083554
0.566088656712661,3.0308063116568835,0.8689968566545323,1.704358960092323,0.4122899411390813,0.18207284150257041,327.0457764632443,0.1969937764136298,1.1161732313436485,298.89666788815606,0.6742039155442322,0.14169982168791478,273.9687641657313,0.021598267482156652,1.33287058230947,262.6273529451431,-0.09348318497368956,-0.3613093239924909,-0.1282313879635958,-0.2080612379710204,-0.06934821217874218,-0.003177085524149137,0.3613093239924909,0.326271475144775,262.6273529451431
0.8469567338221704,3.1752198143219506,0.5674268018871355,0.033317158424319565,0.8081091249204785,0.11643345780605266,225.29899907277246,0.5116272693784931,0.8090497835929208,315.2364521914702,0.4385601730092254,0.15929142040955113,313.2979958871183,3.7426637157310463,0.03712455576025182,243.50733557722165,-0.05011605020379416,-0.36397696984292843,-0.8234248959559441,-0.25967296420503677,-0.1110154611100725,0.03667383077863083,0.8234248959559441,1.3752400707598107,225.29899907277246
0.20516418235386766,0.6044262690261266,0.8261041625458362,0.9375126786932434,0.8650839545619825,0.10155384403700239,323.9361014141831,1.3536462675715462,0.39886498178584084,327.09172810522807,0.6233771055409059,0.13044262532690584,386.09495322699433,1.342712811919519,0.3894971061833686,276.5230334814129,-0.14737666306092023,-0.3565008226448572,-0.7536612912016322,-0.20350113332472444,-0.33953912854602586,0.22726501825441503,0.7536612912016322,1.0462050348984884,276.5230334814129
0.5903433056107035,3.5630388272925746,0.12749218191071474,3.096588242975584,1.5692486627741802,0.05443886622191217,381.0956609371328,0.5590594141924634,0.7488718023041029,346.830021095994,1.7882896726482997,0.045550583393667514,405.79475693013217,0.2814704925392286,0.9983583352015303,369.9786517051798,-0.1682388213158653,-0.9216933292948902,0.15739417414619064,-0.07190081852265316,-0.17162442043224704,-0.16282378581506346,0.9216933292948902,1.0495170605385429,346.830021095994
0.7366004433750699,3.089421034852295,0.7653673754901777,3.739000306448582,0.3706397443296156,0.18749109829391014,245.51146444142276,0.27700429735683874,1.0303255326380587,287.9884386768511,0.6346096054786059,0.14663100357107633,257.5646323985153,0.0006681614702088723,1.3791461229376105,250.25937912713172,-0.15939747784726768,-0.3716658561946127,-0.2248118664686469,-0.16270054436050332,-0.058202687905019944,-0.05325726804590518,0.3716658561946127,0.3207304521588173,245.51146444142276
0.7072447967477465,4.346015719552837,0.5935228028572782,4.1915000108030265,0.379654514172,0.18667130931772796,292.80089755395113,0.2420632526683053,1.046327723745839,293.3194725104854,0.6121557197221104,0.1468489583470963,283.88686673898223,0.006920624540341258,1.3667627509323237,271.51136126319693,-0.1048797525606317,-0.41564462161048765,-0.1328126296220735,-0.2722515698843019,-0.05262282861797145,-0.0009625430230455804,0.41564462161048765,0.31019852777568924,271.51136126319693
0.9772934217981097,4.809244195497786,0.7973513974683695,2.8707762816653424,0.3880269455129868,0.18938813464634796,286.97660215621045,0.25130761463056284,1.0270370106643645,279.321737928735,0.6480406005328899,0.14796023425631807,277.84429411584716,0.01037077839155165,1.3731591452945535,274.1023788638173,-0.0946080245867551,-0.38239633451391425,-0.24220204499804382,-0.15000967217825686,0.048838556595921,0.10961080220973858,0.38239633451391425,0.3244364847669978,274.1023788638173
0.6325566483697129,0.5155998262065771,0.32596351713364713,0.2540537145613898,0.9191332272963949,0.09677275957311803,437.54153895922525,1.7469831237050262,0.28432975105913344,426.43432150982284,0.8782315289777581,0.10753183692077313,387.80693769985646,2.3011918470173645,0.1444247780716034,380.61143230784626,-0.33960064457308853,-0.4440701273629166,-0.762850243649676,-0.005345489100546239,-0.12616578935862838,0.19689693985236761,0.762850243649676,1.4613849317491359,380.61143230784626
0.059275150475974786,1.2606866146567608,0.9487499494489015,0.4330206744018952,0.30998602805525866,0.19706937400662058,240.90440741616396,0.5266593001250706,1.0215520252431805,254.45384421800787,0.21867699870325413,0.20055609998966523,338.8501774156373,1.6186589640434714,0.3674505251022746,222.19579214223086,-0.21673055000944808,-0.2617285135739143,-0.5618549033749771,-0.10678266329144517,-0.3496590097461248,0.1249120254781315,0.5618549033749771,0.6684953227317637,222.19579214223086
0.5319157855399939,2.476435717349711,0.21259292644411842,2.5700536132836214,1.0851499289148194,0.0823324671425928,393.01074028490603,1.4009891167736805,0.3186286426729719,449.1326563531623,1.1764229900616572,0.07587949097785607,367.4144060719389,0.36867438921308526,0.9259815963780822,392.1769201891201,0.3487846961159161,-0.9558142626400653,-0.21257352239638966,-0.4172743912432586,-0.4525141233749399,0.24211999169183082,0.9558142626400653,1.0078091062408105,367.4144060719389
0.3644222210485654,1.7639583694083802,0.096115030317436,0.5620966028472388,0.5509291662303053,0.13986344454817884,309.47520989351995,0.5463618267247758,0.8796283800251533,293.11825572211967,1.1237813000145886,0.09043560235680537,313.9303313826807,2.0098007987516517,0.2933994166515473,282.7285548689455,-0.495368096013004,-0.6758071386001648,-0.5944090384031184,0.18868572038235448,-0.1776180392268159,0.40780869979510576,0.6758071386001648,1.0577182729303303,282.7285548689455
0.7470253686539963,0.01987890857434768,0.6479853816918213,1.8519233203056527,0.13735083308308854,0.22706548639718876,270.35039773394146,1.3340467190406256,0.4193288675244191,268.09416725292823,0.08553574552976478,0.2560574550974776,276.0729826668164,0.10357284647395004,1.225696156118345,283.1267336732108,-0.02600721474013571,-0.24478479168359546,-0.30586876643351074,-0.5229000137704958,0.19070879533954518,0.01896601374484175,0.5229000137704958,0.41512653603185723,268.09416725292823
0.19225824863595273,4.665684614022844,0.35885093174400057,4.303835386465808,1.4466689834348692,0.05664724348016586,351.1738188955282,0.7086802891379854,0.6831751179512212,363.6980395862492,1.2697812969792897,0.06822840783023047,386.5631062456024,0.6164175162912118,0.7345045027232967,351.4273782639962,-0.22407023630884,-0.901323348404212,-0.3234685948267127,0.16164180617719287,-0.13547668582511702,0.3557142440101125,0.901323348404212,1.010387021460839,351.1738188955282
0.7962474947169661,4.423453596437401,0.0451513211287765,1.5768802872680219,2.621581624404612,0.017542643786042658,398.65284865375924,1.2267602950233294,0.3968244924319474,377.6603658154399,3.2400593909637765,0.009552518257819106,455.55728768024,1.0752308462080804,0.44489900367526164,379.8139066664866,-0.5800197187554126,-0.8461304935214424,0.39081579720868015,0.5148361333885807,-0.3867993226920768,-0.5728812331316451,0.8461304935214424,2.0409080391499494,377.6603658154399
0.07190678284764464,1.114750118490538,0.4780027533185599,4.141602068096717,1.4519084414654453,0.057317134557987995,385.68278235163785,2.2564572311809927,0.1268227520857179,441.44882239883634,1.124104088051542,0.07843623748498293,381.6567884861693,0.5054099147784215,0.7526213137761228,352.912275487991,-0.268935661412928,-0.5006583922112484,-0.8214993899058814,-0.3436999895009684,0.005712396181020517,0.35566060170277536,0.8214993899058814,1.3344699188691003,352.912275487991
0.17996062796618753,0.4730987984980483,0.9015343320781084,3.1643753911666797,1.0690966924904157,0.08796313047392629,384.1886744008605,2.1684423959139485,0.1458574434721515,408.7259018894795,0.479524884079094,0.15556204685147756,341.4337540696976,0.23416645238268763,1.0263916113703906,423.5555423415666,-0.3403685705234605,-0.3686209420764655,-0.8672889036784222,-0.6169488218242838,0.33224799314304093,0.24744366668076048,0.8672889036784222,0.9878076062165364,341.4337540696976
0.4874036921014124,0.6244814070617484,0.03296092618468489,4.519597288848948,0.12270498836000149,0.2265938628752493,327.09798657392514,1.7616678619185702,0.2761644577318969,315.5853738094509,0.09968144114508773,0.25587961706694634,297.7543771342127,0.12602629735018223,1.2111306609947021,350.5147657149392,-0.2868046959331953,-0.21282796663894185,-0.286704520386054,-0.41736275529473676,0.15193447474719654,0.012982092472497278,0.41736275529473676,0.5275201471934604,297.7543771342127
0.08998239232237423,2.3727726545824144,0.6838255498097155,2.4715055524759015,1.7982214772331042,0.04059642387112729,461.9397942234699,0.47999174964498237,0.8017508937997971,428.62615857801444,0.8601125649268241,0.10477388501562876,462.43889525380564,0.5833587257856594,0.706876730085204,406.47247928819576,-0.14800539546453276,-0.7159952473240325,-0.4067884551296497,0.045214335432649966,-0.4317698275566034,0.13541234899112198,0.7159952473240325,0.9304211293976425,406.47247928819576
0.9591137770971788,3.7306485885437826,0.47042768316580325,3.113562390310913,0.371698370886484,0.18728014749657124,276.07734406435566,0.24967201694899588,1.052387413298724,285.1396170097239,0.5951317653668092,0.15139010511014933,318.28063178541447,0.01751516096403405,1.3135911204875261,302.59797608519665,-0.10414564049747649,-0.415788662382947,-0.19786072003009944,-0.21526481260851144,0.03210080829899106,0.04030424094692457,0.415788662382947,0.30850432854158083,276.07734406435566
0.9395763106195467,2.675276535848332,0.7112111296114849,0.06363650609299783,0.3628691948464122,0.1746270019661553,217.83642807792052,0.8671260255771612,0.6134105899972222,297.79856909526455,0.8283075914891291,0.13007936406954337,278.42780648222447,1.7043076503942702,0.2988925901292813,225.22716853208334,-0.1229016534287725,-0.6708410438145047,-0.8299005084187848,-0.12059206887965565,0.10605356344655938,0.4314343309519063,0.8299005084187848,0.9406526155767432,217.83642807792052
0.8947162886319941,0.9906911967537116,0.8476639640476012,3.4519620868356182,0.3779676841756948,0.19164605780609426,223.56382920322065,0.22429178936684013,1.0716181185121403,287.2346784853401,0.617326265476831,0.1526217396133893,275.0980448172693,0.018425006298511848,1.3139629899259186,246.68157576566307,-0.1880348840882845,-0.38970157221889495,-0.1830463657002095,-0.20548817085283408,-0.00469845008449004,0.05138322624633422,0.38970157221889495,0.3095026863294695,223.56382920322065
0.4013124549295362,2.629697865722342,0.9724509212502221,1.2700444598290983,0.4070055204407008,0.1829399230140758,267.9430617830127,0.22818226785932616,1.0754317055552294,269.15857443178527,0.6700375438859457,0.1406719887469443,294.2397894377224,0.012069598840022566,1.3590054089727919,284.57885051278873,-0.10113261974794202,-0.35065927910477207,-0.20466566010373935,-0.2214103384595976,-0.021660686565582822,0.07256909788795733,0.35065927910477207,0.3293237327564988,267.9430617830127
0.9071955779702688,3.6902328058087273,0.4021876139886065,2.0612332560460223,0.32823093024081335,0.1878037848407302,292.4921996948906,0.2876831130754498,1.0170123865484773,271.9402143168287,0.5340848482886675,0.1503345400729075,290.163308170952,0.05413161002634115,1.2834921302196407,248.86022321587123,0.021175451682000773,-0.888497097599628,-0.1027312846079507,-0.3872065624437407,-0.016251323837418837,0.06750959461096197,0.888497097599628,0.30103262540781794,248.86022321587123
0.33744406549672123,4.0043503201860196,0.05621746692630873,1.611657608118012,1.266901608767197,0.0685198618404528,374.83353556170476,0.5464390540525441,0.7252525347211141,369.17835761285386,2.668745826606356,0.018147872561740254,292.6983012917571,0.46312375984175547,0.8457950745186836,298.39522357200894,-0.634353130766236,-0.14785256015813342,-0.4843534572158919,-0.3987277357721103,0.7145064977763174,-0.6210342712701892,0.7145064977763174,1.236302562316963,292.6983012917571
0.44601026378890973,4.165827179560965,0.981919709950476,4.406381577485196,0.4047881055218959,0.1837503816008376,306.8276651680365,0.2328048769862039,1.0771285511137088,282.41315381950466,0.6092189443150542,0.147530251088535,325.74517610478824,0.030361176865419726,1.323242035975685,287.67697577926407,-0.10146858870003539,-0.3964776638377294,-0.12250651809320054,-0.24363531859807105,-0.05766051073944255,0.024008538704016025,0.3964776638377294,0.3192932759221434,282.41315381950466
0.028584696469126293,3.1138176886460482,0.4489376442936406,1.4235552193573133,2.129841224093217,0.035014888611829206,372.2318715337018,0.2637302984177865,1.002725773730862,265.39295883011005,1.015542857988599,0.0874648535784801,449.77408092412804,0.7860541844082863,0.6177629066395968,255.72192573408412,-0.20755878548999823,-0.21896950492654593,-0.1895739965479781,0.07785176919509272,-0.777145377165325,-0.2634238845631911,0.777145377165325,1.0487921412269723,255.72192573408412
0.29943715843893476,3.229013720981709,0.31216901498716493,4.8654013353499375,1.2997060013925197,0.06579921010974867,346.19655824887985,0.6719271825731634,0.6889694241469119,346.4932452111409,1.3258475850389002,0.06510278537250688,386.3312418670294,0.4602257329143913,0.8642934143304927,373.90965216551984,-0.1564045617039644,-0.9387355846431118,-0.3114379621363838,0.13564414078673273,-0.10212930199913642,0.362119410298932,0.9387355846431118,0.9394266254797436,346.19655824887985
0.9197333646350366,4.854491008927634,0.25461991340241286,4.798533113446808,0.22180841192011827,0.21101210955862704,261.6855994011314,0.1681318047820073,1.1880514039316774,217.02536264820466,0.2946435267175534,0.19104847927755703,257.17628950695223,0.024807445391258565,1.3459111019579235,261.9945785649199,-0.22206265633636438,-0.7521032563495904,-0.17832706666290596,-0.31991346839579554,-0.050956532796927925,0.13569100253250632,0.7521032563495904,0.17734779720273436,217.02536264820466
0.6596740412125398,1.1786969435097996,0.7820782034097029,2.0155682515439914,0.7626049717744336,0.13130360383397738,342.0496510160216,2.0945865017244354,0.15479638001645876,281.3996154676408,0.6282623649180497,0.12859275826322653,295.2119607372909,0.07204281639118326,1.253181741574152,328.56674307448674,0.5721561885811444,-0.7249447077776486,-0.21416003263660666,-0.8873804860488351,-0.17070670511191816,0.28743219559796057,0.8873804860488351,0.8893741637020255,281.3996154676408
0.3929603249610551,4.489540164103057,0.4631208814901407,2.446385390600301,0.3823862400169945,0.17652479734090384,209.59936035669944,0.45717302027697904,0.8106730483310415,277.0015166427022,0.38449911811170884,0.17024353533439196,206.7593506277556,0.10005785147110413,1.2214898299056516,253.86444876880458,0.02312324364399352,-0.9523699547558427,-0.3054717580590418,-0.07171629742671697,-0.04284275775778447,0.22274291817105413,0.9523699547558427,0.33102905746919664,206.7593506277556
0.05970225026219274,0.8614914258545568,0.275670382605938,1.7856512106316869,1.1579012985738153,0.0849492980423001,338.2789818489012,1.111439156307283,0.45639407311703956,292.5631693945196,1.1424024798686228,0.07713272244824339,351.94161835592035,0.607299112595495,0.7145493454976042,288.3643934915355,-0.008235399821362116,-0.40187190894780783,-0.729491070818591,-0.3146256907877729,-0.5090974345205329,0.384418135123104,0.729491070818591,1.004760511836304,288.3643934915355
0.47095477654298,1.5238831029679287,0.7343487603174933,1.5527717730038704,0.2957254545100428,0.18692886225393635,256.15685708035625,0.3741095569602757,0.9028962542226391,296.1447740408316,0.42321065254697965,0.1668962016279977,248.77225562650048,0.06054677623046434,1.2654389277905893,278.84468237815395,0.07877120295795213,-0.9187666018278899,-0.2675710880315029,-0.2108722525459083,-0.084374157886864,0.16448155700458886,0.9187666018278899,0.2883981100619406,248.77225562650048
0.4242725340285313,1.584325741699011,0.28206330223217413,3.8203857927652685,0.9929429241683504,0.09007325303605745,480.90161314832505,2.038882392284049,0.15823054566423916,470.7690602824662,1.2954849224156826,0.06571305347195051,475.8056293951349,0.3874879078178557,0.8652899856891036,391.99208388618393,0.5561931485675298,-0.8845170990137805,-0.5955505084933741,-0.7126766657108884,-0.3072408398079386,0.5718561544757288,0.8845170990137805,1.1786995366714843,391.99208388618393
0.23005707692210123,1.657080459353614,0.39114266225659683,1.3496346915799162,1.2037670977091661,0.07285777829099187,379.6587189350072,0.6844759956033979,0.6746324489626837,335.37603234104233,0.7230318156236647,0.11895653564577381,400.05092597952694,1.0495634392344426,0.45677846894971186,364.43592078680325,-0.20737821705657472,-0.7230674968983535,-0.5640641270393035,-0.05063160875846303,-0.5062963449489469,0.3328105085177232,0.7230674968983535,0.9152095870426679,335.37603234104233
0.13218715347809878,4.776892299313458,0.023345882846758256,2.6972256097101446,1.3081895597471378,0.07199196927743001,338.49716870262085,0.47440317607625726,0.8514454080657788,306.5264908422783,1.331168612821006,0.07176365560531132,253.81032358509435,0.9947407738339693,0.4895055175493445,316.93492243862215,-0.16725316103898505,-0.3359208450206407,-0.43391825439422294,-0.17971887945157708,-0.20600135734993785,-0.3831322185117486,0.43391825439422294,1.0271255306195926,253.81032358509435
0.2094992511611411,3.7609274776609674,0.5452155180957476,0.5528161082510779,1.5356157713451066,0.0519821487969272,465.75274300985245,0.39088032149330454,0.8739270227325255,328.38041809045865,1.075714382915872,0.08214435648613896,394.4775256199044,1.363632024014219,0.3568250995706569,345.6297697637195,0.0009436827821988779,-0.4779611927149828,-0.5699550629681506,-0.10904779246890776,-0.6665369830841237,0.12662674800209836,0.6665369830841237,1.0914606249421255,328.38041809045865
0.7691518881401747,4.108059354162211,0.6628515854492738,0.3438148487222853,0.4440991895669541,0.17492636234066103,311.47346229567285,0.2608181181842293,1.051184718582274,309.7396576287164,0.6084318330655514,0.1489295521894389,258.2080175751226,0.01223602068273344,1.3644412434259927,243.90640906363188,-0.11140326309498,-0.36323663603344486,-0.1330869634429732,-0.23332110627655542,-0.004879289435146782,0.042356161000099354,0.36323663603344486,0.33139629037486706,243.90640906363188
0.5104064208674447,1.0422094449878074,0.5140640012207152,0.11170130653897922,0.49816413638111257,0.15708742789038918,256.7257291416294,0.2706717364491842,1.1097274977727307,225.5821276804766,0.5522413770184748,0.13851816703359476,324.55527447686995,1.643929710891742,0.3713361656967502,253.68726406621113,-0.04311481065178971,-0.5199064007012361,-0.6450436744763076,-0.018801864251124872,-0.4801239155110103,0.28601934839768184,0.6450436744763076,0.7412517401851284,225.5821276804766
0.16745855209252367,2.8358140606688598,0.24629496004391344,1.0739848321867185,1.8268725396415422,0.0490133137862553,259.8288901902544,0.4104928324583541,0.8827669357064661,284.956564133,0.7061762665947381,0.12069730338254926,355.48252683568774,0.7837191107709989,0.5758029603539094,257.2255810781133,0.04645122176345339,-0.43286075854401534,-0.44789605309794717,-0.3701899157416308,-0.7064288325724276,0.16739795083094317,0.7064288325724276,0.9318151873664082,257.2255810781133
0.5509180551555214,4.97473413641213,0.4937160097185362,0.8579326227394248,0.18399045003587627,0.22221185719070174,250.20442260690743,0.1651683042435732,1.180514610317322,213.86395458708265,0.2971352314219967,0.19069790254594288,257.5163057628546,0.01972618048385688,1.315469881066723,221.53345494134558,-0.14251086082069003,-0.7868882335318299,-0.18468162720217954,-0.33530245161343886,-0.04215779484746873,0.1519694505854238,0.7868882335318299,0.16650504154632578,213.86395458708265
0.555180761266668,1.9614170126790769,0.627849936634334,3.3663246982046138,0.19056457275731742,0.2142721776160484,316.382403728315,0.2877120595191842,1.0086058023673536,271.4550747315872,0.30711039527347056,0.18967819287728593,257.7675853396927,0.027141318476512133,1.2990349560371592,311.79996118699637,0.019251426889368244,-0.9052008490960834,-0.25114307659332874,-0.2746285248489012,-0.0475821669674785,0.1838745188107853,0.9052008490960834,0.20313208650662107,257.7675853396927
0.1140820825247022,1.4509246851978477,0.6146171307450355,4.481160848128136,1.7936807178091085,0.03998249907305128,464.94065125522974,1.6360077803721305,0.24466347213311612,483.61021739290743,1.1125617237676093,0.08089487630658161,400.7933464473779,0.8762306542694126,0.5780652429641535,465.0631269362809,-0.2133562399954734,-0.6440653006541123,-0.32342001069354237,-0.15695819604781472,-0.22699688518524663,0.12889331834715115,0.6440653006541123,1.354620219054565,400.7933464473779
0.8085969861925505,0.7100058613395577,0.08685704260632393,4.004214399473357,0.23403769197666033,0.20921845620346533,287.89965278908403,1.4368937823767187,0.32404343420163495,270.5841102249286,0.0026889651416697365,0.2741503259674769,275.7714098290503,0.1015564520954455,1.246429202914614,271.50729279353277,0.2107879312011037,-0.13738217276919873,-0.27961247469018136,-0.35278351248876766,0.07840540051421366,-0.030154224916522924,0.35278351248876766,0.44379422289762355,270.5841102249286
0.2619069605530243,0.6988875284781869,0.18795389103527607,2.1816794587501853,0.6891387983270401,0.1221051528140093,317.5496602385202,2.926018241817879,0.06531372467850007,491.1703877038247,1.7883585017663897,0.04157228343969065,338.217653407445,0.725578505225385,0.683702418471512,322.409096542644,0.1784118715076583,-0.7531543744777274,-0.9066900240918326,-0.44167302207981873,-0.30650541446741125,0.6927051600784718,0.9066900240918326,1.5322735117841735,317.5496602385202
0.6655903660507385,4.517870365915128,0.4972831723463638,3.5942525639257696,0.31923429192325203,0.18939066387975406,306.7389111798722,0.3255158311018591,0.9539607521394278,289.82850559708595,0.5827265855128074,0.14311097500194706,321.4008633583131,0.03843001814300351,1.3068078849457319,291.61042420419,-0.07242061793847629,-0.906282417037438,-0.12116914157959857,-0.24566585433463328,-0.08553901527970402,0.12041503034794337,0.906282417037438,0.3164766816702305,289.82850559708595
0.7261232959507589,0.9329241407725908,0.4177411981918062,2.957754427056454,0.6431264542836403,0.14472626654574505,294.85356389339773,1.7009121133429246,0.2321418845503245,326.65218401901774,0.14822121789554693,0.22813826528957323,257.6576113921198,0.07121175188793782,1.2533351560849118,299.68569119196974,-0.010444242487147464,-0.2849546405491171,-0.21876187683487208,-0.7829132277967652,0.1327614512870814,0.0010607990931119945,0.7829132277967652,0.6408678843525124,257.6576113921198
0.3221729221446026,0.11854925689622858,0.14024860797918226,0.4008680512966056,0.6142798718852979,0.1571842176512484,289.6960374330133,0.99625196558682,0.8728775998927344,245.76696717910136,0.29365903798715054,0.20901261929025855,327.6317150014265,1.1949599375979039,0.5005208391712659,249.49135945168416,-0.13403349825000965,-0.1927364333160928,-0.529715757437664,-0.1545212671251276,-0.3101265392571254,0.061512542577424285,0.529715757437664,0.7747877032642931,245.76696717910136
0.8262096106085433,4.0965466238152795,0.8740486424290952,2.134897220507115,0.453944988736206,0.17679532987182464,302.1357069761616,0.23965984687686537,1.0497230351519156,283.63671449880377,0.5996201792179412,0.15008477606631024,246.05185536645445,0.00452236786691218,1.3878291589493865,288.0226344257076,-0.11950023865052806,-0.3555551917067988,-0.17144265113041496,-0.203148145978348,-0.032232946735008206,-0.005410343642378186,0.3555551917067988,0.32443684567448117,246.05185536645445
0.8598034093875674,0.3889212956141405,0.6795007884841503,0.779402281199877,0.5102332213698478,0.1590620896124655,281.18231703154146,1.4663676935217214,0.2978230992929767,312.8375250009194,0.0,0.2727078739813505,267.55184936701966,0.07684751353613506,1.2685667777081515,294.39129449396006,-0.07135394047007197,-0.18818778298031158,-0.21347558252780044,-0.7021907359201515,0.1252830308569402,-0.01976824934421906,0.7021907359201515,0.5133621071069261,267.55184936701966
0.9437432945106478,0.8370484838899619,0.5363850815429891,1.375140084527822,0.5550644734197694,0.15699594775134487,288.5066898917904,1.4979028674075034,0.28789786369228476,288.60590167792424,0.11779454803566072,0.23019897732031958,271.33426981887857,0.03694021135806502,1.2895028868209788,317.35373857478606,-0.11786989225134407,-0.2596369602308588,-0.14908285164642401,-0.7621527110627695,0.050372018181254564,0.008708989830986953,0.7621527110627695,0.5519255250552497,271.33426981887857
0.42798793608967656,4.23982641965532,0.2951552968094257,0.671373887415852,0.9074071453075179,0.09805955604433737,420.3982723402296,0.7754801238237227,0.6343102335631573,432.1828567180662,0.9173276238609459,0.09720601725580486,402.95325932254616,0.9398764901788339,0.534509057268584,384.7096273590128,-0.06825405426453164,-0.9393158406823859,-0.6884691107613629,0.06297482447883845,-0.21289342849806198,0.6407721580511395,0.9393158406823859,0.885022845792755,384.7096273590128
0.1504159692421033,4.2767498581196985,0.22714106731614372,3.323637760178553,1.951346303819554,0.03451982377393823,491.64494272850663,1.0798241251816028,0.49458952116859817,381.97582263771784,1.3915374381179006,0.06051914857879372,354.7454170280208,0.5454110988284284,0.7220830913637367,365.80184837158595,-0.08639314718947871,-0.4647949096038679,-0.3866823868426187,-0.18861071813901115,-0.17151155922343594,-0.23284597606864246,0.4647949096038679,1.2420297414868715,354.7454170280208
0.22635288488249228,0.19126116067525514,0.4425276867281517,4.744784949330555,0.2178527979156369,0.21411636959426333,305.14491269591224,1.4497107385560688,0.32716872874223146,257.54638951687355,0.0,0.2719433505141275,249.778176050408,0.07623530794523936,1.2778557438400917,314.33029689816186,0.2160747748805174,-0.13090208382710036,-0.31852188409652343,-0.3601695480049253,0.05146074305896361,-0.056583408701734034,0.3601695480049253,0.43594971110423625,249.778176050408
0.08153783511929596,4.592539967035509,0.7909406746975889,1.2439151460639266,1.9804274618161768,0.03432836306354442,401.51775938885703,0.852209613549998,0.6175320895752713,435.35200231203726,0.909759311882953,0.09695210036826962,431.31511965189185,0.9440204252207227,0.498449500556814,415.63623211230833,-0.07336565226856714,-0.6223100958054677,-0.49168884570106547,-0.003378517367057792,-0.330759745180229,0.1677818064260365,0.6223100958054677,1.1716042031174627,401.51775938885703
0.6945513095746451,1.7474432293611337,0.5336251001627591,4.961644490153309,0.19385646105631252,0.21917953809506296,272.08149345306947,0.27972711002723094,1.0154834132876007,275.5135835905542,0.32257865118510104,0.19098800324615767,276.11335969913546,0.04266591549382537,1.2922014049903237,268.6758056323247,0.11371255554858008,-0.922921792121032,-0.15049671380416246,-0.3532265373860909,-0.060480447370540175,0.10668604302275023,0.922921792121032,0.20970703444061745,268.6758056323247
0.0483025282595826,2.8012155189204013,0.15112685465651263,4.631057840204082,1.9355151811390234,0.04058407391561891,383.8868375469371,1.1415478234181138,0.3950734983422925,373.51530792237264,1.6021858678108996,0.04986160468314687,417.2253802244556,0.8381549179625795,0.5901850039496224,442.7946785152547,-0.320480515554317,-0.32742472681934287,-0.7055416715891126,-0.4251241477084021,0.0889628419258269,0.07036054545663506,0.7055416715891126,1.379350947582654,373.51530792237264
0.4641938582041775,0.4540265720451046,0.5622756117390867,2.6157416213520035,0.14910528704638462,0.22603140809018085,258.11779694766716,2.04470199887551,0.1762130271447056,311.1128111744515,0.0,0.27311021316593287,308.54407494816365,0.06179829389006386,1.27451619724041,291.03877027144387,-0.1218206587325185,-0.11498205950331615,-0.32147948565235424,-0.29900314397180194,0.1042182976531721,0.01921773765559374,0.32147948565235424,0.5639013949529896,258.11779694766716
0.7619695968860735,1.823735891706051,0.8867101994316094,3.2410555599659725,0.43854188875948386,0.1795090124246635,234.93686705881214,0.21829865723661324,1.0919117271323355,294.90685699841094,0.606235760829626,0.14642089611626882,328.1366541912955,0.0005555556699514685,1.3857101725891474,315.4189411237227,-0.09539978713728545,-0.4135105381644358,-0.17432379204099185,-0.19601172998468563,0.016555565890141587,0.08596968575982149,0.4135105381644358,0.31590796562391865,234.93686705881214
0.9634214985246968,1.3157493580167139,0.19761238421271682,4.253121264351533,0.7764772555016899,0.1284758523685591,274.80547423760464,1.7360585601277059,0.23652279138639132,222.37671183907017,0.07065791157113993,0.25859906940731625,235.14474623621916,0.07136033324577684,1.2350169456713358,267.7526732769158,0.0690814745258914,-0.2745216265561149,-0.1778476406627651,-0.8741153810940386,0.09832714568762832,-0.02609885071849627,0.8741153810940386,0.6636385151115782,222.37671183907017
0.6087148458076954,0.09129097803526431,0.9533174694168036,4.086212904595036,0.1839963765701697,0.22510336993654073,292.03753422577637,1.473546059035649,0.3111992470749905,308.5260050792868,0.0,0.2751292395867321,293.3560654469875,0.09784131985823352,1.2419278347838967,271.22161179314713,0.19923443421046041,-0.11031442990295932,-0.29153407878932,-0.3628781320344388,0.12755806428979022,-0.03255755242022349,0.3628781320344388,0.4388459388660131,271.22161179314713
0.44129253910596994,3.370294810528874,0.11462227890622646,3.7764184471166704,1.052529259627801,0.08585787238666669,383.647637238651,0.6362407419404895,0.6731785299354576,389.3533174296941,1.2528678415389876,0.07319093807871488,355.82854646039107,0.46884925742496697,0.7781325051340027,427.6931608159042,-0.18100413434562726,-0.853052152582575,0.13933603667025612,-0.20413708548064943,0.003002344208840101,-0.25043116229947815,0.853052152582575,0.8526217751330614,355.82854646039107
0.14606594560338074,0.2702403038823159,0.6687878147306473,1.9340285250593123,1.4368375778734155,0.06841734428218485,340.9501996420952,2.5581179626991464,0.09550994371678723,389.8373688875348,0.7950412007670278,0.11383778998744046,417.2884863000957,0.5157818379622245,0.728432497190108,336.55212014068644,0.04004906581059874,-0.15088976733629642,-0.7778888902880431,-0.32126454501605084,-0.33104174832999467,0.05692464223043728,0.7778888902880431,1.3264446448254534,336.55212014068644
0.5764094486627289,0.35258584480018396,0.34783745107187736,3.6954195146226927,0.155967818774197,0.22067304236178398,280.92633579869977,1.3380819752431579,0.4187997508505064,321.5201480982018,0.05502768124924815,0.2654233269467784,288.54627991648385,0.09075209906397674,1.2585182332974678,273.97550619000367,-0.14263314764020898,-0.13536324489077808,-0.3485783768975974,-0.5612518946298155,0.23253662811148673,-0.09216949379121737,0.5612518946298155,0.40995739358264494,273.97550619000367
0.2688100357731867,2.183807802277305,0.5232824852654175,3.6369351403136436,1.3846611457770963,0.06480261495546714,415.0878162395943,0.41805238034616,0.881979777306703,451.34459686691696,0.9586681039750621,0.09433974648558559,404.7042675936154,0.33039275089623654,0.9636665280465434,357.36988217944463,-0.532561199679029,-0.9563381588621723,-0.5191313954763898,0.5464017507972464,-0.023876163593680503,0.5167141724876175,0.9563381588621723,0.7729435952486388,357.36988217944463
0.2511257353112014,3.2796623241813263,0.5826396446786125,1.862912217475559,1.2879207893818174,0.06662095832188045,315.2707049574894,0.4129026102479991,0.8511748291098565,358.3883030462648,0.8104170225218851,0.10833120628720709,334.6875865319617,0.6492979881609366,0.6918583620190966,303.6684832988785,-0.42157518729376925,-0.8609785314335797,-0.7149350518322604,0.28307635983762847,-0.02345847837953339,0.5497515305894441,0.8609785314335797,0.7901346025781595,303.6684832988785
0.2947975575887642,4.388103220255449,0.8082727147467201,0.2863523262104558,1.3612174335272442,0.06294208096703918,317.95686734916313,0.3982428365084367,0.8874194908545835,343.8908824790752,1.235965151497551,0.07253413217747252,332.55687510659385,2.0828954360757783,0.16333295504957887,309.687663214886,-0.2702128142698823,-0.21995079647927432,-0.6466575743932819,0.11830265139292635,-0.41168733039614,-0.08310053664078836,0.6466575743932819,1.2695802144022525,309.687663214886
0.6754940033789698,2.2863870408177855,0.9283562257760665,0.7111519894569045,0.3811094225439583,0.18763646497610123,294.5403694226645,0.28800492966297675,1.018606634134563,287.64237654895516,0.594079862769627,0.1489371053456536,313.864759774636,0.011072119404378133,1.3302128916512865,287.277814608245,-0.09711177127301862,-0.42524650441914075,-0.16398788731761496,-0.19290676702199946,-0.0016068222666641907,0.04539556125518459,0.42524650441914075,0.31856658359523504,287.277814608245
0.8711620307516887,0.2355025696278261,0.07604922407045357,2.7277818039874826,0.11371677519272944,0.22962141484917584,327.7281981791098,1.2121316444452366,0.46329320748606473,248.13302810895004,0.11876671368938588,0.2582451937042089,269.37592863297294,0.13241144761768786,1.1868037534325424,253.3477099511951,-0.06551970360540209,-0.2104283911267348,-0.34541856638630436,-0.5425829591700253,0.2061095619682117,-0.022271232087545334,0.5425829591700253,0.39425664523626,248.13302810895004
0.3138710294209085,1.4002263510678956,0.3287365209033239,2.2277956176878915,1.6068859297575628,0.048279856130423904,449.94493053494017,2.196016192950178,0.13622978095208627,483.1077901332623,1.6605729501445674,0.04647242169289275,512.906597601124,0.8064277128804163,0.5631062899316641,437.4444692833903,-0.13343373395950958,-0.649735478359547,-0.6938564831023769,-0.1751961890105128,-0.2183555110744017,0.3380213396373412,0.6938564831023769,1.567475696433181,437.4444692833903
0.5172906566546315,3.547954254235164,0.6957245576931282,4.686558943788103,0.4040442808175879,0.18396597888246824,308.28492126793407,0.24011504539130235,1.0716338892702517,294.4191817055887,0.6545997120411028,0.14392840746405147,273.12490981782975,0.0,1.4196327868700496,243.03980457823891,-0.14587144498598925,-0.3845415288673925,-0.16527330650077482,-0.20299242047987517,-0.09176402400188541,0.07335855807627552,0.3845415288673925,0.32468975956249824,243.03980457823891
0.7132343040697825,1.0627601404124623,0.15916307010615793,1.165128531821572,0.1424211136322733,0.21992281094518265,282.487066821118,1.190181852906911,0.4802830793215945,293.7863702504478,0.10840207776987584,0.2652301435622917,252.62744247565652,0.14440164163008373,1.1658923657985105,292.2067450156188,-0.07584193051597825,-0.21882692002149487,-0.3625955050918217,-0.558432023199207,0.1259623522234824,0.06399586618619635,0.558432023199207,0.39635167148478595,252.62744247565652
0.921628154606572,2.714374186143505,0.3419794620631024,2.3865566544908674,0.21680108563877418,0.2197573528140625,222.58222971497767,0.15573550875134679,1.1938490137434845,211.8716913372877,0.3062084915358719,0.19012644614961055,218.44380835624503,0.05556276173641894,1.2835388458978079,276.52977967346925,-0.13111208144220826,-0.752386265086056,-0.13371678806904577,-0.3752909105106491,0.0930623572305373,0.06523044188949911,0.752386265086056,0.18357696191560297,211.8716913372877
0.3353396614926258,4.902251875729136,0.6356712466567574,3.8538380987703484,0.30056637593215246,0.1910150694996928,274.2474345606664,0.2748868557276867,1.0497544010673345,254.47598166928256,0.4176200521198923,0.17259112423450235,265.6309243808046,0.06311491426421756,1.2620789575796234,266.8855259768341,0.028125435300506155,-0.8822615005074071,-0.1686338739948847,-0.2696881509601936,0.049512114153467734,0.023825947498163746,0.8822615005074071,0.26404704951098723,254.47598166928256
0.8833520213641675,2.2062670859082765,0.913075015210297,4.578129533704097,0.4099017576559946,0.1821709843108484,359.54281353123673,0.26700622815230823,1.0317468806363832,251.47707467911928,0.6530027362812335,0.1402200960935827,290.5825536587595,0.0005175702556348138,1.3890647103300857,274.97107493411374,-0.12792013622330906,-0.3880917617266369,-0.13837796564017502,-0.14500858804082312,-0.04691082839624443,0.024248935609615288,0.3880917617266369,0.33260707308629284,251.47707467911928
0.49600505116199467,3.997257045041536,0.4073998805928773,3.025370770186434,0.28847358860059036,0.18852181948913443,265.5412608394794,0.36051665651638487,0.913914582201054,266.27224825678053,0.4452101974525022,0.16709013032639863,280.4555814818568,0.05117552681370441,1.2955594447275465,243.63838946907018,0.1410682740363576,-0.92277449189579,-0.22888381883256986,-0.27420549442775116,-0.1217973882025374,0.1571274045179019,0.92277449189579,0.28634399234579544,243.63838946907018
0.47960698894642284,1.9320330584965495,0.8567867469854858,0.5000545114229288,0.5436094056786307,0.1416903515560592,216.97635951889913,0.5282215241859618,0.802248244147302,333.54459592880573,0.605414353261498,0.14057440940105728,306.4135017822212,2.0812095573072313,0.1839585239894285,233.66110445012046,-0.5145254004746034,-0.11750654359845983,-0.8346217297846512,-0.3373757577261713,0.23449846960896897,0.09101317281866181,0.8346217297846512,0.9396137101083304,216.97635951889913
0.6864828106782743,3.924476387907166,0.17276384910862042,2.0012861132637303,0.9592280545341079,0.10496655245967666,296.3035475424199,0.6361620420724865,0.6803421388287754,303.1482023476161,1.3017844601577142,0.08491340489178831,297.66736647878184,0.5002651994020191,0.8567378723801984,279.29371981662877,-0.06695627230374997,-0.9828802871715266,0.03954250469099018,0.03841967659945238,-0.4417977499799957,-0.030593287993352685,0.9828802871715266,0.8493599390415819,279.29371981662877
0.3817830528718171,2.548925293933794,0.6028317415690069,0.9773424509469583,0.5904018303910319,0.14933030461842475,220.50650457755287,0.47193512903798784,0.8828665664150102,223.6960934125736,0.5187842897948197,0.19259694913475592,225.59551690134464,0.12718168048165768,1.2311139132384754,232.07320514773946,-0.3109062170988051,-0.820265850262531,-0.7615255895973739,0.06905281801205645,0.02460582048378786,0.5399674204786404,0.820265850262531,0.42707573242637425,220.50650457755287
0.09973233811258013,3.473501923576063,0.10133421798019575,0.18394027877749833,0.4887277000958347,0.18705135404878181,227.83377824784537,0.06322903064126506,1.2533022540946397,230.51911617044564,0.6642367786599699,0.17320919613517813,249.60150861889986,1.671709711983801,0.34292753958542255,237.84133293789367,0.15420584431895865,-0.4597602817926483,-0.4747060924903592,-0.1669158887517181,-0.5054504735291888,-0.0048280965598649335,0.5054504735291888,0.7219758053452177,227.83377824784537
0.8386206079513686,2.88331144579056,0.37405359744439626,3.9317144206781407,0.1916913242640317,0.2170426506627931,286.64862667330016,0.24609619632920343,1.0428853263125781,287.3766645782232,0.3084263667009193,0.192057801726295,274.8058839234822,0.024669735736922993,1.3334150491955272,348.9388352822405,0.1366055941181301,-0.9151285763816692,-0.2792548576105252,-0.3893190185021407,-0.09039998841978317,0.2510100423843532,0.9151285763816692,0.19272090575776935,274.8058839234822
0.4122944990240567,1.2398091541903196,0.7610106379890673,2.9176886831369986,0.3868706731079759,0.17250606020704032,346.7716544068749,1.639620492539989,0.24790905180975342,332.60417078385854,0.3576409886191545,0.17995301179772039,320.50258640432975,0.13977552396129167,1.3544075738888184,324.56081851801525,0.5715238899382652,-0.6921012403376523,-0.7085087893597111,-0.9130864734717201,-0.38076461780004134,0.4514812983412654,0.9130864734717201,0.6309769195571029,320.50258640432975
0.033917430107763914,3.8389779144117147,0.9368051337545036,3.490975568307216,2.1426804188041157,0.029476180168794434,381.82432356903115,0.3586413481755406,0.9443363446106514,350.67269543711984,1.1047681155350595,0.08263255897975412,392.9499235805326,0.36948510859972994,0.9097900778172919,382.2914268332645,-0.4990973158818171,-0.7131133981004991,-0.3536728482777829,0.3060550936813793,-0.2967596580689795,0.22248286966818634,0.7131133981004991,0.9938937477786116,350.67269543711984
0.9924949313731549,1.6359285049574106,0.9970609229017442,2.5339861954661163,0.3761974270230801,0.1877777150304439,270.2757722285739,0.26362124822014366,1.0275298177632661,327.393380082314,0.6592603264558281,0.14309367034405832,328.67361979693607,0.015179967833210073,1.34803050522889,331.7687939591115,-0.10383521952216083,-0.3644009171779524,-0.09141712268716326,-0.1991009035541937,-0.02498369511919459,-0.031140045630509493,0.3644009171779524,0.3285647423830655,270.2757722285739
0.12784572947468037,2.4154237695347436,0.7255941736635639,3.9723752679771285,1.788545752581592,0.04157443212857455,408.31427662912256,0.3880190470673124,0.8784685875746112,383.21772479824,1.0195110072548714,0.08723997248704642,482.9408609485622,0.32792016561662063,0.9256951352508186,422.7404373284181,-0.4485287726060839,-0.866579327429827,-0.5445590463376958,0.3810995614147981,-0.1342499100913524,0.4470073773770021,0.866579327429827,0.8809989931300991,383.21772479824
0.9889270620855511,2.1225239422560573,0.013592968548487044,0.642357971335814,1.7067973018831528,0.045796792476555805,252.41896816015958,1.3686865018599543,0.3421394087439586,285.353775832364,2.038729202781632,0.03567828944562954,231.23038334436657,2.0052673733805144,0.2530249180083608,221.96242371690215,-0.09047707400362513,-0.7656144125325112,0.579720709807921,-0.22811243587433722,0.11547626846306609,-0.7507257392256043,0.7656144125325112,1.7798700949763133,221.96242371690215
0.787772196003164,2.321063791381238,0.2301647169502955,3.51378347936559,0.39697915156962926,0.1727887849470186,283.5167365388281,1.0750779679573026,0.41903636390922383,279.3857698592076,0.37534328479236945,0.17732424714131648,273.76519084551387,0.026759859152999832,1.3439461839393891,258.9560322593569,0.694368921423887,-0.8471133054217884,-0.3147404928055774,-0.8234182662650252,-0.2575876547928933,0.10668403894416872,0.8471133054217884,0.4685400658680753,258.9560322593569
0.5958285448391564,4.7357615846353305,0.9657603739901943,1.4805145974291074,0.40544736650907093,0.1823523646239694,345.3242845929756,0.2693875071600589,1.0447409481289742,242.57759264667806,0.6418640771999635,0.1425320411047932,270.00006092258286,0.00272893753439174,1.3616504306066255,287.28502591324803,-0.12064732885882518,-0.35711739504247475,-0.05323261630610917,-0.19595470835988632,-0.025731521580703135,-0.008651958656271637,0.35711739504247475,0.3298569721008713,242.57759264667806
