true_$\lambda$ (Loss Aversion),true_$\rho$ (Perception Shape),true_$\alpha$ (Learning Rate),true_$f$ (Boredom Factor),true_$\beta$ (Exploration Weight),kl_div_$\lambda$ (Loss Aversion),post_std_$\lambda$ (Loss Aversion),ess_$\lambda$ (Loss Aversion),kl_div_$\rho$ (Perception Shape),post_std_$\rho$ (Perception Shape),ess_$\rho$ (Perception Shape),kl_div_$\alpha$ (Learning Rate),post_std_$\alpha$ (Learning Rate),ess_$\alpha$ (Learning Rate),kl_div_$f$ (Boredom Factor),post_std_$f$ (Boredom Factor),ess_$f$ (Boredom Factor),kl_div_$\beta$ (Exploration Weight),post_std_$\beta$ (Exploration Weight),ess_$\beta$ (Exploration Weight),post_corr_$\lambda$ (Loss Aversion)_$\rho$ (Perception Shape),post_corr_$\lambda$ (Loss Aversion)_$\alpha$ (Learning Rate),post_corr_$\lambda$ (Loss Aversion)_$f$ (Boredom Factor),post_corr_$\lambda$ (Loss Aversion)_$\beta$ (Exploration Weight),post_corr_$\rho$ (Perception Shape)_$\alpha$ (Learning Rate),post_corr_$\rho$ (Perception Shape)_$f$ (Boredom Factor),post_corr_$\rho$ (Perception Shape)_$\beta$ (Exploration Weight),post_corr_$\alpha$ (Learning Rate)_$f$ (Boredom Factor),post_corr_$\alpha$ (Learning Rate)_$\beta$ (Exploration Weight),post_corr_$f$ (Boredom Factor)_$\beta$ (Exploration Weight),max_post_corr,mean_kl_div,min_ess
1.7664060576381153,0.17229899129042991,0.25195872019554405,0.24668289665760915,4.974414311694122,0.29406522410521574,0.928675083402778,310.89329685536296,1.6716406532542947,0.056424722244177654,330.28206672742715,0.8451425547940963,0.11522177881690332,294.63441978219134,0.5139482156504097,0.07187471882664519,359.0377820426859,1.5772975040998811,0.3069220255166095,311.6830262550291,-0.4406489510861736,-0.34812020820558826,-0.18242112269375688,0.15224213400737194,-0.3226523231984173,-0.04284432068294168,-0.028937097936701506,0.07777332838707497,0.04197490110460236,0.04943422489800702,0.4406489510861736,0.9804188303807795,294.63441978219134
4.003216444653326,0.9002789126740772,0.7862965698082859,0.11227224319988982,0.984372878887258,0.38185733778119135,0.9416898089390853,286.4483929691677,0.9548678809192571,0.1117411749331296,220.385052160579,0.9444551336806974,0.09409048236016518,328.61122869937265,0.0,0.13554137765801677,233.08511838439136,0.7267066697287518,0.6189222637464518,243.492565456413,-0.09557344118116852,-0.49451635734849847,-0.07280894963117483,0.2485082776985563,-0.04836452200981767,-0.15932676914259153,0.6783347772492925,0.16751736125094385,-0.5816412378618045,-0.16053028743838457,0.6783347772492925,0.6015774044219795,220.385052160579
3.007431311839064,0.7618097431930881,0.9849151880682129,0.23136846809497297,2.5470351787336125,0.18682602286633898,1.0359934892838194,249.10604384907887,0.49963897662968165,0.15433183513881266,193.02122043451882,1.0133439696301676,0.09784735536481354,271.3675993335937,0.0,0.14442027705187463,219.6758313692239,0.12002468757095786,1.284118111375802,187.96888187087202,-0.28504331284097056,-0.5918929724641624,-0.013481776834390688,0.06711996902751181,0.09941308871843783,-0.08953304502520594,0.811614922495721,0.04838386134397811,0.08683341765109938,-0.14628449273897565,0.811614922495721,0.3639667313394292,187.96888187087202
1.9447607877829398,0.8072287748475238,0.6953745908901791,0.20993747013799857,4.700747970573905,0.343945150238103,0.8974518839297909,375.0715433646027,1.3139816702193752,0.0671306967895587,348.28164366113026,1.0644380765492907,0.08264317847529365,411.8068154936005,0.7872278916788856,0.054896431806742016,404.26038581415196,0.33040269654994914,0.8851908555626048,335.6167936761668,-0.06110668922169175,-0.3179857853318332,-0.03077946642880791,-0.051897413098622544,-0.09731498405123123,0.35972252152363626,0.9524623148611872,0.0963603143088958,-0.016099167697995444,0.27633311918149916,0.9524623148611872,0.7679990970471208,335.6167936761668
2.5454453791816936,0.7815487575790803,0.07632012072872894,0.025223706505521234,0.8194586634960194,0.9869770396805478,0.49831519168075294,279.8805657008528,1.7069782413660266,0.043739360790485765,297.36061871949295,2.619838811583195,0.01787472304939643,382.7917902832087,0.27792252379594296,0.1102347593948416,257.3400754166667,1.663220601982092,0.23246640804145757,291.97854488366306,-0.252862771357955,0.0026326205220906615,0.004376482957777017,0.1324462086294707,-0.40641009201061284,-0.5112989038289685,0.7374142979711102,0.3552693561056262,0.06186681099686338,-0.4225162184558746,0.7374142979711102,1.4509874436815609,257.3400754166667
2.145987528478187,0.03482613416347506,0.2639410307907022,0.28854398148886906,2.5727400845278225,0.19637842724720334,1.0472597369808507,294.75409239646916,1.3794460798752888,0.08028928063547772,233.42455535673517,1.075081999718036,0.10602336381495209,216.0948487180815,0.34423323920087767,0.08644858580990585,283.8004577565222,1.380776108373095,0.3088257204875179,329.4045525123324,-0.30601846141583156,-0.35663885903055487,-0.21338434140424714,0.18721985150778173,-0.47495534654089017,-0.05379115888117967,0.04713972726256989,0.03374884695064455,0.005403606624178498,0.0637884807582694,0.47495534654089017,0.8751831708829002,216.0948487180815
4.613536368420199,0.33371840462214475,0.20339447437769673,0.35500862811274425,1.8607591524661689,0.9480788061169967,0.5170623570505466,383.67695463777613,1.890892517365204,0.03588704021623791,407.5770371942117,1.9164471795242524,0.035135378741160975,389.27830385226116,0.8719040441489007,0.050996687859953364,363.9550721553506,1.5430275767614916,0.2588825291203255,355.6669287522049,-0.3958883738624087,-0.07814668106764615,-0.15635381289766975,0.21324398302726894,-0.6919179976461819,-0.5579401782301766,0.46624035759564453,0.4298311738559309,-0.11884099909390568,-0.5324852243523401,0.6919179976461819,1.4340700247833689,355.6669287522049
3.3347909780352643,0.47908138835755115,0.06413809172298585,0.03169509048123413,4.442279038131332,0.6290560071639437,0.68520941455545,319.0378042946842,1.9472166121701795,0.03466069427454807,375.93555119533823,3.3124234246692015,0.008657619785460776,367.46016270158134,2.208554962938976,0.013746866658682239,322.54969886816343,0.8760290561461107,0.505442650867758,308.9087660707178,-0.8513449660550432,-0.011599239082734724,-0.11212796976904135,0.10246874592755788,-0.16293303704741058,-0.05293257227907123,0.1571764909726481,-0.23731491298330032,0.5191739143525768,-0.7300304264330536,0.8513449660550432,1.7946560126176823,308.9087660707178
2.3419779144117143,0.6798315033047628,0.934137402000378,0.09176940345722799,3.81077023591038,0.41591146094463505,0.866286490600971,328.07989654952456,1.4304309741025167,0.060435877914032064,282.73497322705475,0.9675367820497524,0.09413698001485919,344.2295716908381,1.7347997801006736,0.02124997173092183,372.94171093772235,0.32862088896786235,0.8981600631104737,289.0747412422126,0.05806248522345944,-0.23479507729414062,0.05585032235370286,0.08260731014693916,-0.07175643330893848,0.219382603713421,0.9556462072692422,0.17482354166190817,-0.018442613082753197,0.2588249489064954,0.9556462072692422,0.9754599772330881,282.73497322705475
4.570142450946958,0.22664422293096095,0.4971743845814836,0.3966276842854479,3.053944673949336,0.9520384446046578,0.5487412565878577,313.94342579371573,2.235574076620427,0.025624308627251624,341.80403558989036,1.6965345438696817,0.043590948582666975,366.3707969231844,1.7657291843570109,0.025387860927573953,337.34913041644734,1.1399368819990667,0.3900276821579917,361.3072276008448,-0.6131413450798022,-0.0768813281477373,-0.04877654134270128,0.215534329638816,-0.30752757592233093,-0.09059049339553754,0.35265443729398444,0.021841585954157295,0.195133391579387,0.033888374460781474,0.6131413450798022,1.5579626262901687,313.94342579371573
3.5612104181659507,0.5685278497564401,0.26779097833757876,0.30734649953454557,2.3523906931897156,1.3595330538242805,0.31963100341646283,369.0111913277364,1.926792016378337,0.03476579824773159,376.06448389358457,2.635258078808819,0.017094904958017982,387.6492361500188,0.7938690156643972,0.054708882655065745,415.38693704794173,1.1477015784762985,0.38479053467727986,381.6477017235259,-0.7539434712709566,-0.03805623466380475,0.11989461481443987,-0.36709958504733625,-0.1733556851940846,-0.29511955214060714,0.8005138550929122,0.07975636332158272,0.14263907881157506,-0.40794755401170196,0.8005138550929122,1.5726307486304263,369.0111913277364
2.6656416213520036,0.49241165012180993,0.9452263362796616,0.44035167355252974,0.652984949330555,0.14090602362363658,1.102227581063315,227.95423022699342,0.7905910323661625,0.12437411814187946,314.55879739690914,0.301563674351648,0.18606081996752763,223.28420541344624,0.0,0.1384727273585737,220.8056390852707,0.044350112772694406,1.2541921018099207,267.6907339190619,0.09170416495796016,-0.7557698738116692,0.023984888141169756,0.23186332250650182,-0.1873355346901294,0.008007938938225672,0.8150637140565288,0.04211396771043185,-0.12906571186251117,-0.004584409575285699,0.8150637140565288,0.25548216862282824,220.8056390852707
2.9706466922066554,0.7697832571797973,0.33558767418121627,0.47239031732465053,2.1506265720451045,0.7504341102332758,0.6145365796368986,321.5864986696026,1.1687451488958327,0.0794637417951492,269.7460946959608,1.2653671668601756,0.06709672112060941,337.87132416846964,0.3365866971093824,0.09022495889792363,307.5023422490807,0.36138563219559927,0.9528742898293094,289.3596199062399,0.14879416598783932,-0.23578675077099207,-0.08765160006693158,0.1372026543408091,-0.39422837454830995,0.022365619323865587,0.8876731328116415,0.3210823413970401,-0.10842185402506352,-0.05593697399729138,0.8876731328116415,0.776503751058853,269.7460946959608
3.6194823316682836,0.2220542364165768,0.9640901218232095,0.10669432974424585,2.682807802277305,0.7142082267732801,0.5990954583398739,366.2141621029252,2.104413574438774,0.028969141383294317,337.9831789957811,1.6959361292279123,0.04854746640412935,352.9350551646735,1.9693861947484028,0.017035421363800905,341.1812545252506,1.1313175456154563,0.3936060666020935,312.82609872367914,-0.6031724331948367,0.015561234790779014,0.14692498926169678,0.3605830230670972,-0.4060068838403677,-0.6042867520509704,0.4466886077430419,0.3263422096315899,-0.17553922704704938,-0.5915504460083739,0.6042867520509704,1.5230523341607651,312.82609872367914
1.48611144579056,0.980602973590091,0.42873203269391746,0.17367939148915157,0.7859257416990113,1.0614038741292857,0.425953105858595,220.81851978929728,1.3223007749986355,0.08199576552071637,267.7655125884852,0.6980405921681726,0.1195917169838333,217.99214786017777,0.0,0.14667553152680826,259.4026173805745,1.6955804857428007,0.28618140983240403,320.95027950676007,-0.09490938470801602,-0.8889309898094429,-0.08894887372452256,0.17891110815382644,0.2101102312777983,0.04225025359053367,0.26220372541272247,0.19780045049410314,-0.34791013684157596,-0.2272648038107558,0.8889309898094429,0.9554651454077788,217.99214786017777
0.9253521749375583,0.9467144841877702,0.45222929199979284,0.3496557720305226,3.2828506362603807,1.3636338711120861,0.31350771067912797,317.22552453659347,1.5549142204236568,0.06574476618604558,283.1302549255286,0.7290470486553114,0.12653846553180179,292.47896969448715,0.1382561165002586,0.11445141511281692,244.48882763378666,0.3749322881162458,0.8587082571115211,277.9000707985136,0.14547576082305938,-0.863931949770696,-0.024271410459533547,0.5527760250882439,-0.2700827396924785,-0.026750317642357822,0.7844685962855528,0.16902517152656651,-0.6370183499727614,0.00010762358943348406,0.863931949770696,0.8321567089615117,244.48882763378666
0.17645075433766338,0.8734176244359704,0.5609530453596879,0.14148183269245226,4.178347340866236,4.308972512778276,0.01633921696720918,341.60613749146495,2.2061485694688354,0.02803434588467091,439.6016835573637,1.7322818658041526,0.04237371535629984,375.0355093166955,1.6059670580025154,0.02468004442077862,392.806310670242,1.0472917333884633,0.46322922791411225,435.1387875348053,-0.06485605442225653,-0.7299365137955705,-0.5906451849470314,-0.012539955909852315,-0.2864203027376066,-0.1725920461574985,0.9422807021274325,0.7251496463938596,-0.2308658072261726,-0.27923994929724066,0.9422807021274325,2.1801323478884482,341.60613749146495
4.995506611747295,0.1401208783641548,0.13245564287718214,0.07803409868803975,2.398608068418653,0.6095467394323981,0.7224062829023142,340.45763337135577,1.3300535463742917,0.06321165478484488,335.58232610917355,1.9050853600794109,0.03810734056442356,326.14394478375044,1.6681776333205538,0.025940778649621608,304.98625202047356,0.5657585072515017,0.7034627766152469,314.5125746429383,-0.49110533407450996,-0.000350599248868683,-0.11377569442270206,0.14858446148131046,-0.6607797112303331,-0.5069151467781071,0.5231728090824104,0.3724509751531308,-0.24553038819963166,-0.8058462381959024,0.8058462381959024,1.2157243572916312,304.98625202047356
2.8628115121173514,0.7194895498580804,0.1526276684993745,0.19923299599212727,1.2420148487222855,0.8959536043185186,0.504271864250452,327.798028595525,1.5663667174883729,0.049712627008606666,326.9437949009621,2.5379050023846923,0.0188040352649781,459.4623844760522,0.22243995035752184,0.10798375246274004,344.88567618799135,1.365100274007696,0.3173281310086098,376.0300855346283,-0.7517279923060608,0.10136292043579166,0.12277902436752149,-0.3116533311807988,-0.2421129331885638,-0.514970929655443,0.7612466073978119,0.28787009798493907,0.17734433735714045,-0.559421734909597,0.7612466073978119,1.3175531097113606,326.9437949009621
4.867183102967929,0.9316061197102339,0.3812316682432621,0.45531945497163645,4.487124030265515,0.1740059646911869,1.0659610207834471,291.7023565214928,0.8200600941778219,0.12576083856816866,277.26779265536675,0.19169431209553564,0.20605586235695544,252.81293338527374,0.0,0.13668359650738177,289.3820368346685,0.046218710750785874,1.280827116488084,325.72329796872856,-0.029843526744737704,-0.656954721790683,0.0874922527356366,0.1896551331718993,-0.1436977371699947,0.0929192652767825,0.5980680383369532,0.009738960687964704,0.14239716352672593,0.09884986632583234,0.656954721790683,0.24639581634306604,252.81293338527374
4.113079593177058,0.3461428700886547,0.8211891898915986,0.49011259975851273,0.17074032989210686,0.32312843309390904,0.9494013585604841,316.46869370479345,1.1536996971632096,0.0752388321686737,355.5839829488084,0.9018210251201693,0.11196629566826485,284.97340590643313,0.0010857825130414778,0.13103014569303786,330.97724335222205,1.7135789162398625,0.25586371624356813,371.7832971321724,0.0026329592053076323,-0.1942664552505313,0.02788515850533451,0.31109173228018316,-0.27552348504446594,0.11128623190593905,0.7611989157309963,0.11784345168581001,-0.06542340585767571,0.14095953336098657,0.7611989157309963,0.8186627708260386,284.97340590643313
1.6128279187870438,0.457550623826043,0.4497969722623674,0.22041956349324904,1.2759624089556378,1.883491276230296,0.18930328672607857,424.06118809754383,1.746013719843241,0.042464722808141654,360.6666118524332,1.7803264941580015,0.040980255942122165,437.4832456078822,1.1817337670782058,0.040720681062707195,416.0915219736164,1.57931381955032,0.24970485345595242,363.28823195064166,-0.5179757908806695,0.046972235854424824,-0.16657001567081386,-0.0701184371438544,-0.5943454618231948,-0.3587712786251404,0.7877578956994279,0.5643469081547816,-0.3983832718525434,-0.5382589139351501,0.7877578956994279,1.634175815372013,360.6666118524332
0.8854567631373028,0.238837515078596,0.8056791355737699,0.22766182411218472,4.80785836940838,0.5589263112720781,0.7371130783552775,342.3647081681261,1.3988456407684668,0.059287925750042665,322.5684479751598,1.1471917018694358,0.07578763222702571,379.08511145290413,0.8199885082480788,0.05408593382001539,326.4441576138052,1.7231897614410596,0.26271264939290506,413.08838320852567,-0.8808234479184616,-0.011910676694045344,-0.14003926010565704,0.0385981331539336,-0.29647103283732135,-0.012211394334864668,0.16832427838856762,0.2961679611458722,-0.08296076464093544,-0.0876404259018465,0.8808234479184616,1.1296283847198239,322.5684479751598
1.0151549472237906,0.3651665086076149,0.1891492630316808,0.311682744105102,4.0661011842321715,1.042056463338434,0.5715944356309633,340.44480287415706,1.1788215630592394,0.07564992783410406,332.1554712193017,1.0109644478449313,0.08725071739028833,375.0392030862216,0.53738900099588,0.07238505742112711,419.0317442291735,0.9198132480412776,0.48765648604376216,367.21820061914025,-0.7449884956360495,0.014506717450869105,0.012069736448415205,-0.08897709952022474,-0.4397764045543259,-0.284189144775042,0.31478858459326114,0.1475991557848326,-0.05278429459319287,0.3427898298075571,0.7449884956360495,0.9378089446559524,332.1554712193017
3.443031072675119,0.7277408309204945,0.6603322799418764,0.4015143456062586,4.051204579243361,0.7662012466516599,0.6131524103676356,352.4297996532897,1.669662020911014,0.048910023424423736,387.54815999751537,1.157522089185491,0.07529893271229139,373.93182588608477,0.676723718727788,0.06315718452982172,382.1651471861815,0.5847825636157806,0.7715047140911468,342.6382933678812,0.0778483151152101,-0.15079995283597378,-0.06470438660711245,0.06799734020579044,-0.35085445440819574,-0.0011712929636404535,0.9012210881612231,0.5039063961201015,-0.1002578933758621,0.11574888157388938,0.9012210881612231,0.9709783278183467,342.6382933678812
3.378549858119699,0.2619227811738865,0.5532634840075701,0.2250933254581595,1.980997865722342,0.6244949871739123,0.6739572252736046,357.1712551911742,1.9554849385905626,0.03361437576168476,433.07675074552856,1.7239067596006221,0.04263334757377311,369.1324360287092,1.0843200401755215,0.04171209241621373,398.5661240930592,1.6042694646331448,0.2434642276222679,425.6022825138476,-0.6463199240498859,-0.13890479210741474,-0.04111622776877871,0.25521587553149877,-0.38933358290248793,-0.4921366895893159,0.4286519985850625,0.5162227926486516,-0.2320697426994146,-0.5465047423729403,0.6463199240498859,1.3984952380347526,357.1712551911742
1.2489874108700094,0.3929338228399074,0.9059056008309361,0.24350033795777928,3.573313316975078,1.6888264101077881,0.23490388701734963,372.35738474380804,1.741064831431505,0.04170192073178188,362.1113949519757,1.623393688164195,0.048414271983241434,455.5112897210499,1.595473786394677,0.024212168637966457,421.3646992498246,0.9944572929647653,0.451441560493735,407.63343136990903,-0.7367084238808577,0.2367747882994097,-0.019941651197218673,-0.11000299052460714,-0.4780288748770759,-0.2759675261686165,0.6858703253847601,0.5737550456101386,-0.16096287692436187,-0.25344474848069914,0.7367084238808577,1.528643201812586,362.1113949519757
3.202462086835618,0.9764027118855043,0.3143821747849839,0.33674601942516874,2.4468860699026576,0.515720300433651,0.751431794460065,277.67747193149484,1.1812957810930875,0.09335451083853512,265.36413735348026,0.6558932956660809,0.13051748308085168,271.5387015299708,0.015570368033954174,0.128843919082197,267.4070741901211,0.8053565968377193,0.5617387630747344,235.70101730370288,-0.07285322988422477,-0.7410906272017976,0.05224527419570427,0.3663725478624181,0.01157941322578216,-0.025958980574052302,0.6968637395091747,0.0759334580811316,-0.5046291094735459,-0.026834220604570042,0.7410906272017976,0.6347672684128987,235.70101730370288
3.8779157492911764,0.6399659496871644,0.1623061057039068,0.32945978982170687,0.5805679821684472,0.5209205893152122,0.8278074883874212,284.2313949083349,0.7916650684617214,0.10949491681413538,284.6708247235725,0.6805628728367938,0.14063416606602092,287.6308126301647,0.0,0.14274440260873308,295.2606748475066,1.8231432084388157,0.24084542099271436,281.52499933975787,0.17390636335046736,-0.4652692506934219,0.00439011645194894,0.14030147574259938,-0.765139899607668,-0.21310128811288143,0.8050550500306187,0.13839561664268366,-0.4859184771008893,-0.1503474719544375,0.8050550500306187,0.7632583478105086,281.52499933975787
2.3716552193573133,0.5747381542570376,0.7534255589278136,0.036142230802699044,3.202521557213972,1.4874488612504349,0.28330026441638184,383.3554248639139,1.8328233670592993,0.03875503942721681,327.09952245493605,1.484053054876859,0.054227968678868026,420.2524698810212,2.1820486016318923,0.016466625713630643,370.08027613660107,0.6771299097255542,0.6170904291580418,345.5608890393639,-0.609900765433472,-0.27079005956402924,0.5828903317111707,-0.43001396200607017,-0.064535759302722,-0.4550826493191737,0.9403601647959267,0.27316406780890656,0.027469055718625398,-0.3458527997304527,0.9403601647959267,1.532700758908808,327.09952245493605
4.809068032982702,0.8586174087578874,0.9583439028892301,0.4201453052746007,1.2021820705173414,0.3552065278047758,0.994995702922154,264.14046575519126,1.0116434446318945,0.10639408030846219,253.18197271390062,1.0598745574421118,0.08717854840849001,287.22661474730523,0.02964242068806211,0.12909328138197687,256.87831421649355,0.15310363740598976,1.12595324338406,226.44924488656645,-0.08738412234529976,-0.4297788180476941,-0.04770435602401015,0.2896497109152785,-0.10442963238561069,0.12753860532932978,0.6049535942380277,0.14210906988703267,-0.38144097390794823,0.28361116948547954,0.6049535942380277,0.5218941175945668,226.44924488656645
1.898599626074613,0.36004390891837773,0.21960687266142473,0.047366498187304804,0.07144449015330892,1.1754194019655353,0.39625371509959856,337.6235392738184,1.5968677970584857,0.04818065283094777,383.06192495696007,1.8383263023753134,0.03796922416616743,401.6901348466999,0.050220547704469376,0.12849531305469314,350.41308270157725,2.763627366342028,0.07848270942528648,370.42113223921456,-0.6894105333351808,-0.1328450278756459,0.022356672106182852,-0.31811627463845954,-0.4861920370350298,-0.14108894095394156,0.5575167565370368,0.201517624978374,-0.09473297717546801,-0.14295697705785215,0.6894105333351808,1.4848922830891662,337.6235392738184
2.419327179560966,0.501711084790276,0.48092896035513066,0.4682510891357898,3.6726802872680215,1.3560974427749162,0.31964206280179386,394.02629226809506,2.010624877131095,0.032308011921422554,359.7647582068671,2.06471707753163,0.03016082941699125,397.14855571522315,1.508297981148898,0.02874247935453994,383.45462841667455,1.1139278715170755,0.43576416409881835,351.87075456254263,-0.6660323718175237,-0.09872171541297005,0.06726950482997274,0.0033779646616936354,-0.26076530428208194,-0.11391023675176112,0.611797829620458,0.1866255136241807,0.06299996841283999,0.05144043890150417,0.6660323718175237,1.6107330500207229,351.87075456254263
3.085297178590794,0.049999269423947564,0.8498016250833236,0.10257854429383022,0.8829341364121304,0.5227666463690486,0.7212548887736481,335.7000786723816,2.1681320066517427,0.03153151618765978,316.62855169276577,1.6140548084386273,0.05345574016445412,383.2181627788916,1.025887018113477,0.04410622549574182,329.9009022261168,2.100818166908845,0.1482616597345475,476.04889595748756,-0.7367038820159276,-0.24582479455416292,-0.2552800942491379,0.45328738088827586,-0.07867012971860174,0.025105372036240265,0.06433509083183644,0.3055595009013043,-0.03741962487866331,-0.33375057936804325,0.7367038820159276,1.486331729296348,316.62855169276577
2.2279056460438804,0.2846761010246025,0.05301232203904105,0.4023133865067601,1.0244762816653428,0.16718194665634023,1.1312547863017262,339.4060160222098,1.094602542376921,0.08444091236405837,332.58979791488207,1.8996931353554674,0.036806041015813466,333.35161734852653,0.6829341574680291,0.06451971991050333,313.6500980941701,2.2754653707922925,0.12498664177598874,353.9661763834606,-0.7613297139790214,0.07757530026513416,0.019068828366991197,-0.10260922764284769,-0.5294773946731571,-0.14478887005650987,0.2025575171643067,0.03131447697400226,0.09223945007494735,0.0017645855965868023,0.7613297139790214,1.22397543052981,313.6500980941701
3.301158960092323,0.37813604881197027,0.20933765818001937,0.23593078139535092,1.4696444598290983,0.8775618940511508,0.529605416368226,400.32470153402227,1.6188323620244747,0.04729366851909531,401.4134819860959,1.9442435007119216,0.03450288737372046,419.7944276219853,0.9166704996280229,0.0530081272744119,367.40449307251845,1.6633335322582428,0.22937487223819217,362.88492636075233,-0.6215261875345574,-0.0784640261913276,-0.03521344980590433,-0.11545789282174056,-0.5579711696557955,-0.4938967996135116,0.49646927029183424,0.35105590774160095,0.029074479349177635,-0.589013385727717,0.6215261875345574,1.4041283577347625,362.88492636075233
1.1631494547051617,0.015011876355554973,0.7435836629491127,0.3465519476460291,1.5183765796376618,1.0313906338719478,0.4587176885955896,368.255541447685,1.9143185095454225,0.042186676138448294,347.8183103417625,0.6558987752032379,0.12395997345930515,353.05948958499727,0.5468513368922819,0.07017652743165936,390.47714001986895,1.866347329852691,0.1875371396595234,346.31684031846595,-0.5233746649710822,-0.326536015271296,-0.14303021772763272,0.20135304902073725,-0.16104676636710444,-0.12298736524113962,0.08126250341837953,0.1009876866679782,0.10010806667353336,0.17058263195094533,0.5233746649710822,1.2029613170731164,346.31684031846595
3.7556530237883643,0.6187353720286052,0.8910742266529971,0.3162884492436804,4.203501306538979,0.7406882048428115,0.6386308218590994,267.3550815827206,1.4748775283042033,0.05916285436833192,289.4120422623014,0.9114505712250743,0.10343884873697697,311.52446752069784,0.5535937458675967,0.0697473453922818,318.7926326744735,0.3761769994684525,0.9053919356751915,278.7902165390417,0.04106363098534214,-0.2621310078635783,-0.04669995480378288,0.05213567645626718,-0.08408914350271104,0.1938681878654624,0.9259416942523913,0.31467715375968247,0.05792876115706024,0.21634500922206118,0.9259416942523913,0.8113574099416276,267.3550815827206
4.220048898603367,0.5302230839176515,0.343936549683623,0.04008247656520312,3.419015857233202,1.5147183995471805,0.3132908642470593,338.2858838124129,2.134098196820786,0.02868103784242838,319.2784066102615,1.8161822622800137,0.038789921924328424,396.41664094296925,2.4594046854452545,0.010686798413243001,339.88270090588395,0.7392548128180215,0.5958942671528676,304.02500820949257,-0.03425155122324331,-0.23904468814770835,-0.21792012729835877,0.3208635163908942,-0.531801027681437,-0.5209632541802179,0.843912789727372,0.6898820336218627,-0.39674149388340363,-0.6302918458595901,0.843912789727372,1.7327316713822511,304.02500820949257
3.8433545114229286,0.2518836872498699,0.4739132181556764,0.1894991921304359,3.928669165017337,0.7101270571204564,0.6039608111046063,330.6496494439791,2.009165071425104,0.0318872584924975,327.9587747950211,2.0842464412529136,0.029624876695578648,367.34407929723966,1.5135062868277585,0.026605708456306054,375.02676981938185,1.3420350884434726,0.35781133403762405,354.1753511696677,-0.7772433519106214,-0.021296672812497877,-0.20674045160796295,0.2647521550648921,-0.37629973407038186,-0.23929710048918212,0.3008708539831389,0.6595606245918225,-0.2812297866694551,-0.43586353689574303,0.7772433519106214,1.531815989013941,327.9587747950211
0.571573887415852,0.3185524401335292,0.710692736375217,0.05829490223749887,0.9284377601785531,2.319982305349499,0.12643165100774012,422.3585964393742,1.745474951069786,0.042265024412636125,374.41814075665525,1.2976000391600317,0.06565531044145528,376.7139614911204,1.3650408808144188,0.03431262477099753,344.0406455525358,1.8426732249353828,0.1921194432419771,378.1214413900996,-0.5493366855346388,0.0005856981990963947,-0.1290700860531249,-0.08594376749227577,-0.6500053962816241,-0.3077334962682622,0.7845245729528824,0.5528731324002226,-0.5880257159146646,-0.49177134291472685,0.7845245729528824,1.7141542802658236,344.0406455525358
0.7470401641030572,0.890598385623367,0.7319820601909541,0.2905407309043898,2.4574503201860196,1.297909083858112,0.34293459468830584,313.5895800509453,1.2840392276628112,0.07733937520235762,253.71691517496703,0.4626180676414212,0.15839073281886581,288.8474875065545,0.00853960066542292,0.1323678735471981,229.59619095726032,0.1912101953268297,1.0363899041916862,249.07781310049185,-0.01832072439081135,-0.8806499346210676,-0.23643749705941958,0.26496458267406514,-0.06337026782737472,-0.12813983766820156,0.7118216005647535,0.4548743707637397,-0.18188831425065954,-0.19378098644899144,0.8806499346210676,0.6488632350309195,229.59619095726032
2.728420674401895,0.40262595085891767,0.5432350716003017,0.3207985325433572,4.695857045041536,0.628205229528859,0.6671627413114158,315.7869027666768,1.847002397238219,0.03753860783425689,354.60173156441743,1.9075396845042603,0.03532312667619675,383.36207249839305,1.1876728953709894,0.036890047683914094,370.65248551354625,1.182958411178861,0.41424128349587647,312.513205074851,-0.77255536816922,0.04987800893721885,-0.057393059409821284,0.2049204060686552,-0.40946763194548136,-0.3439930179533351,0.3416587088508985,0.5567832891021082,-0.1477519086439839,-0.3272766597662621,0.77255536816922,1.3506757235642375,312.513205074851
4.059328558121879,0.03992893478439016,0.39098721272422665,0.48075494350006814,4.760431903703281,0.52552791831624,0.7631922603585893,326.1705255187296,1.8084130721736413,0.04147355980590577,275.6643666461893,1.1735306727877086,0.07447309768160217,354.1202497614157,0.8613984910121019,0.055530184982333905,374.52558651508514,0.9513710919595383,0.4797997720361197,352.1916245645965,-0.585205485117347,-0.18752643927355322,-0.17683459670619373,0.14627936541990608,-0.3325974651733984,-0.2281356017567448,0.17396925170477404,0.10703161581515919,-0.05436241120597342,0.41748430210001813,0.585205485117347,1.064048249249846,275.6643666461893
3.687582660280131,0.11402612293821654,0.3302069114902461,0.15231744604046987,0.2951063332785855,0.48759616086000657,0.816199497585877,306.73405328873577,1.5827097067765132,0.05049405348300274,275.1433593087288,1.3249149326589331,0.06528027224457676,331.3291119814588,0.8475883806451684,0.09603786277857487,235.46771320180727,2.1167434543643444,0.14915631956294076,231.15274511774209,-0.48818157256514955,-0.24332864154365452,-0.19708656109101483,0.19906441301885155,-0.5292016887875636,-0.2237300621235508,0.41771950054546836,0.2842786893010986,-0.3094769696593043,-0.590743038797846,0.590743038797846,1.2719105270609934,231.15274511774209
0.2727288312007165,0.5952176973089324,0.8700799002631769,0.3723468762066295,4.505860140412462,3.257787074872057,0.046725726477473174,336.88871860589717,2.4245568037613277,0.021523359938041366,337.21523862260153,1.7043186087803373,0.04320815470025202,382.63456521348934,1.4561648135302354,0.02773746006677358,373.2255760008845,1.5050857641224453,0.31464108766526094,353.80260218865556,-0.3000514138391576,-0.2425823987632795,-0.39761856377307075,0.011347466588263978,-0.45877099467512944,-0.17584978307882967,0.6735076312053977,0.5180903877260823,-0.005629905147053784,-0.0905048037900664,0.6735076312053977,2.06958261301328,336.88871860589717
1.3610520593773299,0.7983650690872448,0.10305559629610873,0.08308598322776474,3.955442141242149,2.530532563402283,0.09743210748698013,393.7607358404656,1.9080147506472311,0.035489154861670626,410.7639621063578,2.3297521697665946,0.023190136223337293,432.8980321228244,1.4945803825008062,0.027081343340660424,409.7169092535276,0.9012870072049861,0.49755162883761295,422.6685739663037,-0.5443801509498731,-0.09583364543868277,-0.11973583802015206,-0.406955845093904,-0.525272063834011,-0.3845797871661803,0.7774401364834896,0.6322336762537878,-0.08111335287295754,-0.3543157055544706,0.7774401364834896,1.8328333747043803,393.7607358404656
0.45209705410651085,0.214626610832689,0.16890931819732855,0.4756510357509962,2.6244643336353786,1.3345680475678,0.38149069289260135,368.982393635177,1.2356542158377548,0.07239846906251636,321.9556882525155,0.8235904015855461,0.10704291424457045,352.4601703269522,0.6797796144456211,0.06891389660287059,340.2962538149206,1.3499332134614814,0.31766668458025965,351.10772197205534,-0.5997086890162964,-0.023127287852266573,0.020172161775240546,-0.009184142954165727,-0.32292555791050037,-0.19205139779971628,0.21900912397379171,0.08239479795451923,0.006330134321400647,0.43535065602674766,0.5997086890162964,1.0847050985796405,321.9556882525155
4.760242258560909,0.5215911925344134,0.27790393071491687,0.2572992290060646,0.4549717730038703,0.14755290361736573,1.092445635856724,266.4759981317913,0.761437515979641,0.12702662936174416,244.54054759902377,0.18420794372962968,0.20734122986096484,292.71914511841624,0.0,0.1442104338010691,265.2158147812205,0.11909134968766688,1.1950417327801337,241.7051414205216,-0.029841139873399456,-0.6453164064079219,0.02213799221402664,0.1627913570965832,-0.09176498849779575,-0.07213627340229259,0.5795006384830028,0.113968964708551,0.2004331470315584,-0.04386968007719383,0.6453164064079219,0.24245794260286066,241.7051414205216
4.407799826206577,0.7046051675523158,0.5743567986211179,0.2842166784747367,3.4808736314785165,0.471677314458945,0.83600915463084,369.8223696691888,1.454994854734608,0.057622685675298865,265.1487552246947,0.8696652976735281,0.09978125489367462,373.4213914393522,0.6123121022197912,0.07283200607878634,379.5266396207421,0.357961593645975,0.8807688688484322,267.1812510055669,-0.0038132480950979985,-0.25689338070835616,-0.17294691992345734,-0.022473710662373164,0.0630808592293809,-0.08073943517201479,0.9398176255529894,0.48208947224541654,0.23830626331239366,-0.06620190597895399,0.9398176255529894,0.7533222325465695,265.1487552246947
1.3247686418235594,0.8148985918088273,0.7665674017781817,0.4105855861415384,0.7040231218093725,0.4291020140700035,0.82618364066225,285.2999322506589,0.8185578420126408,0.11616958648056032,232.71844977410345,0.6049971519780175,0.1317946156597976,270.77512316905273,0.0,0.13701079672745656,312.197310941482,0.47688337634803424,0.7979871250275269,235.7735708720982,-0.07191962114581125,-0.6572394277241721,-0.10092812696217629,0.3079251241246504,-0.056096214308418615,0.0072557789480286305,0.7966962392291729,0.2700863478142686,-0.45627612999452927,-0.06406074271808668,0.7966962392291729,0.46590807688173924,232.71844977410345
0.392857971335814,0.4625976261184457,0.8615682748174295,0.14439495612770165,1.743403220255449,2.8499334416632998,0.07096501795827345,397.8924494389928,1.9354647647008005,0.034661637390834034,384.568814607828,1.3048721926945097,0.06513037868414706,404.4295903822915,1.5269725927355808,0.027313352424914537,413.8036902363233,1.6171528516101865,0.24013308841549905,361.29682334152585,-0.3631390020397808,-0.1950589482023639,-0.3101666011644674,-0.035378474113773775,-0.6168789023067086,-0.3835801779776673,0.7976376459203812,0.4698817290103307,-0.37316769536938527,-0.5386420141978204,0.7976376459203812,1.8468791686808754,361.29682334152585
4.264524698204614,0.8319267692477124,0.14106507768677765,0.26385409669474236,4.355243573422876,1.3264554707378775,0.3221027728076321,378.7682000926891,2.0388330550983613,0.03095856885975862,357.7416707950711,3.0904475639740387,0.010803654087810574,355.73897361790813,0.6566171613287676,0.0625823413562063,359.73986080219026,0.7848010772010441,0.5587598659073952,419.36248394671867,-0.715207492653491,0.2598116942843651,-0.24728588967059684,-0.20126320993106073,-0.1339809597647319,0.11527316372699704,0.7551303846979673,-0.48700533714854544,0.3890543018064262,-0.2428565784551275,0.7551303846979673,1.579430865668018,355.73897361790813
0.4632742338250449,0.7538680616673467,0.506905481551628,0.25336517498419164,0.05884471398481165,0.6764891268504928,0.6502029058685161,199.3919098012124,1.404382949735622,0.06814874015867323,251.88625938138162,0.7969341165075269,0.1167136276438336,193.11720538853777,0.0,0.1468270940623948,220.122293474788,2.4057188290261835,0.14195228178322603,259.80525220031126,0.11025143214326998,-0.913861076437212,0.002903292638099757,-0.0006807805679505895,0.052453486611756396,-0.033432570291779005,0.272258254683847,0.011508699013250998,-0.08376778399882215,-0.09421150793279542,0.913861076437212,1.056705004423965,193.11720538853777
0.7058357690827035,0.5178885135848287,0.04867685706025368,0.4922033953010562,1.6227323451127047,2.6216899297126828,0.08919525259849077,380.92615845635845,1.2327594306609035,0.06934898950210426,298.9946784904231,2.7801247243436418,0.015912393246685915,272.2398802560633,0.714143004697183,0.062104703419941315,383.75053053979184,1.8333934042363902,0.19520064562708433,455.08223617909994,-0.3441439005227159,0.17997664587594603,0.02930889574656236,-0.28749660631006274,-0.8290056730897056,-0.2032903573181739,0.41756163924199746,0.015388374800601796,-0.11821547222637137,-0.026831374611012898,0.8290056730897056,1.83642209873016,272.2398802560633
1.5760533315687963,0.2992870778026593,0.09569154211243748,0.4418124757830504,3.6103568316101957,0.3048753043493797,0.9919419290922165,290.92680875369626,1.184818491941658,0.07614776869284968,353.4591967267732,1.8627884929471126,0.03827415975122677,323.5983879669522,1.6375417733835937,0.028776509059410798,263.57638523705805,0.928785988154231,0.4801337935785321,360.3410924313862,-0.7517711114801914,0.019016210008194073,-0.011592808725033012,-0.0557979192562381,-0.5044279982265528,-0.09377879461702618,0.20128663451806655,0.035226521438983964,0.05646855127248578,0.37413106056961765,0.7517711114801914,1.183762010155195,263.57638523705805
2.4841218377965726,0.12592134521989068,0.8296309182258339,0.38117800087842213,3.723995490678036,0.37416457044208795,0.8760478275198843,301.39992509788533,1.3321544565346195,0.06361150460148239,326.7058506990567,1.0939368526330027,0.08039418736894846,411.36483576254477,0.8113352730604256,0.05307137900114376,412.30558603219606,1.050195582934374,0.43516379993604076,416.8562363259609,-0.8407053781609929,0.12026670648235914,-0.18522768363867773,0.0540273015668605,-0.49186258989438847,-0.11240182816154516,0.16615622963685853,0.33736757658592814,-0.025881900223666866,0.26812388183590113,0.8407053781609929,0.932357347120902,301.39992509788533
4.52908611924827,0.48971730962470955,0.8785385814430962,0.17742754790658796,2.2238275558319707,0.6931442365081192,0.6713951263928652,326.46084579692223,1.458656670365334,0.055831880028729707,302.42332609692016,1.1455667411120967,0.08157555897195487,284.7821091182283,0.8337441832937075,0.055255990869649975,420.04148448552957,0.633545669899,0.6497272892855518,305.2232739866321,-0.24331305529482924,-0.10030419640413007,0.1063601427332558,-0.17998642375718724,-0.11225803367843257,-0.2633915984708208,0.9201686021065173,0.305238086774785,0.04283324790144516,-0.182349387637486,0.9201686021065173,0.9529315002356515,284.7821091182283
4.323676387907166,0.16629077370864198,0.5251085404354522,0.3773489926106171,1.130012861777365,1.2499287009727347,0.42929067505111923,332.3961235676351,2.2833352497690127,0.024228885478524618,385.2193125897943,1.7990586950495577,0.039542122164117025,340.97673152482844,0.6468202461511446,0.0644503173347294,395.3712431346406,2.0773565163837717,0.15262080522413468,362.3962247959449,-0.374961216089629,-0.14781669775612719,-0.11422353510596599,0.24069375355025038,-0.40914698719665826,-0.37224923133845944,0.49572051217183793,0.17051069800319338,0.09256573324135395,-0.3903894153594902,0.49572051217183793,1.6112998816652442,332.3961235676351
1.5076670859082764,0.9103081422656921,0.5901401463733188,0.4569645973864736,2.8399210348522947,0.6734693594557032,0.6330552499633454,282.2235712127377,1.0855061688386627,0.0901939843319488,266.84656416958717,0.43888052963959423,0.15806401854005822,289.0910749669284,0.053408736582621574,0.12422167537097925,231.1543979779387,0.1291942944786748,1.1188191277183597,262.7238971052157,0.14676360335083502,-0.9129518950683592,-0.03329453278009641,0.4654837296199751,-0.1087204659651793,-0.0614900959648335,0.7462230651631557,0.171498665334466,-0.2745305605276205,0.10480408185550046,0.9129518950683592,0.4760918177990513,231.1543979779387
0.9762100131888388,0.41590505722963517,0.23835841631700935,0.44725150559866145,0.3202470571789856,1.5346285985816484,0.29039372602015745,347.33622167090056,1.6152211906239566,0.04778804328714813,402.09093621811996,1.6351480240286285,0.04697841474098055,392.3171078477275,0.18763624067883267,0.10851861678074039,428.97218750668554,2.5725740084563866,0.09269319940434574,358.86196093157776,-0.6470430713835605,-0.09449887843010803,-0.053918103301232104,-0.37157055208469014,-0.534468922073362,-0.2286523281101593,0.6543780140335302,0.25578398803676616,-0.13851384535833283,-0.19566185114835424,0.6543780140335302,1.5090416124738906,347.33622167090056
3.1306063116568836,0.06681643498736796,0.015273603143536403,0.3638805600502205,3.795425556293397,0.5268165475991491,0.9664973567606138,271.4904982881662,1.1522826830478161,0.09031054382871721,276.3863820669832,1.013501426112159,0.14661911994127333,232.87741298151465,0.2964861144542513,0.09324493975514389,222.60128069672402,1.0025087960304138,0.454304176509296,245.1237037541382,-0.16888816003427531,-0.4328341139736124,-0.1493923004069439,-0.014510665846724401,-0.32426670820195685,-0.02746852654951397,0.033465931525799186,0.0027951557225334464,0.02190112288083342,0.3608192225938364,0.4328341139736124,0.7983191134487578,222.60128069672402
2.0984256097101444,0.9277256455123273,0.9134226002302729,0.18383361055128358,1.767107132122901,0.4567475128116312,0.8686834332778278,244.66217339321204,0.849273870097534,0.12142533629477968,230.3923765475073,1.1729073185544152,0.08495809922135876,255.43316828630398,0.0,0.1436586004635688,252.42961942320795,0.13660140925628395,1.1757715139242897,239.5942757627134,-0.1452709329609515,-0.2879803232448616,-0.0517729943698676,0.1472655009235901,-0.023533610334438997,-0.05759463258228473,0.6332349624088611,0.04948811460521782,-0.14262318004195987,-0.0726750464574327,0.6332349624088611,0.5231060221439728,230.3923765475073
0.8194280819065514,0.839281252018676,0.08167971521453173,0.21174460725723637,1.9506537145613898,2.6317430693339734,0.08998969825757516,399.10615331067163,1.7282860499966837,0.043143094106725774,355.1866429600368,2.6402419529140633,0.0170702398935819,358.4287538704806,0.7255104344212783,0.06052510472091114,428.5654751104353,1.502990830716792,0.269905388277602,415.9003584980393,0.16805046234431806,-0.7391421919981788,-0.29423045501054407,-0.29934138931911475,-0.6871986006337039,-0.48096391534677785,0.7500916740747768,0.46817857472629654,-0.2109999876440054,-0.50728158504002,0.7500916740747768,1.8457544674765582,355.1866429600368
1.0690074985717652,0.30631355077793543,0.6502219321495758,0.15974933384450526,3.0114285318215717,0.7902345318780002,0.5710973445888664,410.0426972756981,1.4956308686949273,0.05349337691356267,403.70515813787387,1.0135215464471572,0.08678004636677476,370.8846134174706,1.2432381910523813,0.03533112656120227,370.67078088143677,0.8287402024905867,0.5435273967028954,370.8456363853283,-0.6730389089536662,0.04090291647441004,-0.1004332659482057,0.10037529543640922,-0.6220616835033392,-0.4698518770219566,0.5814456358628619,0.746224759615906,-0.5985351136451793,-0.7314355179110649,0.746224759615906,1.0742730681126107,370.67078088143677
3.9421245806964915,0.42351696008611867,0.8008212890389863,0.32770976828273535,3.001996450152601,0.8709440923657721,0.5131384020075056,344.4934497407459,2.0601641139493454,0.030408840974965885,414.9120674047016,1.2911633259334794,0.06577823546619396,415.49108450905953,0.8532442892828053,0.05198071422120437,388.2902629154895,1.1499006206023008,0.38318468671250655,438.82946925021656,-0.4392168220860766,-0.2715920758663842,0.14242691157329912,0.16770441091888424,-0.16646688075199387,-0.49617159645166325,0.6539219736085257,0.32889762159646535,0.11729897980703849,-0.3633859067943235,0.6539219736085257,1.2450832884267404,344.4934497407459
0.14565894378810237,0.024119769824694947,0.30608814110047905,0.12155369651925982,2.076476535848332,0.33926228506023515,1.2287990756311553,196.71647267884808,1.5597551182529874,0.06896337014595444,224.48835711692055,0.995533538061371,0.16577315190336156,219.31308409457108,1.1267973142672085,0.048793741926085474,195.6993219611014,0.6294660692761143,0.6814562808409782,188.27282500075188,0.10092202623125669,-0.559883538564118,-0.1926755825840108,0.19551970679773487,-0.3857921364519072,-0.07458283435081384,0.07269851895380214,0.14986515097005856,-0.07918941920073924,-0.7738117433493713,0.7738117433493713,0.9301628649835834,188.27282500075188
4.361062390310912,0.7401910714553256,0.22828798684294002,0.13429870361658866,3.106996602847239,1.3067993545750471,0.3661643593550203,380.1641722786154,1.9519529373399396,0.034116328507601545,377.8062443368341,2.5261532854181863,0.019130526382530624,427.1567871023437,1.049730755303262,0.04712970689142326,329.93315071680337,0.6920957980331808,0.6185390505179377,340.58677916952195,0.13992044286906202,-0.5000085630290693,-0.5619505912255889,0.3903948636764839,-0.41653369780968874,-0.6026918869313777,0.8836669358693163,0.4469663999919755,-0.2784230469097464,-0.712589422551748,0.8836669358693163,1.5053464261339233,329.93315071680337
0.05304334429111368,0.7115964192914985,0.35495133507436605,0.3422287992866568,1.0775598105470694,3.7283871154006856,0.029569130446424088,346.53362244143364,1.6897837804023341,0.04392450917313895,363.084383464517,1.4078871141160156,0.05845117250917777,343.8266726796423,0.12333106345923939,0.11909837383681246,333.61022759710494,1.6850810547220783,0.226952169058417,368.40566448915905,0.41465808006572846,-0.9012463491341852,-0.2578492834530588,0.40522809028596896,-0.38456716815771785,0.059631337970292936,0.8830194103363621,0.519564591212025,-0.41454790999354824,-0.11006904499998534,0.9012463491341852,1.7268940256200704,333.61022759710494
4.910423769534744,0.10335349978411633,0.7621168431323759,0.1930935219527627,4.56168347936559,0.8250166933972741,0.6236590116565415,306.7902944019429,2.09013737158797,0.02993445287754318,348.6448018736462,1.2522157018348012,0.06794542194069504,317.53860456708196,1.3941475134025954,0.03000742974654244,315.7447784157995,1.3406005547909945,0.36036368359594306,337.8820237169907,-0.7077430389358116,-0.08588956879367755,-0.15401919831994484,0.23921785548599359,-0.373389931430151,-0.13913720095406015,0.3130974117023487,0.5514713673232978,-0.1284402246433183,-0.31500569098206344,0.7077430389358116,1.3804235670027272,306.7902944019429
1.4374578402040818,0.07225010487442814,0.5340974104557789,0.05044857817118866,4.132919662273307,1.0063798398593757,0.4926696970094825,269.63188046916946,1.4043695623963637,0.06476424666968554,341.22210645629656,0.28249260506167817,0.18973916719682185,284.68532792029526,1.2541620297052778,0.03891014009509054,272.5297393344332,0.6961616429479479,0.6269265900982118,277.97793107983,-0.48016944779616194,-0.307866560123204,-0.23790980455123348,0.2492972090169809,-0.4247743237739697,-0.32685457133733464,0.40162593919954953,0.4481363225360959,-0.36602671898220085,-0.773561421740281,0.773561421740281,0.9287131359941286,269.63188046916946
3.21885630446142,0.3863260486430957,0.6986007132990354,0.4357030207273202,3.859407150008284,0.723783919302465,0.6060640314654203,342.44008985760973,1.636877338996485,0.046310971937432166,327.1104395231726,1.6437878275657651,0.04589750153011782,386.08353961512404,1.1144497795139077,0.041633862070016826,331.00094090084633,0.9219657591385244,0.4898425697762199,438.68911444627645,-0.7340609684504695,-0.03883245860640033,0.1611159254058589,-0.1172214567910113,-0.18352745449506,-0.37748335562033997,0.6597891293316313,0.3432641711295688,0.10099518573042571,-0.2682924157353407,0.7340609684504695,1.2081729249034296,327.1104395231726
0.6434952402723346,0.13299625727899086,0.625120814582817,0.4309702258416372,4.268572622076477,0.7023654401206775,0.6221941809054455,323.92362927132666,1.7432540240714056,0.04730945981625646,302.12140454653905,0.5279278283889429,0.14086970146595812,349.4381911767658,0.24726502222997515,0.10138432586062245,315.2796872242826,0.9273089622808326,0.4926549218276773,341.51039929749646,-0.46254623278171936,-0.3609664633830752,-0.2619743107055702,0.21318608773937522,-0.17312074921557033,-0.08876709450584624,0.1259642081937374,0.12363979488350732,0.032625071974512906,0.22170101418866697,0.46254623278171936,0.8296242554183667,302.12140454653905
0.7976922248263055,0.5555673601191387,0.777558944998594,0.012276369529832985,2.2605715092866596,1.6138653969828283,0.27052536779470115,401.1672265254617,1.496353955611617,0.0539766554019558,372.6956669097531,1.2849887991628797,0.06697808839585083,367.8456466710728,2.4491631576182575,0.011684937706919923,301.13393737144975,1.139899818852653,0.39227807199027886,362.3190352351754,-0.7478143650840583,-0.019915747950522755,0.4437592501368535,-0.5173602017294354,-0.18186553252008633,-0.3595395103448375,0.9047408883206949,0.4119591484749271,-0.18719567182483518,-0.3842360073898174,0.9047408883206949,1.596854225645647,301.13393737144975
1.854130594405562,0.7844002073302514,0.8375590591851971,0.3612592440969991,3.2336608481281353,0.348085519327886,0.8941156287603735,282.1711453668144,1.08460817874913,0.09390094929108952,253.72899650349666,0.7846210658656178,0.11275414365332156,284.8476342239054,0.15783078116416827,0.11137494143340182,299.8078884022207,0.18041320258671245,1.1253384659429122,257.25479792821653,-0.06110346534221765,-0.5925058274753118,-0.2894177612295072,-0.018397495284984862,-0.138042100078341,-0.04003161596413157,0.9643765662994118,0.5528911082133857,-0.12734326338052943,-0.021595191006085403,0.9643765662994118,0.5111117495387029,253.72899650349666
2.1817539240262147,0.20141966030475814,0.4697724456528291,0.26782173286839067,0.7164056099152722,0.5221237898111593,0.7410965709400881,355.6437789298063,1.5103502115612026,0.052739664568043625,346.8751520828431,1.1041106681452206,0.07884620322653521,396.12557456762596,0.49497050548215726,0.08316897125534106,369.37913033908177,1.877161204184564,0.18677896951662695,403.75567346255804,-0.6649208224343676,0.015483433141467346,-0.1004530115300183,0.12936562902148607,-0.5764574489082944,-0.4457760773238095,0.5140020424644755,0.5447333954335084,-0.40143962419751206,-0.6513269904211966,0.6649208224343676,1.1017432758368608,346.8751520828431
1.996841691878872,0.6476258281289832,0.4392421986137315,0.11707264894939169,2.753052924790097,1.5027757708923246,0.2737882874046981,369.7459295502327,2.063453203172863,0.030674950681419146,423.1416554103171,1.830174924344195,0.038440253105254556,431.98904400625963,1.811835456821897,0.020908529523724573,388.1867725906427,1.1711271524230553,0.3753673144801695,383.5874162876812,-0.4392605114289755,-0.5763071252441543,-0.507810048259726,0.014899247400709888,-0.028863048037811548,-0.0012406968834576828,0.7740854497955354,0.5270273585151147,-0.014434105286494948,-0.32967643323138623,0.7740854497955354,1.6758733015308667,369.7459295502327
2.9191811803650056,0.6682397536786332,0.6817518105556524,0.3033149947091745,0.4045005503404063,0.22780663066981632,1.0121621906431502,249.3176677343372,0.5779224750193012,0.14591102761773211,193.48396271305936,1.1239279496751169,0.088570648210742,248.0097901302883,0.0,0.15043180456017977,217.98478207257224,0.06694594273498211,1.3393905563876036,165.16303113421617,-0.3339289976099793,-0.6034024831580899,0.04860312983326547,0.04294295617138475,0.14067751998121375,-0.15108257850303566,0.8168687987645706,0.03665427891927631,0.12438896318882386,-0.1739320265299884,0.8168687987645706,0.3993205996198433,165.16303113421617
1.11987142176974,0.6891760603242382,0.5829465332477132,0.060538127810983305,1.356686095974159,0.7600737718020649,0.5910595427406031,242.76746386814418,1.0092566633583462,0.09858531875248536,234.23666767218467,0.3014778197269663,0.18224630440715303,227.5021720655122,0.0,0.14011055846848297,228.97059483054213,0.0985595078293231,1.1457601445532986,263.3999138618861,0.04268527305277698,-0.8806719271080706,0.06963409161091083,0.25272482969202065,-0.05980082167130576,-0.10030153490022684,0.7550956941580603,0.09847172790859832,-0.08613186225889348,-0.061420956379281196,0.8806719271080706,0.43387355254334015,227.5021720655122
4.721936583817064,0.6281177031092837,0.511236649881972,0.09463772638999426,1.442054546751521,0.36787502840826125,0.8799876425893169,328.88305992747195,1.0264545593643124,0.08549110401441289,306.4005078415038,0.6769463473939437,0.12168918657868989,286.7593342024486,0.025156131764444756,0.14036383282050696,293.2400621571894,0.8016062990653006,0.5599136360726078,315.67017108900643,0.065312524021165,-0.2183345847435074,-0.0389105769065059,0.11969921357314416,-0.3795747480669171,-0.04198114057713129,0.9010500572836345,0.4675392163693621,-0.15324733181306227,0.044664641403048363,0.9010500572836345,0.5796076731992525,286.7593342024486
4.18653382316702,0.09006806051730236,0.7177433184527712,0.27895811678611904,1.6015157195528376,0.6401965502379608,0.7016664150501636,370.77281117565866,1.9355094796742658,0.03430291060896851,396.72815897979876,1.2837969384969399,0.06715607876540135,367.3986224458952,0.6285862150327207,0.06526901767135306,301.059593643232,1.7359147955148564,0.213799978632741,333.7648198395145,-0.4532149103422294,-0.2995847455001242,-0.386937281489224,0.327544836784104,-0.4975235929490848,-0.30975319124021555,0.40344449005884436,0.485756501561393,-0.24780808828063564,-0.4483208977402851,0.4975235929490848,1.2448007957913485,301.059593643232
2.01056182353369,0.1886333376887771,0.4133984135193228,0.022662543729364014,2.790889138309242,0.5219207067823348,0.7815387963760488,304.959000903621,1.4023452927952542,0.05890682031844072,331.0387855043951,1.32528846958985,0.06363939534024168,346.8619071296505,2.994905220985928,0.007196522486637436,296.1244959770522,0.5765949881510424,0.6959415918750044,304.8828797654473,-0.8214042631278148,0.07999170038415579,-0.12767051591417833,0.1183392662438431,-0.42087993198812235,-0.1184570481551557,0.3256056462213643,0.601675232857456,-0.5791072537770275,-0.7640736372157971,0.8214042631278148,1.3642109356608816,296.1244959770522
3.4947399670355095,0.970045605437152,0.9009136808755556,0.06725055065606218,4.918579946483809,0.3532481830581904,1.0003518467984143,247.35861288499174,0.9050525341649225,0.11609962582706768,279.2374563550439,0.6473277544451438,0.14228618183679795,237.42544983092833,0.0,0.14122236528916682,218.6792556819756,0.3848121989841138,1.065871160634816,238.72462517216198,-0.06791189996491606,-0.3269426585487812,-0.030828744265120576,0.16060275320820533,-0.06910455482535614,0.006746552708316304,0.45309382220687267,0.05620419002353792,0.2597995930432231,0.05734929596373316,0.45309382220687267,0.45808813413047406,218.6792556819756
3.7404826799037467,0.9199777235042825,0.03386068615648435,0.41379095817811484,1.6714122476065458,0.9642096554093023,0.47200392258701074,303.4318407619614,1.94569889649013,0.03698295400795292,307.87728547924195,3.961891673809953,0.004527684527884237,345.04265230195506,0.5121199096065462,0.07417587143955681,352.94348590413233,1.0384072768325319,0.43063068899692897,343.2854950490081,-0.5384367433541137,-0.4388288399895711,0.13868320473013449,-0.2581032227672843,0.24508378755978377,-0.04431137367483265,0.8648348435440537,-0.2608453006047127,0.4567938510796372,-0.14912068826547373,0.8648348435440537,1.6844654824296927,303.4318407619614
0.2522059551147844,0.9564926796707002,0.18634678762553875,0.1629580033531271,3.3913905480864206,4.363154694631145,0.015499856291073564,374.21366609224754,1.8923581105516614,0.036881301389200156,306.9318895157224,3.066929569319037,0.011240320921289427,294.36152754935864,1.7047731707971048,0.022272195480426287,345.6651612968793,0.9700426644513046,0.46250979203332654,303.5476246014795,0.31632997674637536,-0.7669749315662664,-0.5070231166803021,0.3875313074968383,-0.5234657183027905,-0.174299756476359,0.9782409023206502,0.55152741207239,-0.5828735576107189,-0.2806157546493732,0.9782409023206502,2.3994516419500505,294.36152754935864
2.7663496458611743,0.2722621823578516,0.3936757933393539,0.20327054245352774,1.3707886831369989,0.5522728901568807,0.7103872849674037,370.44274111669273,1.7388337877567532,0.0417584555899428,343.72085292923475,1.4452934543766895,0.057140669057347736,378.9850071674963,0.8146626793733084,0.053957969424353894,425.8748202375855,1.8805382540460953,0.1857002220515876,427.9356896646588,-0.6649794666636327,-0.03142235596872694,-0.09681559368290747,0.1950072131652637,-0.4925969611525242,-0.37187403481459463,0.32377611152110974,0.22063199571429573,-0.046314777731683895,-0.4792268979852404,0.6649794666636327,1.2863202131419453,343.72085292923475
0.0635030080344032,0.5879563769844147,0.37217072309528515,0.4223938969285886,2.9067519894569043,3.769265761768526,0.028969888937609704,387.23485964653463,2.1899343257282085,0.026648199225359697,379.26145571703825,1.8945159515197103,0.03574994514880253,391.56447723443506,1.2179380721984683,0.03584633254003797,348.24048772695215,1.2918747976467717,0.3347475501846306,393.7960560920061,0.21084953703434645,-0.5915600631051575,0.03438485042375734,0.15820846381257464,-0.23684706478430523,-0.23570977646248395,0.922369453836591,0.004310905800392842,-0.11597431597884834,-0.09207724816256803,0.922369453836591,2.072705781772337,348.24048772695215
3.972853511351255,0.4399757479428047,0.02013092726099682,0.17058814418965068,2.9021234527242914,0.39026484679546813,0.8942984425878693,277.004957180786,1.2068001044606096,0.07160056647145151,336.28290076492885,3.9005156920657065,0.005543727801175654,310.3458810042949,0.38258936337502336,0.08564618238594095,286.4673643083168,1.307891053345484,0.3449924159462228,269.78399369255413,-0.7193301704800822,0.058647796731744514,0.047116474107923925,-0.009449605173147527,-0.5361456159569209,-0.12403714471460771,0.14075534288119265,-0.36393865493999633,0.36082573988555217,-0.4671538133583536,0.7193301704800822,1.4376122120084585,269.78399369255413
4.679828504957411,0.28203848836494433,0.6164523850541789,0.13184293641162345,3.5211432237288225,0.7258223186153485,0.6101388541646291,333.68266864115344,1.9602452937371169,0.03345902149757937,339.51520532902543,1.576987479846484,0.04928222614566219,401.93861371678327,1.6527903356078784,0.023295778516649285,367.05203540672545,0.9387239423860424,0.4775948520009877,335.3756202624571,-0.5123933710848688,-0.050257355810955306,-0.14045132477026223,0.4144928894377431,-0.6217327284397915,-0.6016489919584638,0.511857533483257,0.7810135158231848,-0.5038013643655469,-0.6794058478046746,0.7810135158231848,1.370913874038574,333.68266864115344
2.269975755605663,0.6569939931079928,0.10807471947225278,0.39193294845654264,4.869446182400616,1.463513383337299,0.2897811059764943,394.6166652939348,1.5053010158080355,0.05275593143272218,413.8285108505416,1.6596502676989335,0.0459065078310637,329.75402081028335,0.9491387416643945,0.04713743929677492,415.4969996451335,1.1078489223157817,0.4284186750425826,354.837096570164,-0.3425638298965916,-0.1472824858655737,-0.0710617616924932,-0.05204251655419221,-0.7942720853090073,-0.39872440442312995,0.244584629013486,0.33043243001778205,0.04654428386459798,-0.12693668425592136,0.7942720853090073,1.3370904661648888,329.75402081028335
1.7044867074761498,0.6095182909335279,0.600846132806014,0.38478030793606705,0.13762852505931214,0.6058728104808979,0.6857307170371969,316.9617671007074,0.7992495594546386,0.12660663020504262,280.12959456092443,0.5999119031256632,0.13599496302120576,301.50499284685617,0.0,0.14487398548905175,261.81252889381454,1.3378239301309793,0.3998208170934178,287.2985628468609,-0.17702777624141058,-0.7993234391731342,-0.04068466121276179,0.22563524981923433,-0.012815261127313455,-0.09114750564678088,0.48183753162415593,0.09989191225417016,-0.36510781459545844,-0.2649120439195039,0.7993234391731342,0.6685716406384359,261.81252889381454
2.5902831998768083,0.8627957336403689,0.29448715936092995,0.27389502752844136,3.35216666755062,1.2752571484339257,0.3389666146590724,355.57216514027107,1.3068669157686454,0.07034075983022653,344.34344933549437,0.9736354990141579,0.0902084147879798,317.0045555536993,0.05601490833401335,0.1199194171677968,384.50763041959766,0.29601361385259817,0.9327084625120278,299.34805398202775,0.2005628547779184,-0.4219135534941407,0.4080956613580374,0.09202981888005088,-0.48602575725646296,-0.13994286837145645,0.6485832953713992,0.14338947773686334,0.20978331391307065,-0.03282318312026255,0.6485832953713992,0.7815576170806681,299.34805398202775
4.4783295337040965,0.8483026253997242,0.6454945887271178,0.018323421100677882,0.23065694093120365,0.3812866592316553,0.9541196137960407,262.08123385470805,1.0601240084579473,0.10223746504519284,247.69157586122014,0.49559336180266395,0.148117193797115,260.31512647364644,0.0,0.13767635734126552,280.9460914785992,1.9256215000014958,0.23125377760428048,269.51534327850334,-0.00348400892189871,-0.54479616540652,0.08794490046566764,0.18220322780510706,-0.059783721159269096,-0.06186237678240293,0.32169173970693293,-0.0016286036946799307,-0.2256515785989023,-0.04782002555161962,0.54479616540652,0.7725251058987525,247.69157586122014
1.7114576081180122,0.15501683902500674,0.9749793216945557,0.4638847474404292,2.030533198351497,0.5272046657062008,0.7280058623332215,390.8080681911891,1.8282523944071978,0.03826569332060066,379.7557695592924,2.0699129770606453,0.0366877334227897,297.6168772775823,1.4224826835883473,0.03277177388311879,333.785850857249,1.371697838127061,0.30940043312270205,355.22694819693277,-0.8488864169149593,-0.11688920369804416,-0.09647701575114304,0.19816123768499527,-0.056833369702917795,-0.03307647518015262,0.17168666450393658,0.05580984631834921,0.09568918263819501,0.0959695943513559,0.8488864169149593,1.4439101117778905,297.6168772775823
2.8341386839020357,0.6031531464510703,0.40707342631795956,0.15177386160091963,4.3300484838899616,1.6434710788845193,0.23803064938008867,400.98497589963984,2.247867102214022,0.02586903135020832,345.4865146486854,2.1873609107279903,0.026799049335221804,382.79691832382656,1.6995298850511813,0.02239394041282889,408.9229242761328,1.1604171766392568,0.41685353903506583,411.77900334191753,-0.49363130960463336,-0.23503153745628338,-0.361684478845623,0.0901141647517597,-0.2419502251058919,-0.28252403473892673,0.7519058740530664,0.7918133436571855,-0.19647398024218904,-0.4605104133712648,0.7918133436571855,1.787729230703394,345.4865146486854
3.520335891706051,0.5448065485059228,0.6670782923319624,0.4994217710796095,1.848651112600438,0.8429401855829048,0.5687957267629453,362.00886726485595,1.6553309630435316,0.04818899666602794,311.1211125736491,1.46968407158994,0.05545200616343866,324.7526501179381,0.8009670730395703,0.055575231746130244,343.3163202774042,0.5155966698399803,0.764324392205884,299.2385947750134,-0.06641954206459727,-0.3052898465870004,-0.09599245764731223,-0.05729491727422429,-0.23158571369326256,0.044128804913662584,0.9385094821978996,0.33452071988643234,-0.08183581812038344,0.08626284621212828,0.9385094821978996,1.0569037926191853,299.2385947750134
0.33890172283950804,0.18426724043836978,0.9254345987655916,0.29638522289665864,0.5072006142695595,1.385024575599712,0.33370430244770727,396.96063120261994,1.6048158349470145,0.048375418344714795,405.5483923622623,1.6541809764044966,0.05501910953365779,404.50895236314915,0.6182083170164031,0.06642926210832234,391.284345607169,2.32263368082077,0.11888827562341937,365.67917130726136,-0.7957282516951749,-0.13548726704663122,0.05173184029135782,-0.15340418848893841,-0.1258075387284489,-0.24398577853659834,0.5490581204073751,0.17410936426929066,-0.0007068564237446078,-0.2978506750829888,0.7957282516951749,1.5169726769576795,365.67917130726136
1.302023726796801,0.08711563403473832,0.11840930074124516,0.12535311439918712,0.5275972888489481,0.24798492298956165,1.0446830350392542,236.85621057500154,1.1827830793734404,0.08311754373769965,278.750091673578,1.6220021252291277,0.062382251142349354,229.99397832427778,0.3611133923171209,0.09019004558773515,246.69536907107386,2.5894580498851933,0.09122660145110122,325.3762231267008,-0.11197655615911886,-0.5211559887945264,0.0011481966947804506,-0.014236767783167898,-0.4227530564587861,-0.13792980039779226,0.1563752018413358,0.04461279732386891,-0.028627381673102775,-0.06334106499354998,0.5211559887945264,1.2006683139588887,229.99397832427778
2.6196700911625923,0.3316213155859541,0.6308061560460938,0.06930453634540654,2.1873170167536697,0.5796510170100357,0.699782903284728,390.33509735563496,1.779159060790079,0.04019999737862729,335.43424528598945,1.1967643629549143,0.07217003538784177,351.5863851095441,1.7169370005626994,0.02256718365291015,358.9387592250754,1.2863253263299472,0.3362998055570757,346.54452711385676,-0.6205468504156286,0.002979471427401662,0.1829678450181568,0.22598464441960267,-0.6312015304517203,-0.7241126904525362,0.5558777222660185,0.7351061167152529,-0.57639370769312,-0.6817740919173211,0.7351061167152529,1.3117673535295353,335.43424528598945
0.531497695258376,0.4467721016872371,0.2857857403848685,0.08663277906119375,4.643726351067895,2.417482567834929,0.11038523574798677,381.9421625446935,2.0045449361911127,0.03326370375530066,406.65367378763864,1.6019709648375624,0.048332998308450115,352.6153201579799,1.735904282831294,0.0225886800568166,398.89823588893967,1.0657896799027093,0.47164066262234355,385.7645217589002,-0.37904599107096676,-0.2514107317613305,-0.19450890629782855,0.06643234144620953,-0.479204314328409,-0.2718011416784333,0.6502816203797934,0.41848689085230517,-0.3421565342712818,-0.6409173206417472,0.6502816203797934,1.7651384863195214,352.6153201579799
