true_A_rew,true_A_pun,true_K',true_beta_F,true_beta_P,contraction_A_rew,post_std_A_rew,ess_A_rew,contraction_A_pun,post_std_A_pun,ess_A_pun,contraction_K',post_std_K',ess_K',contraction_beta_F,post_std_beta_F,ess_beta_F,contraction_beta_P,post_std_beta_P,ess_beta_P,post_corr_A_rew_A_pun,post_corr_A_rew_K',post_corr_A_rew_beta_F,post_corr_A_rew_beta_P,post_corr_A_pun_K',post_corr_A_pun_beta_F,post_corr_A_pun_beta_P,post_corr_K'_beta_F,post_corr_K'_beta_P,post_corr_beta_F_beta_P,max_post_corr,mean_contraction,min_ess
0.35228121152762304,0.16627999317127454,1.2344832663037961,-0.3394736058118717,9.897452151078646,0.30917577240897576,0.23945488335967915,276.73690462613223,0.920273771159291,0.08134681044262562,308.80397409532884,0.9808888406019266,0.1995367520349395,307.8148256895437,0.9774005144061455,0.8679378932053939,267.98316493324427,0.944961211220647,1.354483773489036,305.3532678087503,0.40537051853033323,0.07290694913616072,0.660743548375848,0.08379586173064196,0.0008406267219596267,0.26730644811406123,0.11101522680807192,0.09305315833750422,0.8301701633714114,-0.03974658454464625,0.8301701633714114,0.8265400219593971,267.98316493324427
0.7996432889306652,0.9076309743354378,3.9606967847361525,-5.825622726535109,-6.094697880211391,0.848679438979724,0.11206987554588395,278.3275144018303,0.9695581309790302,0.05026614443171632,289.77232012156196,0.030613398998933006,1.421110628611377,241.78596929145615,0.9528979599634262,1.2530235437609019,315.45729231446836,0.0580592421230266,5.603394084174857,220.330776314925,0.3929771678438402,-0.08098826646460713,0.24967240396932944,0.16477793039352262,-0.14984200110816887,-0.18802043052872316,-0.06462187113634282,0.07205559984341427,0.2700948144699309,0.11598891804369658,0.3929771678438402,0.571961634208828,220.330776314925
0.6004862623678128,0.7666184935782674,4.9740570819806775,-0.9645523226541659,0.16847767027499927,0.8057428321637682,0.12697798896972862,317.1498463747526,0.9391090676148613,0.07109126307039405,349.42007905246896,0.3573757756767203,1.1570654550802932,365.8365835728368,0.9972228499899877,0.3042559235255946,286.8505535141015,0.44538800891290675,4.299658866650909,280.4749595169009,0.180913078743693,0.16013384196479225,0.3985832518604062,0.21439195164900432,-0.07367451234804741,0.01686408935418004,-0.020417724796721687,-0.14079091984230208,-0.004597254426920942,-0.07713359297898512,0.3985832518604062,0.7089677068716489,280.4749595169009
0.3879521575565879,0.8128717523447231,3.4968091371947914,-1.8392869331429154,8.800593068432484,0.8775531802233318,0.10081233484584141,283.9136499893286,0.9392706565894593,0.07099687138310636,350.60499768486795,0.36009910710599224,1.154611129426635,273.32948235541625,0.9947967485859935,0.41646334028365,322.75633266510533,0.27216446998924804,4.9255643670235125,253.49122950212444,0.07210168168914287,0.30153041003179887,0.5390988971842112,0.3764961442091857,-0.010315597708566205,0.03380539642829644,-0.0434403559612107,0.17518635402144578,0.1481113939156144,0.17093715381285557,0.5390988971842112,0.6887768324988051,253.49122950212444
0.5080890758363388,0.7867200612897164,0.3383679629016783,-9.37862422426444,-6.755676699414752,0.8430214315322969,0.11414584315256009,327.86435381267484,0.9026476843212017,0.08989034793631713,297.23079952145207,0.8536334794431159,0.5522048996162343,289.8620307729818,0.9820412222365957,0.7737091995361106,325.6720122098962,0.8718990989264466,2.066405099631995,314.6307596215541,-0.11347763376146468,0.1536783228285072,0.25112489058390225,0.3758948585495898,-0.33274797138620554,-0.2629473809809754,-0.5141217761997231,0.02853788226051969,0.22161777119439918,0.24772615041809978,0.5141217761997231,0.8906485832919314,289.8620307729818
0.4281975056956374,0.026282124382804195,1.2956175040341948,1.3691421015864904,0.271503344800891,0.879062899350275,0.100188919877869,351.83322392127303,0.9958188165008449,0.018628999547955046,370.35493588240337,0.4561217855795717,1.0644621239743068,297.57026848115225,0.9902918456350309,0.5688630287678814,324.47546440204076,0.27206972318899614,4.925884952002716,298.0888902744743,0.44194934901861477,-0.08438603561175631,-0.25878307944060314,-0.027693579232233676,0.028968809373878315,-0.3176305197054971,0.020716539917608096,-0.07386579333242126,-0.010448734897376013,-0.23524735755232198,0.44194934901861477,0.7186730140509437,297.57026848115225
0.9217072736840399,0.3306642528703066,0.986706501927024,4.081984820928337,-2.582127645426178,0.9210419218332567,0.08095397956369459,329.3950077076601,0.9732677943375636,0.04710394867436739,307.7536320309266,0.27839609928854725,1.2261082577878377,244.3545530490383,0.9786690932653764,0.8432260814796068,278.71201522252125,0.6039596150007591,3.6333656802806633,228.84842046778903,0.03795241102758876,0.08748803476230578,-0.16758841676033276,-0.05920361972093272,0.28019197431653253,-0.49880333559921636,0.1326946123299769,-0.6245071593774565,0.09445119335057095,-0.3087546570580043,0.6245071593774565,0.7510669047451005,228.84842046778903
0.6659581956070529,0.4786971689600368,0.27621475368870335,-9.11448610280677,7.764645443412153,0.9577781318288562,0.059198218994839666,416.00416553280314,0.9501521269536082,0.06432254720397973,396.58618132497463,0.998476082562461,0.05634561202856005,365.81362379165694,0.9775605191478547,0.86485992800656,381.5596579201818,0.9691682954074834,1.013766978362,403.3615208466969,-0.1664484646110421,0.48564801679878444,0.3379767571912922,0.6812075066798238,0.2521225922513519,-0.11606710476792106,-0.30636924398621285,0.0451553512326367,0.3632218647833472,-0.17667749310895714,0.6812075066798238,0.9706270311800527,365.81362379165694
0.4673955828823429,0.683134530916483,4.714986744899888,-6.662473328276408,5.2335480397209615,0.8344449350715698,0.11722254720863795,310.04561745347854,0.9022652742337796,0.09006672424840499,370.1119729556932,0.2990363161568741,1.2084456992378734,249.9441670609481,0.9769118583493073,0.8772711791058435,306.8666112285521,0.492967074726418,4.111094441766013,300.86871370632633,0.12951543541496535,-0.43073868051246667,0.6889293112158631,0.3133388674375496,0.09345963672478069,0.061366731947579176,0.0523844412411255,-0.22689317967969047,-0.2209758543068714,0.2551645723029532,0.6889293112158631,0.7011250917075899,249.9441670609481
0.9130284901893916,0.22162340253581533,2.4855835948034875,5.780721807569302,2.2001790539051527,0.8271873645858812,0.1197643784419377,327.3412187455913,0.9827463486596378,0.03784255293273924,292.5174443650119,0.21100970204562008,1.2820802577861334,289.91432962915354,0.9341238369795459,1.4818475294988362,334.18075890059157,0.12461707436073355,5.401798853589628,303.3782754457335,-0.20308781567887002,-0.13021951452016664,0.03217148567019003,0.17800553335613215,0.02651610635779472,0.4532555722062168,-0.004418467650494938,0.141361864376168,-0.10241941683014012,-0.20964277102599405,0.4532555722062168,0.6159368653262837,289.91432962915354
0.7112420836331902,0.569786524547885,1.3152600935590752,2.1365918177365533,-0.611660548337813,0.7958631760850602,0.13016690989090882,342.9687689582311,0.8252546511618473,0.12043223074416702,328.62093895806214,0.2457104773117299,1.2535695056918714,256.4074312024283,0.9931514171090524,0.47779294298358854,277.2704660718184,0.323124937078482,4.750000220777252,265.0843339015621,0.03783768600621649,0.052502568140734715,-0.4873994802960383,0.05243003614448461,0.07730777528219976,-0.43697911191984967,0.07355315958257876,-0.36178932040292966,0.11315100676172195,-0.28429901844585165,0.4873994802960383,0.6366209317492343,256.4074312024283
0.5321283242704007,0.4922722722669044,4.771562940202355,7.565374430715501,-7.422906014707195,0.8790794500657678,0.10018206402041858,246.52474120584682,0.9674820720259782,0.05195188987085199,338.35998126577846,0.16905896067337145,1.315723057966155,268.7585895588271,0.9281127925314128,1.5479794084395655,299.8692412452992,0.35182186441012553,4.6482187828237835,237.03922562701038,-0.22332820672555745,0.2404953504330516,0.14481510150606425,0.1993774165220593,0.2613311648625069,-0.42943648369622806,0.21923685749909014,-0.17303858105386036,0.11902863900181063,-0.14446386758603608,0.42943648369622806,0.6591110279413311,237.03922562701038
0.5931293384413311,0.7747384598626916,1.661161602965389,8.873074176516347,-1.4203343805807442,0.7671297285919159,0.1390262930178849,257.61862258853427,0.8766118922454966,0.10119908138413623,262.1437956533099,0.29080368146869406,1.2155214232063352,308.8935717701983,0.952011626785803,1.2647578584350585,291.7519110553725,0.11273177538539292,5.438346024955894,256.4544580455016,-0.027468216004651585,-0.04435798142784362,0.027026338602767375,0.05486787575902532,-0.064972633900215,-0.146931129582614,0.025311639596861,0.10901241036931897,-0.08219126234976133,-0.09211374106467908,0.146931129582614,0.5998577408954605,256.4544580455016
0.7228964663336567,0.21694911014667717,4.867806743995967,-6.053292663500169,0.7126565221535266,0.9331938442445331,0.07446430820481943,348.3029624379374,0.9881930201878637,0.0313046843150869,370.789977336947,0.3897991310860637,1.1274980311456724,285.0188014474676,0.9841847995907155,0.7260670402766892,408.37105453022394,0.20918246235073856,5.134255991700133,350.35960336369544,0.4373265375494777,-0.020026847658064433,0.4845292583252394,0.029281989138655373,-0.05449948066042374,0.5103202097693933,-0.028275915204163123,-0.052732617851581225,-0.06142853528099718,0.1279158429445219,0.5103202097693933,0.7009106514919828,285.0188014474676
0.296222289158112,0.9894303751458273,2.136387921907742,-3.3192085106468747,-6.890077187579113,0.9292223884346734,0.07664571320340947,290.8597918502776,0.9758596782232762,0.044762202294368836,322.59610470283445,0.4419031715607076,1.0782864767376028,303.3191348808425,0.9949421032826855,0.4106051110785358,326.9735526495287,0.3538663369861176,4.640882326360949,278.0835705033989,0.12189637579098998,0.2931164280360387,0.5381893908806122,0.3508489886304033,-0.027026316221702484,0.06989239036481149,-0.06014536163285553,0.12187059146952713,0.1529510920057773,0.1745458748499508,0.5381893908806122,0.7391587356974921,278.0835705033989
0.18407043498751166,0.9549194441014232,2.256271897958127,3.8635008992050057,3.117637820682887,0.9788954828017953,0.041853099793086546,284.93814659875625,0.9818606879120149,0.038801661687872725,249.6947409049428,0.3278346803016864,1.1833614900097744,308.71436740460524,0.9393407898582966,1.4219612060074325,319.43562380155487,0.19480235496947196,5.180725962740898,302.2878546388681,0.06836735815331997,0.14763126390453912,-0.7296038492333767,-0.277414761640865,0.01555963932142777,-0.06270062037963416,-0.08105328620131573,-0.09526601645622278,-0.10654111648587973,0.050287103458027574,0.7296038492333767,0.6845467991686529,249.6947409049428
0.034290150867532676,0.8802763154970392,2.8109849253045303,-4.6333945839815405,6.706802969403753,0.9987689303016131,0.010108372535808116,404.1646141535009,0.8383807518897848,0.11582077303416072,361.7539518997245,0.446928516028419,1.073420820682237,270.0717341603997,0.9562805263850055,1.2071933511937867,317.5282470575969,0.15559501796620878,5.305358869526143,322.4076564612285,0.54964695593528,0.05768823172263541,0.010642919658623089,0.18594794898488648,0.0018959807538207923,0.4194211439829591,0.016437882293779914,0.0707087119783798,0.028681539124057527,0.16910266010382702,0.54964695593528,0.6791907485142061,270.0717341603997
0.998101322349459,0.13351085368104743,0.6247736881488885,-7.223098012733072,-0.4264205674603101,0.9653045097472994,0.05366318343275556,300.61940231480986,0.9964336608239814,0.017204863858492753,328.220471014401,0.32684067692899854,1.1842361489153757,249.22148689104722,0.9778938460336768,0.8584123711116012,320.5645662289638,0.22039335503346635,5.097733630305837,293.7909993477495,0.41176533613583927,-0.04520028197019487,0.37205099465830843,0.05392988520676705,0.0364004927654706,0.5038031889610723,-0.07554573084729253,-0.015992438242361087,-0.20200999518225748,0.033477527652802055,0.5038031889610723,0.6973732097134845,249.22148689104722
0.5715623024234703,0.7235209905697595,0.7276921862212984,-2.2762042452192954,-5.0620647345800185,0.8082997629016677,0.12613954011031042,422.0439368915928,0.9227581189629812,0.08006935664388866,361.62530361266704,0.9266697107427236,0.39085986741114676,413.7524409142561,0.9955476830430258,0.3852409184295916,371.59180769689254,0.8714691986395158,2.0698695720623252,416.3100661321946,0.10551080467328855,0.0838580386212049,0.35569551344716444,0.10792049286071587,-0.17921310548118574,-0.11643386460301247,0.10499223319620954,-0.043097077018200466,-0.7699410186085925,0.11224338009036865,0.7699410186085925,0.9049488948579828,361.62530361266704
0.9724366205935858,0.9395335790518504,1.8940391236901126,8.17630428455659,7.944384890843747,0.6243351431990373,0.17657946748163797,271.33812609948467,0.8477491214492952,0.11241384999189982,250.24267216895336,0.10571263974631628,1.364953723462878,255.23755174677123,0.9273826729803095,1.5558205447039886,253.09429596101856,0.1832775913064134,5.217670005834618,302.390505825374,-0.19535836386135122,0.0863020708442495,0.015133132147897096,0.14728975702775896,-0.032055973095615684,-0.14196209537954024,-0.059325023374320225,-0.07925196310691665,0.15611102064354263,-0.057097283300228875,0.19535836386135122,0.5376914337362744,250.24267216895336
0.8216159186354115,0.3433169228045687,4.138720356589789,9.5964326432046,-9.355750180793159,0.8207373596020939,0.12197892812793394,335.02072118150994,0.9571217847329869,0.059656568455623664,294.0769776596125,0.19089714656030787,1.2983185066331087,262.3921063283094,0.9384538663134252,1.432319025061279,302.48131144806894,0.19484746532049602,5.180580838347196,345.06082046527666,-0.25626218898664505,-0.18789402032663616,0.03944076411304826,0.09790182552303144,-0.34216651794337655,-0.2503746527214992,0.27780659737985897,0.152940821848085,-0.16252738573661582,-0.23519980867800183,0.34216651794337655,0.620411524505862,262.3921063283094
0.32156558375740874,0.45677094140652136,2.2438621033794255,-1.411446388030651,-4.92600236891528,0.7750967735776577,0.13662738656944498,342.777138597233,0.8952012089426702,0.0932648625726148,371.92194309321974,0.4153577947061422,1.1036324543806257,317.0453858971563,0.9952818603879081,0.39657448279366736,385.24021002844535,0.4369429503302318,4.332270573535962,292.21325550726556,0.4289148957268763,0.26044919262956223,0.4784060794179163,0.2244617457426688,0.05515218136369392,0.0974873684063456,0.11003309620250704,0.08869189800937823,0.10431365429224505,0.02969351238203744,0.4784060794179163,0.7035761175889219,292.21325550726556
0.17609135262746053,0.23404065311065184,4.059587426396785,-1.1158439137883782,9.229893264161841,0.9334457390479101,0.07432379056383706,362.18454574773085,0.9524658219572368,0.06281204201644267,280.02719149468777,0.0,1.4915996796598174,183.61373084752088,0.9938829808840944,0.45155358175620036,313.26802787087206,0.2432044425387977,5.0226007786842946,310.2515273984493,0.45885427974055426,0.011536501027624494,0.12405165051298088,0.08532677039434776,-0.14889783901944784,-0.09724112599638855,0.001156893532061588,-0.10397369141403302,0.17324684436836726,-0.1636439057447507,0.45885427974055426,0.6245997968856078,183.61373084752088
0.20203098944475809,0.3626899750922446,0.914026852202453,2.313581392044979,6.256918574076838,0.47290047099343235,0.2091636598632471,291.4982433369797,0.6893357304034495,0.16057782515425417,308.22536010582644,0.9358754320800786,0.36550355652602,310.6827575344166,0.9477117496077302,1.3202051657762615,300.1147396796388,0.9000633348514057,1.8251636013299777,287.00491101193586,0.1935551254169004,-0.07797381028753564,-0.2970392469401392,-0.16862664763248597,-0.37218453380673994,-0.5189587702471626,-0.0037271864837264326,0.3311180233052246,0.7043900397512994,0.030519182179210038,0.7043900397512994,0.7891773435872192,287.00491101193586
0.6876062145350238,0.7319238257741363,3.318021836438145,5.980177371684023,6.197212742458362,0.8402400678677163,0.1151526275005927,314.9920006945794,0.8551768887073207,0.10963743207346117,284.5887361030942,0.276439816219078,1.2277691352789366,267.5739823109506,0.9185776339379124,1.6474461656564847,297.50042004717875,0.19069975461513033,5.1939074737775535,290.7996289368031,-0.017270171294728017,-0.12370982156950185,0.21525668641801193,0.22800663593379408,0.004161720010752795,-0.1240217537916912,0.039667121494270235,-0.029697584054514427,-0.10209619712144921,-0.006460245570517374,0.22800663593379408,0.6162268322694315,267.5739823109506
0.6747099716239398,0.25754993429748846,2.771752469426378,-1.220680593544511,-2.1002089550206735,0.7198568998825066,0.15248596883249727,346.9321287191817,0.9386725806358657,0.07134561128546218,331.2214151265927,0.43549628345024083,1.0844581178997488,330.76984790922495,0.9974038763376891,0.294172492613366,446.0149210423503,0.3636614611977187,4.605571042416208,330.7967476557539,0.10435774157614836,-0.004786401732082468,0.3703278385529827,0.045241082205516585,0.009194812667002311,-0.062084400162624176,-0.010601350049114347,-0.20654969378468058,0.06258599507315699,-0.17811373289124316,0.3703278385529827,0.6910182203008042,330.76984790922495
0.24879748217400188,0.39096730121859957,4.57094694301498,-0.46937396090696737,4.281816901703719,0.922188094835162,0.0803642586351873,301.8745186606897,0.9462584964601117,0.0667874442365123,301.1329795738935,0.28573292239148584,1.219859176989051,238.90765219980648,0.9897733388803072,0.5838567495454356,342.64388679537086,0.3130337944271937,4.785276744253518,265.4573061301026,0.6799228524590244,0.09342796450963801,-0.14832470377246132,0.07202031353605828,0.029224653407105367,-0.19599470914211672,0.013414413588644451,-0.15459761962335358,0.049343147226106575,-0.0569366729784842,0.6799228524590244,0.691397329398852,238.90765219980648
0.6394924173671236,0.9851529657772788,1.5529702795152243,3.3365722214354587,-0.23292156351640259,0.8285182816574139,0.1193023041814676,317.1181630724839,0.9329781907774491,0.07458439854336024,310.23676679486874,0.33829429361287133,1.1741182031521293,291.5203786274614,0.9657544239595206,1.068419019556145,282.213826146457,0.12826328635199613,5.390537121190565,268.90937642178704,0.20304453455095126,0.038288719984999796,-0.735703347286369,0.00025183415913268364,0.059606878964231925,-0.24729568988353198,0.025441544995505803,-0.11039951420952714,-0.00021047096540956225,-0.12747358466966346,0.735703347286369,0.6387616952718501,268.90937642178704
0.7745831498582353,0.6425367528446837,0.7770719678770754,3.0391750947635465,-7.713154380086384,0.8532564636929115,0.11036196096481997,315.09218297683907,0.8696465015449444,0.10401626710729324,340.17423963037373,0.9626687982275631,0.2788787138271944,287.79969168210073,0.991463473904049,0.5334330978342403,335.8956753898193,0.910888995016939,1.723475219656117,330.86646602121095,0.21841376193536227,0.22931915156069077,-0.030533441700743,-0.29914017815578675,0.17829140123173243,-0.06658559575707206,-0.29644729779942697,0.07923685356371718,-0.6532890747266474,-0.647220292397495,0.6532890747266474,0.9175848464772812,287.79969168210073
0.4733310438714627,0.5761108958658403,3.7929875455500692,-8.932970171318406,2.7956775840239345,0.9446099639466359,0.06780406666103866,368.44676685610773,0.9272639330790323,0.07769889188267717,304.3848225593992,0.2948568320629741,1.2120430134840392,253.55979089439973,0.9636213229348318,1.101191431513586,342.57330763737696,0.24099980333563387,5.029911187633324,290.28024731994344,-0.13979007589499665,-0.07834711347811257,0.6136099572804771,0.3234064720958778,-0.08236981000657781,-0.23916044577455242,-0.06577458295033631,0.014296797512680154,-0.006442580039600466,0.17423921944896603,0.6136099572804771,0.6742703710718215,253.55979089439973
0.9608136065965404,0.8652042591228282,4.838489300455256,6.740624705085743,-5.221715148227089,0.8865538641186292,0.09703642147942391,217.28901360920318,0.8018063274505993,0.1282581026140562,262.74220564287225,0.11713400448038802,1.3562094813606507,258.34391020846493,0.9170665469536523,1.6626630551251982,287.1675328598599,0.3965683059921363,4.484906888694806,274.69115109721776,-0.19223631495755433,0.4180171362097078,0.09003658190007316,0.24217661181193434,-0.15833033026665527,-0.07530423579135044,-0.11739865588219243,-0.06920622734548287,0.20786929362197823,-0.07359837160481442,0.4180171362097078,0.623825809799081,217.28901360920318
0.3787199252149226,0.3574732868372867,1.0694228197011466,-8.474836808681436,-9.753729498383532,0.9555492961359318,0.06074062263114328,421.721111060682,0.9821801774632585,0.038458434841922406,339.2392601815796,0.9628074245399278,0.2783604357815306,369.1783889652699,0.980011012129633,0.8162717658224476,366.81855095463334,0.8969533825027339,1.8533448815341598,324.8814765070514,0.019020613972091756,0.31147974411341917,0.4813145897676619,-0.036597012129786825,-0.19293645232447046,-0.1626814373716601,-0.1582339625339359,-0.0023654095697249107,-0.7024099086689148,0.4478120836767712,0.7024099086689148,0.9555002585542971,324.8814765070514
0.4828654359121933,0.5017425128782607,2.4026987773220956,8.70412608717509,4.680081311695476,0.6798585288283473,0.16300873848070507,245.42946360563118,0.8845772761689089,0.09787811068988735,240.9058531635173,0.25012735185565804,1.2498938689480983,246.0972547484765,0.8954033913163955,1.867231539682965,254.03224000000364,0.369384977428055,4.584811964780908,268.1728289431917,0.1656416419046738,-0.2908831077373603,-0.3739858774337589,0.1683330555432954,-0.4973438714513681,-0.5091722455845122,0.3767076537454091,0.2732209565995426,-0.3344177748037106,-0.18520096603372102,0.5091722455845122,0.6158703051194729,240.9058531635173
0.6160594357181588,0.041733949882754764,4.284702168792467,-6.221283906374277,-6.5012659863241264,0.9205543561577163,0.08120354007548455,317.6579635099716,0.9983762882514192,0.01160898860234837,345.4251450306219,0.35280300442967794,1.1611748680129268,303.03556769137606,0.9672811305271937,1.0443318353985378,332.1955418042525,0.470231609788454,4.202254911399934,304.4686801345617,0.4253185575831944,0.19343580566395346,0.5629937174635666,0.16837472245721333,0.0215552459414508,0.4460366298815216,0.04252661163610275,0.023377490843191483,0.07727363942241788,0.005628932825721235,0.5629937174635666,0.7418492778308922,303.03556769137606
0.44458112920877607,0.28072117226791155,0.21945062264816861,6.0127912859902075,-5.933962798936502,0.9593021879260087,0.05811997907844285,395.39946751537303,0.9831176592211457,0.03743313922304458,407.2836966068706,0.9963895986326942,0.08672755914483278,406.19545634380506,0.9763324012524263,0.8882116629793018,410.25945406496356,0.9484807651877841,1.3104609216126448,394.93822755984974,0.023474141272040505,0.24839758713806723,-0.16530238716630843,-0.13449144146001468,0.25481032592254316,-0.07206013606493128,-0.19632718933747056,0.15421114711266606,-0.4611927037291119,-0.8282382911505352,0.8282382911505352,0.9727245224440118,394.93822755984974
0.6592317920184646,0.3758977313411697,1.017028868265405,-0.7783354532509836,-4.14972160389139,0.6372798832844861,0.17351049130843132,293.04368567970596,0.9670728903163626,0.052277730243815476,354.74890905666354,0.7146112163387078,0.7710771465690223,289.1272606007157,0.9959479169690948,0.3675179374717758,425.35722619269166,0.8036232717980077,2.5584938811860405,293.1517004350114,0.3230798863292671,0.21407592241468384,-0.14914303561150294,0.10286931153100883,0.11209356728765531,-0.4037897711228898,0.18066258747133532,-0.3684332443878083,-0.318501018553111,-0.0701150266725742,0.4037897711228898,0.823707035741332,289.1272606007157
0.23162989094103234,0.006103931227391697,3.7427737905566976,3.736814189633842,-3.9544024864221967,0.8983874467937267,0.09183613551849704,267.3990069742012,0.9903403082572645,0.028315325082793795,248.80269488340497,0.11587219626647294,1.3571782950094835,243.44760457872485,0.9515277802151781,1.2711178778909775,287.2739467541928,0.1320986755171084,5.378665647670408,224.65549789602306,-0.03440065822288932,-0.08260187774092746,0.1659016447482588,-0.08569039366688701,0.019241433337077646,-0.2795341730109249,-0.010074193916065368,-0.40733162969620174,0.249942349224036,-0.35754980893103433,0.40733162969620174,0.6176452814099502,224.65549789602306
0.7501306047576729,0.620916225800559,4.495276666596924,2.5015693568849144,6.8076204670901,0.8311053940166289,0.11839893831796718,335.3214547458043,0.9286210765232015,0.07697060764700232,393.040491049365,0.40978609226262885,1.1088788517174408,343.4547953979537,0.9947106997720784,0.41989285252000513,425.19508097838576,0.2571108445544522,4.976240734549016,350.2090757725656,-0.0008375745354164631,-0.03549081615338604,-0.29593078252328553,-0.010730100177408787,0.001627883004581852,-0.3967082076181795,0.10625188310039543,0.13601490496214452,-0.1054612375331689,-0.33205643247121414,0.3967082076181795,0.6842668214257979,335.3214547458043
0.8430097797206735,0.5307782017855267,1.703757906549097,-8.77214381366518,3.663390209351512,0.9144071317996029,0.08428663352862675,276.0828592512257,0.9640326899569184,0.05463788724574845,294.8688765616632,0.30967616880588866,1.1992391956240696,262.88153976235765,0.9771005868785834,0.8736782993264093,314.5804801112194,0.13949202389414173,5.355707161853476,300.0418052059954,0.03647219088244601,-0.047448681807491046,0.32183740865654603,0.02186560728859036,-0.005353657480011693,-0.26001037049708814,0.031494678086833705,0.008565737784799179,0.07747978800676178,0.025453261952888478,0.32183740865654603,0.6609417202670269,262.88153976235765
0.7676709022845858,0.24732644885241853,2.366904174263655,-2.673502362023025,5.706088837744838,0.8358466286511967,0.11672525236529206,393.52913674013735,0.9843056333877127,0.036092071986454116,396.6084267048377,0.7186024521724436,0.7656663054538898,328.1138324870442,0.9946156517440831,0.4236487639510253,393.97794110284354,0.8061541083105781,2.5419539183432756,418.0646660975995,0.03908598444502612,-0.3253318195728873,0.38359286210812416,0.060442727843664744,0.10233564382933541,0.26352888248732004,0.04150210067969922,0.13408773187822498,0.5687560155718047,0.10448757785272514,0.5687560155718047,0.8679048948532028,328.1138324870442
0.1133147774831704,0.31521972985026747,3.5749629406898826,-8.02877950051025,-6.31888673275129,0.9949819299729112,0.020408368012616168,321.4681959788713,0.9757781593339907,0.04483771681548541,325.3826250687362,0.363422295377013,1.1516091139348845,315.6494384877951,0.9807813686048936,0.8003880599456402,366.0186287823446,0.314428976315544,4.780414987859165,289.859602356185,0.3325547050977439,0.21166487037231976,0.3616686598617748,0.2221728381255539,-0.08419243105904599,0.08558995360748756,-0.07857282479482247,0.21617393705415328,0.1458592724823909,0.2252692876700109,0.3616686598617748,0.7258785459208705,289.859602356185
0.14840803282061144,0.8977726416858369,3.683581939749766,1.4506420777301958,-0.19057987901394924,0.924987804647496,0.07890524202055878,296.84735796121174,0.81808260700715,0.12287881940162655,255.86529184787847,0.30304463472815435,1.2049856199624729,276.6100141564721,0.9850725759928104,0.7053940744290768,302.43352514875306,0.30470517820137055,4.814197135551713,274.3097553842541,0.007206443590636475,-0.07449703067211155,-0.7029420043066184,-0.10619500314424475,-0.03860718895158806,-0.15587393684231562,-0.022137839245466355,-0.08447101000708793,0.07215922030116469,-0.05753861126334495,0.7029420043066184,0.6671785601153962,255.86529184787847
0.544684134880379,0.40083744791551,2.720587100001539,2.6856543895247853,8.780990160487118,0.764631499206827,0.13977003978678795,348.7117106700345,0.9028102071609463,0.08981528378978199,333.5259835126801,0.33183666656092226,1.1798334393738574,296.8736842608394,0.9798300275080626,0.8199587894509777,333.54306223902967,0.48016991256988584,4.1626517487058425,265.8289920122992,-0.008226161506409342,-0.17013474199694417,-0.2920918977902818,0.05032303574780913,-0.3795163807829334,-0.566240451583419,0.2175389710823793,0.577080355435603,-0.19620726438203523,-0.3296353702756947,0.577080355435603,0.6918556626013288,265.8289920122992
0.8108657116243759,0.031478649913083044,1.9438123098174829,9.2144874897987,9.039807229271666,0.0,0.2985932766772017,198.78961620777167,0.0,0.2890151153575567,223.1908353223037,0.22896004978353135,1.2674120204643964,235.62591811088248,0.06196778342279785,5.5917564818734204,190.42509460225673,0.6591540104839251,3.3706873162411797,207.9109915619513,-0.34967585844382243,0.3301975035084432,0.5939725250558705,-0.2930359078362449,-0.3829750688493709,-0.6798348525416682,0.3970374682242909,0.5287177303339874,-0.6121245885313842,-0.5221079922079509,0.6798348525416682,0.19001636873805086,190.42509460225673
0.7365165320560262,0.10693680682891848,1.6337087320930923,-4.191124651409393,-8.85728924537641,0.8453546124622542,0.11329438959672898,346.0671323030027,0.9691336644850699,0.05061537450733431,310.26748524531195,0.8768716013364088,0.5064755642830313,332.9197442961182,0.9886892054885605,0.6140248233700736,309.20984231944857,0.8362388775992025,2.336386971378369,335.59004669324366,0.25514553632180287,0.2026015832031619,0.4143489227497675,0.054135701446297396,-0.05859309649103713,0.4816434799792656,-0.07851054694417842,-0.04098075762126632,-0.4592806235345209,0.04890889562431868,0.4816434799792656,0.9032575922742992,309.20984231944857
0.053545766240143296,0.5969665937901169,4.388162756444781,4.789668416597122,8.019479520691235,0.9639635220387945,0.05469039845292203,215.84485406843513,0.8704899283080143,0.1036792125763825,332.12907450955134,0.43692214573093036,1.0830876525288995,319.20286446554485,0.9584815693634908,1.1764130600616605,247.19224273482928,0.22457092074373175,5.084057038941336,242.78988428024851,0.2255630421547412,-0.013712699765199165,-0.6719745246265652,-0.07669528748139319,-0.014539941884823318,-0.47103136736158036,-0.1468272637797129,-0.03182666252959735,-0.04192577829621549,0.039112806776677236,0.6719745246265652,0.6908856172369924,215.84485406843513
0.27121041187546596,0.803845243825582,0.4747734504903507,-7.016898643764704,5.813395355679958,0.9663677021043908,0.05283457141021898,311.91320210678236,0.9264221855216824,0.07814718886587359,321.15700033011984,0.9826659891361282,0.19003295144018112,371.5429567178053,0.9692111021080959,1.0130629775077176,387.4520467827717,0.9255933263394377,1.574872202863482,336.95408369005435,0.17260460318542717,0.2613959905890504,0.3815665544257972,0.7592994375011504,0.30962999475149916,-0.004787855582339148,0.21075846562489542,-0.16774810331933826,0.6421517319185283,-0.02079318768762595,0.7592994375011504,0.9540520610419468,311.91320210678236
0.08941941082130217,0.20938505878675878,0.8107618275373906,9.006164724530457,0.47881496447045535,0.9567200152421533,0.05993540824556766,331.71230973111705,0.9881144594180806,0.03140865852191352,313.8531978295582,0.3697462808082427,1.1458745924617992,241.4384336569688,0.9542996369886412,1.234238807408015,258.1468543413688,0.41471487028543386,4.416956454824846,222.82266693195746,-0.16032986249455042,-0.25963947751014926,-0.3579889189319364,-0.26330691820933483,0.01649452463250345,0.2547886920681017,-0.03774113524044008,-0.2467515801275649,0.2733518762097207,-0.24819751418080124,0.3579889189319364,0.7367190525485103,222.82266693195746
0.9510484517121819,0.5219877654585149,1.3668567893618209,0.09384608188018895,-8.216545999984488,0.8716069050762709,0.10323114683257095,349.1217321024004,0.881717348211832,0.09908329589778764,343.48294207161183,0.9238669068189544,0.398259476715677,305.5977345509729,0.9963423561215848,0.34917253989086483,384.795089741809,0.880863831653259,1.9927884010998342,333.13838891421807,0.16770353777359365,-0.07570900866000503,0.11717525488301071,0.047594759406308994,-0.20226417741392286,-0.2926255867513159,0.21702427929582419,-0.24311439242816094,-0.7464777620768093,-0.06242688873869261,0.7464777620768093,0.9108794695763803,305.5977345509729
0.8805599652413154,0.7083632216502156,2.879371421536316,1.1925174887647643,3.9113171602345354,0.8694285663017705,0.10410318208760136,265.3521844560038,0.8066665518185571,0.1266757302862016,329.47424143493646,0.38503074939442916,1.131894844392184,300.99385293954066,0.9972607149528023,0.30217462099464343,320.1415542251131,0.3172803559996016,4.7704634435953865,249.05117214267955,0.19348544439120033,-0.033166203172977894,-0.26419800811550714,-0.04115589382011013,-0.002856543976425365,-0.4274786520568775,0.025568240235870267,0.2802988111407823,-0.16113434394302711,-0.3575066544885592,0.4274786520568775,0.6751333876934321,249.05117214267955
0.26395372836471187,0.8206824434951119,3.860037764174397,6.350432087409729,-7.2183442011648395,0.7182808612029405,0.15291429765242864,280.52494886630313,0.8508516738245098,0.11126257586751445,312.3168811691014,0.2890329684005649,1.2170379270310998,283.5648078984112,0.9389133751508966,1.426962097710885,290.6663782848103,0.1523722643023676,5.315473436730518,264.4381472807989,0.03447992495711279,-0.05177117625724216,-0.7542789546318415,-0.16649350867956103,0.044445840657980594,-0.2829561943149474,0.13174755000167623,-0.05719147089675334,0.09892674545208333,0.028712930546409773,0.7542789546318415,0.589890228576256,264.4381472807989
0.0775715942671628,0.46191064374102936,4.344736096007294,-4.514491586624423,-3.052492103184573,0.9843272035179466,0.036067261225049135,329.06562061570645,0.8796658126038829,0.0999388696417641,350.4877740863068,0.42116876864336217,1.098134053137258,289.7446809234492,0.9852965511054761,0.7000821117203312,384.9935896715032,0.23414394547179895,5.0525770801582075,294.5022856816759,0.2532337968066383,-0.11398041590470283,0.5803061806011183,0.28727013033684023,0.021500277249475133,0.3013597918874797,-0.06670836778772868,-0.026702170614243802,-0.01463250731791837,0.23628165819027458,0.5803061806011183,0.7009204562684934,289.7446809234492
0.8519049396409228,0.838023383376752,0.6686993759529472,0.3613917018262196,7.415805905502509,0.15385544925542716,0.26500996162405505,191.6507722730924,0.6531066066525918,0.16968284320745572,272.84344606652303,0.9671310943312629,0.26168088736067247,258.94223126006756,0.8561909735312445,2.1894369631540394,204.62609002049422,0.9283132396805636,1.5458197428272638,278.9143040970718,0.27406525530816633,0.24364143967457633,-0.6243182792241223,-0.25951597881644206,-0.19337942242426354,-0.45724503217742163,-0.0493742285656634,-0.24448512850803653,0.5505898726435877,0.22613923003291408,0.6243182792241223,0.711719472690218,191.6507722730924
0.09165484676500897,0.7585309444326652,2.5352320487327957,-0.0667275516656467,-9.804229603267288,0.9771740450307869,0.04352656511943423,346.54739826493557,0.7834475620234149,0.13406686591474629,280.2436736891288,0.8333842026499196,0.5891657190293188,341.1805744561612,0.9834453733598452,0.7428464767400875,332.3654048285483,0.827530971458062,2.39770048547866,314.0007569274072,0.4594663383480344,0.14607372095579949,-0.03240675134465885,-0.010609335757235041,-0.057771859888161685,0.20377763164765264,-0.03149019958714274,0.09182265667690935,-0.6597092428106861,-0.013790568533688596,0.6597092428106861,0.8809964309044057,280.2436736891288
0.14016715381654068,0.5182170781200602,0.19733090336864123,9.681771236777806,-3.5361429053599016,0.8252417098250194,0.12043669016245333,268.31975611336406,0.9352240640399689,0.0733241043358951,323.49463038479695,0.4852914851051372,1.0355237351364595,213.18697191479708,0.929296157989232,1.535185569790267,229.40508783218309,0.6527214698300179,3.4023449274972215,247.28139041267602,-0.16548592973270315,-0.497994739508676,-0.7263801356555136,-0.4326992157455338,0.07438818073535558,-0.038064904913790075,-0.13770536186932525,0.34808114352183644,0.3480999052392056,0.2291207167818489,0.7263801356555136,0.7655549773578751,213.18697191479708
0.31421066631375927,0.29560051392556524,0.43720174547161983,7.624999011553079,4.430287902245274,0.7682793868715001,0.13868268864523023,292.0870696170934,0.8454480019292455,0.11326017551286646,295.55576728078563,0.05443610944953681,1.403540085633514,224.10358102588037,0.879403593865271,2.004963891069105,266.20836326115375,0.2542468577883624,4.985823710654164,265.84555758830874,0.18620225460439693,-0.18681043293655564,-0.27466615784334025,0.0700321326280961,-0.4022409735118421,-0.47245012364653755,0.31807984462621797,0.5331736088723767,-0.4303107634221231,-0.38283641196017215,0.5331736088723767,0.5603627899807833,224.10358102588037
0.4958243675593145,0.11905051278515397,4.181790399111398,5.150122484833556,4.885753469651446,0.7232147364936812,0.15156935420057369,288.1397581650441,0.9767543894797938,0.043924861089296136,301.3327733526246,0.1893243339129551,1.2995797927335373,274.56551886259246,0.9608678661831909,1.1421052756030436,298.98627152758627,0.16087729003742268,5.288738696395633,240.1575269448133,-0.25043487334094083,0.026450546213878885,0.32815325177449395,-0.010020977122408044,-0.029119872552532074,-0.1295983541903293,-0.007766739783660822,-0.21947712418412396,0.22473848815102887,-0.43640418132411035,0.43640418132411035,0.6022077232214087,240.1575269448133
0.9048172238496541,0.4895284438831226,4.4313192930770215,-3.166222534424982,-1.1269436640001178,0.8586498158199712,0.10831487618822472,364.6954287958607,0.9522378950200001,0.06296245416152113,297.50081369913835,0.3678423793006702,1.147604044574436,304.86051684721514,0.9935027943099013,0.4653746050261973,354.42905040704835,0.45811628834099916,4.250034163231322,337.5255660670466,0.04614902012021813,0.23197527474256927,0.4439681625846911,0.24370085102145683,-0.1764567555609239,0.08490533609607262,-0.007067329754655,0.21259337189862126,0.17781712545899367,0.32896260556520335,0.4439681625846911,0.7260698345583083,297.50081369913835
0.8637352775814332,0.16016142057267824,2.6281047981400625,4.993836433086411,-5.510970493878297,0.8603549951759777,0.10765956505916596,274.02826930414017,0.9657549024146707,0.05331373664089646,286.5950884473974,0.33064649713298355,1.1808837640963163,252.0501951251193,0.9521922920380101,1.2623748513811817,276.42725472258854,0.48980282249003226,4.123902591437581,255.705741455319,-0.13791930443191394,0.020830663429455956,0.16085453469809108,-0.016841173056434643,-0.4116065918912838,-0.42663263890626535,0.2800154138462963,0.5300233141778683,-0.2728008125655629,-0.4322561773101322,0.5300233141778683,0.7197503018503348,252.0501951251193
0.30053341718165527,0.9178444142664905,2.95989870598632,8.243452954549944,1.3423688771635067,0.27282250795867835,0.2456745290662568,189.5504407218215,0.7996440003585983,0.12895586359514466,235.29461409559934,0.0,1.5532602219867884,180.56945855077612,0.9267234023479868,1.562866998521342,236.4243548873764,0.3498035328137443,4.655450093479168,251.8542569397251,-0.3748674628078469,0.2591856355068239,-0.34449596342470623,0.08722383839449262,-0.08905510323329992,-0.07960300774309458,-0.02376727151044776,-0.25753697872384607,0.19620177951861248,-0.19751838998515522,0.3748674628078469,0.46979868869580155,180.56945855077612
0.19424200263776775,0.4143604562399754,1.1650939608010682,7.847000228516794,-8.75652482092591,0.9549004564118411,0.061182327113296305,312.19234737046037,0.9809293838017359,0.039785267390429695,380.21643538429583,0.9588654464643701,0.292740476416505,337.9235216657344,0.9481768683281424,1.3143202510785768,348.10975288473963,0.9259484199733541,1.5711097991191436,363.4666704573207,-0.1892656875312172,-0.24518029089299853,-0.6140554460748454,-0.1753772759628537,0.18127815332954775,0.06835319100024922,-0.10154769107590927,-0.20685996450568225,-0.47832473059881236,-0.049746754667372314,0.6140554460748454,0.9537641149958886,312.19234737046037
0.6251212623313768,0.05886000216060533,0.02690613848743063,4.444104491845735,5.172046317809206,0.32863676263144714,0.23605798543861142,258.5755802136187,0.9301965575372676,0.07611641736327943,217.45498076612677,0.0,1.544571071771752,204.33270725545697,0.8546291982684999,2.2012935722093054,229.89763773466754,0.14277152494594336,5.345491792323873,210.75758275575262,0.0056515604119725844,-0.038490502553295974,-0.11897928874952385,0.13521749079444947,-0.3420610111313962,-0.21012750282058895,0.2584371430671007,0.32730484037995583,-0.45947944499930754,-0.3101981681211162,0.45947944499930754,0.4512468086766316,204.33270725545697
0.4186851219420289,0.9355818308380639,4.609298980766699,-2.9047505897435277,-2.9574864443971904,0.9141192627715469,0.08442825248028071,269.72933013608247,0.9685387931582337,0.05110078918114236,260.9368601883597,0.0,1.5648692853837796,196.74101571282327,0.9942832654093434,0.4365292884659102,243.01555541269596,0.15133482304771573,5.318725339002082,226.71919281447154,0.024938158146374016,-0.2509623364919558,0.5097646827685531,0.19643488773103362,0.0310274012040671,0.10385992279901923,-0.0658134869012253,-0.07149190978008815,0.34196712949599295,-0.001887045692740101,0.5097646827685531,0.6056552288773679,196.74101571282327
0.16288561638131024,0.8455129484843252,0.36571283272720273,-1.765526234398516,-2.2218287993531476,0.8937044318159093,0.09392852384199166,280.82303101842876,0.8555645905038761,0.1094905801122397,289.5288426444677,0.25340505695944593,1.2471592245316907,205.39386048112547,0.9869670859948301,0.659113394522518,311.1918681954227,0.8078896061379001,2.5305493070484384,233.50289381259316,-0.2109278853292941,0.6116557366165157,0.6150304282388644,0.0355007717496148,-0.378091784713829,-0.1022216690659652,0.1186174306085359,0.36936436529084044,-0.45875780210704864,0.05235715888968938,0.6150304282388644,0.7595061542823924,205.39386048112547
0.21280149971435305,0.30275604456773425,3.2664384293345705,-3.8877822920610097,2.029773674635557,0.8555487678646366,0.10949657719602872,265.4797214187396,0.9659124451773923,0.05319096175850478,338.7178045964725,0.4250419914310293,1.0944538293225023,306.6007511021757,0.9808124077887875,0.7997414626242765,247.88100090870336,0.26810977672499947,4.939265206063889,293.6912404818129,0.625068342469747,-0.05257674596173574,0.7490037210048744,0.30278327738154304,-0.032544322168735706,0.411540423276285,0.18700825008365646,0.03205487457076657,0.04383953628865674,0.24983090325594004,0.7490037210048744,0.699085077797369,247.88100090870336
0.7874249161392983,0.4221121695570882,4.034802495096869,2.967745644193281,1.9919697400905871,0.8898927143690156,0.09559781069564431,298.54889370212703,0.9409682837309881,0.069997515152802,329.17666254402087,0.3327243238261758,1.1790494725394127,253.5350298708262,0.9893668960266809,0.5953459491007189,304.42182085592196,0.24842521420149144,5.005246533383774,283.00428066413707,0.11581115493468992,0.1539826249609439,-0.2638907604355586,0.08480142236871821,0.10600581564928362,-0.5400825929345349,0.13097658368552856,-0.2733855598468963,0.07743982148473362,-0.30185361958538115,0.5400825929345349,0.6802754864308703,253.5350298708262
0.028131788757620475,0.015379112535760773,1.510653781124893,-5.446787897173068,-1.7175289144355421,0.8492678089700918,0.11185178630467224,281.09410061658815,0.9872984228509671,0.03246898731449413,274.61752868215746,0.4216578812125442,1.0976699932769107,307.4159448712756,0.9058602188428463,1.771438033135356,254.5777815357097,0.2879528132831852,4.87184833753,254.01237101923994,0.7641590356580116,-0.05963395961082789,0.6505796280300593,0.21648232085208316,0.04753155902299078,0.6952898974165638,0.14079032481258438,0.016598085620703498,-0.03277611112917917,0.08408269405882973,0.7641590356580116,0.6904074290319269,254.01237101923994
0.8712124780621825,0.7446027441963418,1.1137142185864286,-4.926583525853524,2.4128120354598757,0.9531678288917438,0.062346497998756696,275.35835561540193,0.9612131418055686,0.05673907083386665,276.37641981426805,0.19829383797792788,1.2923703690812929,249.3649544721728,0.9488969846080949,1.3051566367286478,256.7550275156524,0.1645287391712521,5.277219156679485,270.9615777688314,0.2176636028727773,-0.05936348619044032,0.008239855368763425,-0.012024764964164745,-0.14164863910741682,-0.5418035798096626,-0.10010676080416621,0.0075617987785334285,0.18286451745395108,0.09370178137429186,0.5418035798096626,0.6452201064909174,249.3649544721728
0.009608668858222733,0.7154828841356281,1.759955791195745,3.5603591545574194,-5.721203164140002,0.9710534447760469,0.04901605586376614,324.6987296821006,0.7919402498969619,0.13141167608626791,383.71538338154716,0.9544454183038467,0.30806716562083153,335.95653194948807,0.9697843426036368,1.003587853592686,332.1537450771029,0.8978534314130369,1.8452332154948436,307.78176406734104,0.4617390996497949,-0.0904839975583777,-0.529267064568667,-0.014352851243413125,-0.12170294065273653,-0.33478288139936974,-0.02497131657934817,0.034302917489872395,-0.793052992288249,-0.028961940871967125,0.793052992288249,0.9170153773987056,307.78176406734104
0.9810847539069488,0.09606815590260011,3.837330832308041,-2.5267950223362163,8.243220358178718,0.9656895188858197,0.05336460783425663,290.2307132150654,0.992409964485132,0.025099312296273903,352.85193897996487,0.22487176169560275,1.2707676799743903,301.06421607198774,0.9943449485253429,0.43416784291550514,340.1947829666749,0.3240369237649623,4.746799189050231,243.4552829908912,0.16277517085194937,-0.07318755384902294,0.24456331958601765,0.018198665482981862,0.015596159447362283,0.24510362170910602,0.08683605073728862,0.13838541095593757,-0.061217547946494304,-0.07765954567115017,0.24510362170910602,0.7002706234713719,243.4552829908912
0.2864915680408163,0.06439347414763193,2.673966379876423,-8.349037625665769,6.524728105303833,0.9738435490231162,0.04659392825141866,305.87825150836596,0.9973891552549249,0.014720767103748972,301.9937802159145,0.3752084755929329,1.1408983342881127,268.02488133941563,0.9694520245128234,1.009091596225314,291.83103667720655,0.31817189267719026,4.767347645958599,300.1857369989997,0.6667963686306532,-0.18027104253661988,0.547348337119364,0.1584426733053834,-0.056388690361513866,0.6511732410117189,-0.00697287683144633,-0.038916194717912966,-0.1319052547988342,0.025665517341590015,0.6667963686306532,0.7268130194121976,268.02488133941563
0.642771260892284,0.384238159740622,3.513268945403242,7.3756334990742936,5.428485571175488,0.6107753585703578,0.1797380732627549,261.71543979805915,0.6967312064152135,0.1586550060891088,252.83935751503944,0.11892604350306857,1.3548323670114841,224.2547817793165,0.9444735084484666,1.3604716284133898,238.15759462859018,0.4168278452591244,4.408976278536306,286.91991742524505,0.397389607582422,-0.307891169137441,-0.6431742729256537,0.1291982210569027,-0.5856149064227937,-0.6572525822450025,0.3314387846559353,0.4656233645474938,-0.24998193583381165,-0.3039491664862493,0.6572525822450025,0.5575467924392462,224.2547817793165
0.1276990480544669,0.126255372208605,3.138371502973556,7.182458197617844,7.068427342991896,0.876658456577482,0.10117998427513618,217.41315934923125,0.9809226869155797,0.039792252325185684,267.52569572973863,0.23287176932306464,1.2641929496363609,239.7033408484826,0.9276681595363984,1.5527592694254706,247.9265140230136,0.12372611344988715,5.404547118091434,303.3625358454543,-0.0720884692417875,0.0015765029842019012,-0.4688390448045067,-0.0923951350242802,0.07603785020692257,0.2667302998676346,0.0035237357674859906,-0.04542479764984507,0.03202973119265749,-0.138331611050221,0.4688390448045067,0.6283694371604824,217.41315934923125
0.1585384449652611,0.5565879851009188,3.9161170663193574,-9.907086957966001,-0.9796733094723074,0.9925578837450906,0.024853533548831724,361.8131294968085,0.8900574624201483,0.09552626480000262,317.56084359029614,0.3587814474657226,1.1557992838059779,263.2390640065011,0.9913661271672758,0.5364659924830327,303.726985567123,0.19449645444171448,5.181709967305792,238.67878525946008,0.11035654533731006,-0.181003493879731,0.06265680801281603,0.38132167679643386,-0.029582487167515586,0.0400258436477101,-0.1056789834712454,-0.040289312442521624,-0.08877261695604276,0.10077034882021801,0.38132167679643386,0.6854518750479903,238.67878525946008
0.3698261188811124,0.7896238846077458,4.222240097883659,4.337112003959147,2.9204843612350118,0.8001873563200808,0.12878088378966754,270.86976328442364,0.8937031498145293,0.09392909026322711,328.9615274622939,0.25870514353630514,1.2427245407971006,275.39557682758664,0.9171952516605091,1.6613724079757173,250.00995152758196,0.19040639691725092,5.1948487404439065,286.39729683819576,0.10622997681191482,-0.061131005558523493,-0.7522310439929549,-0.2554906708127813,0.11969839829296952,-0.30212539281974193,0.0829392097202452,-0.07038048949163879,0.08374521641509107,0.09684601816032853,0.7522310439929549,0.6120394596497349,250.00995152758196
0.43535078480524303,0.19593553161647817,2.3457777839430056,0.5233360354445171,-7.16871499031955,0.7840492841587929,0.13388047429850305,342.3642721853615,0.9776642926704862,0.043056604064712595,377.74814512918095,0.49256829026268556,1.0281777060829864,268.57841216592516,0.9948967598848546,0.41244151565789205,360.7849880052783,0.562994580677548,3.8166539417071075,352.90909157118,0.5049465063905444,-0.05143296842337776,-0.14596450904355204,-0.07317305857692498,0.005790528611776749,-0.30289550786870795,-0.03655552498635287,-0.3618214147035993,0.06126788979541604,-0.2256323590436672,0.5049465063905444,0.7624346415308735,268.57841216592516
0.3983683383757744,0.6503373229313523,2.1900112174169974,-5.629687797984012,0.9942000993591051,0.9405631172415557,0.07023731971854512,346.1304760622881,0.9462589426765835,0.06678716696738485,337.2205695874906,0.24905094890003232,1.2507906258809265,303.61395641336514,0.968406035012866,1.0262222791568099,326.7276843986467,0.20174917943990023,5.158329253288962,286.3267005814884,0.06264070415045092,-0.3335385743471321,0.6020366897773467,0.38530671188004817,0.009199830868553206,-0.07663283789691334,-0.009277476022793182,-0.12846995676220552,-0.13121819866067475,0.2281259522276543,0.6020366897773467,0.6612056446541875,286.3267005814884
0.5828362360730011,0.6713298716033428,3.4273051558961853,1.97204060037447,-8.41883546957753,0.7810432525535124,0.1348090613558338,330.5177059890424,0.7913499895674422,0.131597949892488,308.23798921081783,0.23420508522709182,1.2630938494203663,249.93102926138977,0.993627526068016,0.46088588363368527,270.87545296383746,0.4825049517356148,4.153292060780963,318.75688778843477,0.10294741024452368,-0.02608049504792365,-0.2791442297437911,-0.06869906728557718,0.06324127801464031,-0.3839216646544997,-0.07958811586300633,-0.48709043178388933,0.10326054045785905,-0.30956337849054155,0.48709043178388933,0.6565461610303355,249.93102926138977
0.222974284353948,0.6926507226567242,2.923196598202618,-7.937219273021089,-4.602460537177721,0.9880997870985143,0.03142803903460964,371.4878489917677,0.9282238618331236,0.07718447637465797,278.57593080219357,0.2888512156180735,1.2171934798799848,290.8008883597883,0.9767025065054772,0.8812395341132245,345.85797367634007,0.3864774344297184,4.522250787569842,326.81729920548287,0.13593144563454074,0.4752010609342215,0.3340728154250689,0.4326399932718668,-0.17672918767015733,0.003466839895325175,-0.08024858802832885,0.29839282310123116,0.19858589536825064,0.2795757901161968,0.4752010609342215,0.7136709610969814,278.57593080219357
0.9433873167634128,0.6304708854112909,2.5573298463365917,-6.545398922857377,-4.260302417829576,0.9707530030130399,0.04926977266962656,288.447169254884,0.9343387877128988,0.07382345499162286,347.0471424379115,0.3298229511033882,1.1816099970807943,275.6274047677204,0.9834514859197078,0.7427093213429743,321.56910850165406,0.17519871424461653,5.243412647488858,276.58629842206886,0.05677417775681809,-0.006971283999328428,0.1447532564501655,0.052864940618338296,-0.11781238677806323,-0.26475331930922286,-0.08442982226212416,0.05417224915326959,0.15489950791562465,0.14617263188708216,0.26475331930922286,0.6787129883987302,275.6274047677204
0.8363067646334039,0.08253869836353853,3.610935298228424,0.977882317800777,-3.6211794807501505,0.784863270222154,0.13362791730699272,264.93113807269657,0.9940209271404469,0.0222770069885341,348.63809603031586,0.4406587712140927,1.0794879464993146,265.067737511723,0.9959473084560727,0.36754553205135065,332.1638764546425,0.2826823973460033,4.889845269037991,338.0424255549268,0.1577119088258282,0.03904125866179241,-0.08726809964603764,-0.0673997269113381,0.06913034629053665,-0.27313587287059166,-0.054479774795922406,-0.03709115608754804,-0.004806909934340226,-0.2793834687209161,0.2793834687209161,0.699634534875754,264.93113807269657
0.40111236470673806,0.1829143581769383,2.0581551710169532,-9.483161480434122,1.1458482497364404,0.9746720670174812,0.045850047766533314,311.47932390929043,0.9879231785297307,0.03166038862110688,352.4030283022009,0.3367879801845136,1.1754538306326328,271.6240929804935,0.9904842815057475,0.563196783083038,326.69954356180835,0.27848858788486486,4.904118718367026,296.29658993337847,0.24104107988693524,-0.09654330433401843,0.3800539063135357,0.1812479577514889,0.04173082362416298,0.2251433905038007,-0.04134718065822241,-0.06161162519623862,-0.031113395397484436,0.0536747709749812,0.3800539063135357,0.7136712190244676,271.6240929804935
0.6979479934071019,0.978679096149263,4.545477963650794,-7.663242830364808,9.673667120175587,0.9144847629514461,0.08424840164720629,289.99443060929036,0.9944084465657204,0.021542998837124686,282.14832169917645,0.11106891419645581,1.3608599347804746,246.2436045954704,0.9479651200268224,1.31700265721293,270.9669979965962,0.18947429760101753,5.197838340435322,240.40622450868682,0.10745594748041037,-0.3030426366571421,0.05265798295622755,0.21610985234321478,0.12245510745449192,-0.17667664018901677,-0.05734885798799089,-0.04684867417820339,-0.16910162078786395,0.09245467621517105,0.3030426366571421,0.6314803082682923,240.40622450868682
0.7470965359807494,0.9276916000584429,0.12173819467594056,6.481263599106729,-3.3410330757252673,0.7992319435927094,0.1290884022849868,274.57463453529874,0.8034972275138001,0.1277098101841779,276.5675380508981,0.22138701384178883,1.2736209749488294,220.49154563925248,0.9249898875587226,1.5812454209818012,236.01858022397545,0.6990755257370307,3.1671463194436797,227.5388449616052,-0.1687991186071088,0.42693794777214444,-0.1331573965523426,0.24310472977454836,-0.28451033050881824,0.014931919758511608,-0.08054970613058242,-0.3370050225054609,0.1811255541487361,-0.26496439136560657,0.42693794777214444,0.6896363196488103,220.49154563925248
0.049441191022956875,0.9648772390932232,0.8997285082935649,-3.7568161896682817,3.5526675274004837,0.9651150491505609,0.05380950240264626,346.37789387632864,0.8986446532627823,0.09171983190294589,307.7457208512004,0.8874550794526956,0.484219562258229,312.2500503623929,0.9866151468679569,0.667953419834126,325.18761472898274,0.8523965911743134,2.2181329147557607,288.2663700641192,0.15484627016670188,-0.29757699349227923,0.25002948977769546,-5.1059831793242615e-05,0.18091915104405334,0.11043054984751031,0.13521761513218458,0.014803711701863155,0.8538291311223725,0.14123448861888438,0.8538291311223725,0.9180453039816617,288.2663700641192
0.5522699291722348,0.2680792428501387,1.9575295578538463,-2.1114064304682554,-4.545937141735475,0.646531666448285,0.17128336027638585,323.51253316146784,0.9735676034486713,0.04683906195216903,372.65495675626386,0.43454185903529385,1.0853744946683017,297.5403509875214,0.9960510898920867,0.3628089537627818,295.6817283370224,0.4992172287576676,4.085677305100231,306.9135548900551,0.17576486000646643,0.22112042572867197,0.411242628062443,0.1935782161837987,0.042195953803034134,0.03994355302806757,0.010592941865502565,-0.005648494321110848,0.08030661763599029,0.02635766857733391,0.411242628062443,0.7099818895164008,295.6817283370224
0.011700601606880641,0.5895719022759651,1.8478098117106385,6.832403956268923,1.6102284146569303,0.986755894208624,0.033155168456609284,313.70149516842247,0.9332901611686413,0.07441060985918416,324.0633063702507,0.451054886603076,1.0694090203987707,300.80784945002944,0.9210794197715709,1.6219389654405314,354.1850333495219,0.5321912552604526,3.948876400275347,276.01569878838256,0.04012711643272474,0.2818364787122866,-0.7642688583770929,-0.30954801848177155,0.04823572432348794,-0.17512341478814358,-0.05825094156987257,-0.24048993037464947,-0.08539484666287013,0.20380140388931708,0.7642688583770929,0.764874323402473,276.01569878838256
0.793570702270251,0.43887326168052965,0.05168840439284092,-3.445381869810177,1.5916771652276207,0.804903607624176,0.12725197679927877,292.6660553207781,0.9303608400026695,0.07602679457159667,292.02246915879647,0.29748079000676064,1.2097858023162265,261.7874127340128,0.9936750642743413,0.45916357744848635,310.10841818324,0.2692501259760066,4.935415801544295,342.0142772135451,0.12720580106792045,0.15447544829915125,0.6343787937839123,0.21176262594508605,-0.05256127630346854,0.1401576016846671,-0.02981034453255303,0.17180580264254913,0.18842723373191664,0.2793036356946477,0.6343787937839123,0.6591340855767908,261.7874127340128
0.9349657009914821,0.2780351136614433,3.0941448217049943,-5.026818921974553,4.0727183315784465,0.933576037068816,0.07425100042833933,316.9326647188063,0.9884051064131107,0.031022250606239726,330.4227384281069,0.36978976961094623,1.145835057928145,261.77213299693716,0.9903284312281706,0.5677901247183227,323.29202400872504,0.20165276794879516,5.158640751371124,274.38318552630653,0.298771031093445,0.05105877396471164,0.36368782642244135,0.07421242343387356,-0.041772907336207844,0.19966209238019714,-0.06440354465512885,0.10582088136648726,0.054528764680875766,0.14829485542779858,0.36368782642244135,0.6967504224539678,261.77213299693716
0.4529951511211326,0.6598775562467111,0.5003812217972081,5.589099937001741,9.476738206014495,0.2761566506252249,0.2451106674121361,283.8389338617104,0.35678165127308237,0.23105700021953546,194.88430522203564,0.9123833587822738,0.427240762572576,230.48791624500817,0.5463352319954418,3.888722018026652,241.16084921185342,0.8961645275790505,1.8604253314851553,256.1338174682893,0.10503346072762386,-0.20574323380090817,-0.07370571639966897,0.2373378289064839,-0.2866735232219026,-0.5377280273666153,0.2891673992596053,0.3555629622899185,-0.16800201053174035,-0.3069513535246857,0.5377280273666153,0.5975642840510147,194.88430522203564
0.33989734149522993,0.6115298513792458,3.0145210857449687,5.297155425961918,-9.488462825413578,0.7676538341027003,0.13886975631215692,327.7643658580568,0.9448562695667553,0.06765314484340536,386.58914086246983,0.2466601931957858,1.2527800807971499,295.9117248241869,0.933046799977887,1.4939120904760204,320.2726450843744,0.19507647029806596,5.179844044312319,297.8875314988033,-0.26627122834727296,0.004032238614292229,-0.43424342450874726,-0.0638174808667767,0.02601754829612655,-0.2283320669980882,0.2985282436319767,-0.002038501184193671,-0.020963911654666174,-0.15837707326857686,0.43424342450874726,0.617458713428239,295.9117248241869
0.5170566399753617,0.8694593287480491,1.4514650987802549,0.77122561340577,3.3954575853732276,0.8659990759463578,0.1054614686197143,330.1248095198899,0.8094516003148594,0.12576001228530434,311.42788195534655,0.38552764378725324,1.131437467167271,312.62154467247024,0.9884746638426382,0.619820838559065,282.20345337461663,0.24893898967615424,5.003535451138012,302.71495263899345,0.03355689560820912,0.13358823082094798,-0.5577700334891892,-0.08419361594080661,-0.049779607406984186,-0.4085104545277436,0.07992382100813693,0.016935480489897313,-0.03281630175215026,-0.18284728496028874,0.5577700334891892,0.6596783947134527,282.20345337461663
0.8946659067408194,0.8547000205601274,3.2423193302403974,-9.660268526502943,-9.115603443161508,0.9586345804748765,0.05859474045559405,330.37202576750104,0.9791744123387144,0.041575602433990784,320.35358847863523,0.23014859291177725,1.2664347982033912,239.90440017565672,0.9657354393954302,1.068715125818068,282.0434171116863,0.24827974292295552,5.005730905928539,274.9711201491399,0.11687145990707673,-0.016831572493866794,0.06853037169928508,0.013952352686640053,0.17021551352191175,-0.5044095594023866,-0.13082933195726767,-0.08762807906068354,-0.1549839862468323,0.16925210623043918,0.5044095594023866,0.6763945536087508,239.90440017565672
0.34129152162360243,0.1486804136193436,4.923363886196713,8.525908058793028,-1.9016705476893883,0.7073128380138717,0.15586254202737737,349.54799388436476,0.9516242620646453,0.06336562454423074,245.26537586333995,0.13981179006210176,1.3386779936579054,232.12656410153178,0.9443453255787765,1.3620410471203805,260.60617119728073,0.1403093711111807,5.353163017907636,243.54897086846327,-0.1101463168358288,0.02144111035567926,-0.055029472798830394,-0.018173718731142645,0.05103284333864085,-0.024224401207278413,-0.0011920405791128476,-0.07299749214900826,0.14007028167671137,-0.22776656500426432,0.22776656500426432,0.5766807173661153,232.12656410153178
0.5658277367804072,0.6050477960797634,2.0258848281528548,-4.213311771391036,7.3148235827253,0.9582734238198058,0.058849976481004984,375.2631208474096,0.947472505983438,0.06602877791190227,365.2336616253816,0.33174111035784204,1.179917802259051,309.5208397688984,0.9725381918171436,0.9567620425660767,330.0293323628559,0.19796076643013527,5.170555204133836,327.35261430859,0.049893773509276915,-0.18673724717414805,0.5492021881704809,0.3480357020626587,0.013686370015298148,-0.00876186123464902,0.02257794716451171,-0.022128175258282125,-0.08078562703010243,0.15066352490846244,0.5492021881704809,0.681597199681673,309.5208397688984
0.7030671783412102,0.5456295259274602,3.352440266999808,9.976398819575898,-2.630656863324898,0.6632572701410311,0.16718181368160545,268.8956317414024,0.7886844233131148,0.13243588374582257,290.9622753236368,0.12765554758020203,1.3481039558856651,250.57332368936378,0.9233902115368973,1.5980174014812096,267.8298808123449,0.25122112678102604,4.995927919212386,270.3134816749283,-0.10132683765978241,-0.15350196438395755,0.24892581101005198,0.2773437110057291,-0.11225664414668132,-0.2878299610348947,0.0814451337496713,0.02048772276431138,-0.12143399611741137,0.0187169309649839,0.2878299610348947,0.5508417158704543,250.57332368936378
0.0667803445679016,0.17846806730356432,4.67058468757955,1.6891927712921895,-8.007211966855472,0.8925454993419324,0.0944391834610322,193.49173209084807,0.9381797247876351,0.07163172097182006,213.80369409082965,0.13760166848122624,1.3403966542274388,249.60182259661144,0.856597918180311,2.186336980885984,198.70243984639316,0.3312632880996369,4.721358250547411,269.67569703111985,0.719039309818103,0.1559201760251052,-0.7574898150195414,-0.14335627676415877,0.20320803443678637,-0.6011293001890383,-0.182882768034551,-0.20832776337128373,-0.04499551268073645,0.07806786847739804,0.7574898150195414,0.6312376197781483,193.49173209084807
0.25940474535936014,0.07953204363945801,0.5531086772512508,-5.29170961635971,-7.925461768140488,0.8906591995080207,0.09526448912248349,331.05719462764654,0.9900938455046977,0.02867427636683428,411.8441832446716,0.9905029619552066,0.1406609253725176,370.37870667157495,0.9687324441399459,1.0209073719009985,394.82947463676305,0.9513030732216708,1.2740607884284694,330.1002621955973,0.5296543257017596,0.23685470040371498,0.47038448697118407,0.11886479076861517,0.11114557580927305,0.2627569998165613,0.008847873339464869,0.11476080620451405,-0.6543713102281639,0.1790536472340219,0.6543713102281639,0.9582583048659084,330.1002621955973
0.5229340182325185,0.3285286458722267,3.167378347173948,-7.579406679779325,-1.27327848996525,0.9408223923629031,0.0700839579343822,296.9058568990441,0.9706880002122776,0.04932449445303569,331.3486054761398,0.15656738916974378,1.3255758267873754,295.3774455167913,0.973877608343532,0.9331379257906814,277.40217048958004,0.1615596725685633,5.2865878328446625,306.36166173669255,0.3925416355101552,0.05170014847050714,0.5935758243058837,0.11411572436170321,-0.020805413500489794,0.1547547858803289,0.02313786241812395,0.007149538650373744,0.1641362553230587,0.08982199475204798,0.5935758243058837,0.6407030125314039,277.40217048958004
0.1052995390516752,0.4457944464121047,1.4070701040044309,-6.872131466890051,8.572049503278137,0.9788680986857414,0.04188024418566065,348.39242700610583,0.8592635379678235,0.10807947659396142,373.28101601596325,0.9713132633435176,0.24446683763039312,345.63175430680377,0.9680216989835856,1.0324453337653343,392.3840774744965,0.9335177405455364,1.4886488219686966,372.0668846019571,0.18998139586393245,-0.4813755779457951,0.5197317812750646,0.11211527414713257,0.06968694624821115,0.2801603778040601,0.03271606714981945,-0.09686409566591771,0.6526241827493792,0.0234082412501885,0.6526241827493792,0.9421968679052408,345.63175430680377
